model,seed,city,fold,week_start_date,weekofyear,actual,prediction,outbreak,abs_error
Median baseline,0,sj,1,2005-04-30,17,4,20,False,16
Median baseline,0,sj,1,2005-05-07,18,2,20,False,18
Median baseline,0,sj,1,2005-05-14,19,6,20,False,14
Median baseline,0,sj,1,2005-05-21,20,3,20,False,17
Median baseline,0,sj,1,2005-05-28,21,4,20,False,16
Median baseline,0,sj,1,2005-06-04,22,10,20,False,10
Median baseline,0,sj,1,2005-06-11,23,12,20,False,8
Median baseline,0,sj,1,2005-06-18,24,21,20,False,1
Median baseline,0,sj,1,2005-06-25,25,26,20,False,6
Median baseline,0,sj,1,2005-07-02,26,21,20,False,1
Median baseline,0,sj,1,2005-07-09,27,30,20,False,10
Median baseline,0,sj,1,2005-07-16,28,45,20,False,25
Median baseline,0,sj,1,2005-07-23,29,56,20,False,36
Median baseline,0,sj,1,2005-07-30,30,75,20,True,55
Median baseline,0,sj,1,2005-08-06,31,83,20,True,63
Median baseline,0,sj,1,2005-08-13,32,82,20,True,62
Median baseline,0,sj,1,2005-08-20,33,126,20,True,106
Median baseline,0,sj,1,2005-08-27,34,119,20,True,99
Median baseline,0,sj,1,2005-09-03,35,137,20,True,117
Median baseline,0,sj,1,2005-09-10,36,131,20,True,111
Median baseline,0,sj,1,2005-09-17,37,112,20,True,92
Median baseline,0,sj,1,2005-09-24,38,82,20,True,62
Median baseline,0,sj,1,2005-10-01,39,73,20,True,53
Median baseline,0,sj,1,2005-10-08,40,43,20,False,23
Median baseline,0,sj,1,2005-10-15,41,55,20,False,35
Median baseline,0,sj,1,2005-10-22,42,55,20,False,35
Median baseline,0,sj,1,2005-10-29,43,53,20,False,33
Median baseline,0,sj,1,2005-11-05,44,46,20,False,26
Median baseline,0,sj,1,2005-11-12,45,43,20,False,23
Median baseline,0,sj,1,2005-11-19,46,29,20,False,9
Median baseline,0,sj,1,2005-11-26,47,22,20,False,2
Median baseline,0,sj,1,2005-12-03,48,26,20,False,6
Median baseline,0,sj,1,2005-12-10,49,13,20,False,7
Median baseline,0,sj,1,2005-12-17,50,17,20,False,3
Median baseline,0,sj,1,2005-12-24,51,8,20,False,12
Median baseline,0,sj,1,2006-01-01,52,13,20,False,7
Median baseline,0,sj,1,2006-01-08,1,10,20,False,10
Median baseline,0,sj,1,2006-01-15,2,17,20,False,3
Median baseline,0,sj,1,2006-01-22,3,19,20,False,1
Median baseline,0,sj,1,2006-01-29,4,9,20,False,11
Median baseline,0,sj,1,2006-02-05,5,9,20,False,11
Median baseline,0,sj,1,2006-02-12,6,9,20,False,11
Median baseline,0,sj,1,2006-02-19,7,3,20,False,17
Median baseline,0,sj,1,2006-02-26,8,7,20,False,13
Median baseline,0,sj,1,2006-03-05,9,7,20,False,13
Median baseline,0,sj,1,2006-03-12,10,0,20,False,20
Median baseline,0,sj,1,2006-03-19,11,2,20,False,18
Median baseline,0,sj,1,2006-03-26,12,3,20,False,17
Median baseline,0,sj,1,2006-04-02,13,3,20,False,17
Median baseline,0,sj,1,2006-04-09,14,1,20,False,19
Median baseline,0,sj,1,2006-04-16,15,3,20,False,17
Median baseline,0,sj,1,2006-04-23,16,3,20,False,17
Median baseline,0,sj,2,2006-04-30,17,3,20,False,17
Median baseline,0,sj,2,2006-05-07,18,7,20,False,13
Median baseline,0,sj,2,2006-05-14,19,3,20,False,17
Median baseline,0,sj,2,2006-05-21,20,5,20,False,15
Median baseline,0,sj,2,2006-05-28,21,11,20,False,9
Median baseline,0,sj,2,2006-06-04,22,5,20,False,15
Median baseline,0,sj,2,2006-06-11,23,5,20,False,15
Median baseline,0,sj,2,2006-06-18,24,6,20,False,14
Median baseline,0,sj,2,2006-06-25,25,6,20,False,14
Median baseline,0,sj,2,2006-07-02,26,4,20,False,16
Median baseline,0,sj,2,2006-07-09,27,4,20,False,16
Median baseline,0,sj,2,2006-07-16,28,8,20,False,12
Median baseline,0,sj,2,2006-07-23,29,14,20,False,6
Median baseline,0,sj,2,2006-07-30,30,12,20,False,8
Median baseline,0,sj,2,2006-08-06,31,16,20,False,4
Median baseline,0,sj,2,2006-08-13,32,10,20,False,10
Median baseline,0,sj,2,2006-08-20,33,16,20,False,4
Median baseline,0,sj,2,2006-08-27,34,18,20,False,2
Median baseline,0,sj,2,2006-09-03,35,15,20,False,5
Median baseline,0,sj,2,2006-09-10,36,23,20,False,3
Median baseline,0,sj,2,2006-09-17,37,17,20,False,3
Median baseline,0,sj,2,2006-09-24,38,33,20,False,13
Median baseline,0,sj,2,2006-10-01,39,15,20,False,5
Median baseline,0,sj,2,2006-10-08,40,13,20,False,7
Median baseline,0,sj,2,2006-10-15,41,11,20,False,9
Median baseline,0,sj,2,2006-10-22,42,14,20,False,6
Median baseline,0,sj,2,2006-10-29,43,17,20,False,3
Median baseline,0,sj,2,2006-11-05,44,19,20,False,1
Median baseline,0,sj,2,2006-11-12,45,20,20,False,0
Median baseline,0,sj,2,2006-11-19,46,12,20,False,8
Median baseline,0,sj,2,2006-11-26,47,21,20,False,1
Median baseline,0,sj,2,2006-12-03,48,7,20,False,13
Median baseline,0,sj,2,2006-12-10,49,19,20,False,1
Median baseline,0,sj,2,2006-12-17,50,10,20,False,10
Median baseline,0,sj,2,2006-12-24,51,13,20,False,7
Median baseline,0,sj,2,2007-01-01,1,10,20,False,10
Median baseline,0,sj,2,2007-01-08,2,8,20,False,12
Median baseline,0,sj,2,2007-01-15,3,21,20,False,1
Median baseline,0,sj,2,2007-01-22,4,11,20,False,9
Median baseline,0,sj,2,2007-01-29,5,9,20,False,11
Median baseline,0,sj,2,2007-02-05,6,14,20,False,6
Median baseline,0,sj,2,2007-02-12,7,14,20,False,6
Median baseline,0,sj,2,2007-02-19,8,15,20,False,5
Median baseline,0,sj,2,2007-02-26,9,18,20,False,2
Median baseline,0,sj,2,2007-03-05,10,16,20,False,4
Median baseline,0,sj,2,2007-03-12,11,12,20,False,8
Median baseline,0,sj,2,2007-03-19,12,20,20,False,0
Median baseline,0,sj,2,2007-03-26,13,8,20,False,12
Median baseline,0,sj,2,2007-04-02,14,3,20,False,17
Median baseline,0,sj,2,2007-04-09,15,13,20,False,7
Median baseline,0,sj,2,2007-04-16,16,4,20,False,16
Median baseline,0,sj,2,2007-04-23,17,1,20,False,19
Median baseline,0,sj,3,2007-04-30,18,10,19,False,9
Median baseline,0,sj,3,2007-05-07,19,8,19,False,11
Median baseline,0,sj,3,2007-05-14,20,13,19,False,6
Median baseline,0,sj,3,2007-05-21,21,10,19,False,9
Median baseline,0,sj,3,2007-05-28,22,21,19,False,2
Median baseline,0,sj,3,2007-06-04,23,18,19,False,1
Median baseline,0,sj,3,2007-06-11,24,21,19,False,2
Median baseline,0,sj,3,2007-06-18,25,34,19,False,15
Median baseline,0,sj,3,2007-06-25,26,25,19,False,6
Median baseline,0,sj,3,2007-07-02,27,34,19,False,15
Median baseline,0,sj,3,2007-07-09,28,33,19,False,14
Median baseline,0,sj,3,2007-07-16,29,40,19,False,21
Median baseline,0,sj,3,2007-07-23,30,42,19,False,23
Median baseline,0,sj,3,2007-07-30,31,36,19,False,17
Median baseline,0,sj,3,2007-08-06,32,72,19,True,53
Median baseline,0,sj,3,2007-08-13,33,75,19,True,56
Median baseline,0,sj,3,2007-08-20,34,76,19,True,57
Median baseline,0,sj,3,2007-08-27,35,92,19,True,73
Median baseline,0,sj,3,2007-09-03,36,71,19,True,52
Median baseline,0,sj,3,2007-09-10,37,112,19,True,93
Median baseline,0,sj,3,2007-09-17,38,106,19,True,87
Median baseline,0,sj,3,2007-09-24,39,101,19,True,82
Median baseline,0,sj,3,2007-10-01,40,170,19,True,151
Median baseline,0,sj,3,2007-10-08,41,135,19,True,116
Median baseline,0,sj,3,2007-10-15,42,106,19,True,87
Median baseline,0,sj,3,2007-10-22,43,68,19,False,49
Median baseline,0,sj,3,2007-10-29,44,48,19,False,29
Median baseline,0,sj,3,2007-11-05,45,48,19,False,29
Median baseline,0,sj,3,2007-11-12,46,26,19,False,7
Median baseline,0,sj,3,2007-11-19,47,33,19,False,14
Median baseline,0,sj,3,2007-11-26,48,29,19,False,10
Median baseline,0,sj,3,2007-12-03,49,17,19,False,2
Median baseline,0,sj,3,2007-12-10,50,12,19,False,7
Median baseline,0,sj,3,2007-12-17,51,13,19,False,6
Median baseline,0,sj,3,2007-12-24,52,17,19,False,2
Median baseline,0,sj,3,2008-01-01,1,15,19,False,4
Median baseline,0,sj,3,2008-01-08,2,14,19,False,5
Median baseline,0,sj,3,2008-01-15,3,15,19,False,4
Median baseline,0,sj,3,2008-01-22,4,10,19,False,9
Median baseline,0,sj,3,2008-01-29,5,9,19,False,10
Median baseline,0,sj,3,2008-02-05,6,2,19,False,17
Median baseline,0,sj,3,2008-02-12,7,6,19,False,13
Median baseline,0,sj,3,2008-02-19,8,8,19,False,11
Median baseline,0,sj,3,2008-02-26,9,5,19,False,14
Median baseline,0,sj,3,2008-03-04,10,1,19,False,18
Median baseline,0,sj,3,2008-03-11,11,2,19,False,17
Median baseline,0,sj,3,2008-03-18,12,3,19,False,16
Median baseline,0,sj,3,2008-03-25,13,4,19,False,15
Median baseline,0,sj,3,2008-04-01,14,3,19,False,16
Median baseline,0,sj,3,2008-04-08,15,1,19,False,18
Median baseline,0,sj,3,2008-04-15,16,3,19,False,16
Median baseline,0,sj,3,2008-04-22,17,5,19,False,14
Seasonal median,0,sj,1,2005-04-30,17,4,8,False,4
Seasonal median,0,sj,1,2005-05-07,18,2,8,False,6
Seasonal median,0,sj,1,2005-05-14,19,6,8,False,2
Seasonal median,0,sj,1,2005-05-21,20,3,8,False,5
Seasonal median,0,sj,1,2005-05-28,21,4,7,False,3
Seasonal median,0,sj,1,2005-06-04,22,10,11,False,1
Seasonal median,0,sj,1,2005-06-11,23,12,13,False,1
Seasonal median,0,sj,1,2005-06-18,24,21,11,False,10
Seasonal median,0,sj,1,2005-06-25,25,26,10,False,16
Seasonal median,0,sj,1,2005-07-02,26,21,14,False,7
Seasonal median,0,sj,1,2005-07-09,27,30,10,False,20
Seasonal median,0,sj,1,2005-07-16,28,45,14,False,31
Seasonal median,0,sj,1,2005-07-23,29,56,15,False,41
Seasonal median,0,sj,1,2005-07-30,30,75,17,True,58
Seasonal median,0,sj,1,2005-08-06,31,83,17,True,66
Seasonal median,0,sj,1,2005-08-13,32,82,25,True,57
Seasonal median,0,sj,1,2005-08-20,33,126,23,True,103
Seasonal median,0,sj,1,2005-08-27,34,119,25,True,94
Seasonal median,0,sj,1,2005-09-03,35,137,28,True,109
Seasonal median,0,sj,1,2005-09-10,36,131,40,True,91
Seasonal median,0,sj,1,2005-09-17,37,112,35,True,77
Seasonal median,0,sj,1,2005-09-24,38,82,31,True,51
Seasonal median,0,sj,1,2005-10-01,39,73,34,True,39
Seasonal median,0,sj,1,2005-10-08,40,43,41,False,2
Seasonal median,0,sj,1,2005-10-15,41,55,33,False,22
Seasonal median,0,sj,1,2005-10-22,42,55,43,False,12
Seasonal median,0,sj,1,2005-10-29,43,53,48,False,5
Seasonal median,0,sj,1,2005-11-05,44,46,43,False,3
Seasonal median,0,sj,1,2005-11-12,45,43,44,False,1
Seasonal median,0,sj,1,2005-11-19,46,29,38,False,9
Seasonal median,0,sj,1,2005-11-26,47,22,34,False,12
Seasonal median,0,sj,1,2005-12-03,48,26,40,False,14
Seasonal median,0,sj,1,2005-12-10,49,13,29,False,16
Seasonal median,0,sj,1,2005-12-17,50,17,35,False,18
Seasonal median,0,sj,1,2005-12-24,51,8,25,False,17
Seasonal median,0,sj,1,2006-01-01,52,13,26,False,13
Seasonal median,0,sj,1,2006-01-08,1,10,29,False,19
Seasonal median,0,sj,1,2006-01-15,2,17,23,False,6
Seasonal median,0,sj,1,2006-01-22,3,19,33,False,14
Seasonal median,0,sj,1,2006-01-29,4,9,26,False,17
Seasonal median,0,sj,1,2006-02-05,5,9,30,False,21
Seasonal median,0,sj,1,2006-02-12,6,9,20,False,11
Seasonal median,0,sj,1,2006-02-19,7,3,17,False,14
Seasonal median,0,sj,1,2006-02-26,8,7,17,False,10
Seasonal median,0,sj,1,2006-03-05,9,7,20,False,13
Seasonal median,0,sj,1,2006-03-12,10,0,17,False,17
Seasonal median,0,sj,1,2006-03-19,11,2,12,False,10
Seasonal median,0,sj,1,2006-03-26,12,3,8,False,5
Seasonal median,0,sj,1,2006-04-02,13,3,14,False,11
Seasonal median,0,sj,1,2006-04-09,14,1,8,False,7
Seasonal median,0,sj,1,2006-04-16,15,3,7,False,4
Seasonal median,0,sj,1,2006-04-23,16,3,7,False,4
Seasonal median,0,sj,2,2006-04-30,17,3,7,False,4
Seasonal median,0,sj,2,2006-05-07,18,7,8,False,1
Seasonal median,0,sj,2,2006-05-14,19,3,8,False,5
Seasonal median,0,sj,2,2006-05-21,20,5,8,False,3
Seasonal median,0,sj,2,2006-05-28,21,11,6,False,5
Seasonal median,0,sj,2,2006-06-04,22,5,10,False,5
Seasonal median,0,sj,2,2006-06-11,23,5,12,False,7
Seasonal median,0,sj,2,2006-06-18,24,6,12,False,6
Seasonal median,0,sj,2,2006-06-25,25,6,10,False,4
Seasonal median,0,sj,2,2006-07-02,26,4,16,False,12
Seasonal median,0,sj,2,2006-07-09,27,4,10,False,6
Seasonal median,0,sj,2,2006-07-16,28,8,15,False,7
Seasonal median,0,sj,2,2006-07-23,29,14,16,False,2
Seasonal median,0,sj,2,2006-07-30,30,12,20,False,8
Seasonal median,0,sj,2,2006-08-06,31,16,18,False,2
Seasonal median,0,sj,2,2006-08-13,32,10,25,False,15
Seasonal median,0,sj,2,2006-08-20,33,16,24,False,8
Seasonal median,0,sj,2,2006-08-27,34,18,26,False,8
Seasonal median,0,sj,2,2006-09-03,35,15,28,False,13
Seasonal median,0,sj,2,2006-09-10,36,23,44,False,21
Seasonal median,0,sj,2,2006-09-17,37,17,38,False,21
Seasonal median,0,sj,2,2006-09-24,38,33,36,False,3
Seasonal median,0,sj,2,2006-10-01,39,15,36,False,21
Seasonal median,0,sj,2,2006-10-08,40,13,42,False,29
Seasonal median,0,sj,2,2006-10-15,41,11,34,False,23
Seasonal median,0,sj,2,2006-10-22,42,14,44,False,30
Seasonal median,0,sj,2,2006-10-29,43,17,50,False,33
Seasonal median,0,sj,2,2006-11-05,44,19,44,False,25
Seasonal median,0,sj,2,2006-11-12,45,20,44,False,24
Seasonal median,0,sj,2,2006-11-19,46,12,37,False,25
Seasonal median,0,sj,2,2006-11-26,47,21,32,False,11
Seasonal median,0,sj,2,2006-12-03,48,7,40,False,33
Seasonal median,0,sj,2,2006-12-10,49,19,28,False,9
Seasonal median,0,sj,2,2006-12-17,50,10,31,False,21
Seasonal median,0,sj,2,2006-12-24,51,13,24,False,11
Seasonal median,0,sj,2,2007-01-01,1,10,28,False,18
Seasonal median,0,sj,2,2007-01-08,2,8,22,False,14
Seasonal median,0,sj,2,2007-01-15,3,21,30,False,9
Seasonal median,0,sj,2,2007-01-22,4,11,25,False,14
Seasonal median,0,sj,2,2007-01-29,5,9,26,False,17
Seasonal median,0,sj,2,2007-02-05,6,14,19,False,5
Seasonal median,0,sj,2,2007-02-12,7,14,16,False,2
Seasonal median,0,sj,2,2007-02-19,8,15,16,False,1
Seasonal median,0,sj,2,2007-02-26,9,18,19,False,1
Seasonal median,0,sj,2,2007-03-05,10,16,16,False,0
Seasonal median,0,sj,2,2007-03-12,11,12,12,False,0
Seasonal median,0,sj,2,2007-03-19,12,20,8,False,12
Seasonal median,0,sj,2,2007-03-26,13,8,13,False,5
Seasonal median,0,sj,2,2007-04-02,14,3,8,False,5
Seasonal median,0,sj,2,2007-04-09,15,13,6,False,7
Seasonal median,0,sj,2,2007-04-16,16,4,7,False,3
Seasonal median,0,sj,2,2007-04-23,17,1,7,False,6
Seasonal median,0,sj,3,2007-04-30,18,10,8,False,2
Seasonal median,0,sj,3,2007-05-07,19,8,7,False,1
Seasonal median,0,sj,3,2007-05-14,20,13,7,False,6
Seasonal median,0,sj,3,2007-05-21,21,10,7,False,3
Seasonal median,0,sj,3,2007-05-28,22,21,10,False,11
Seasonal median,0,sj,3,2007-06-04,23,18,12,False,6
Seasonal median,0,sj,3,2007-06-11,24,21,11,False,10
Seasonal median,0,sj,3,2007-06-18,25,34,10,False,24
Seasonal median,0,sj,3,2007-06-25,26,25,14,False,11
Seasonal median,0,sj,3,2007-07-02,27,34,10,False,24
Seasonal median,0,sj,3,2007-07-09,28,33,14,False,19
Seasonal median,0,sj,3,2007-07-16,29,40,15,False,25
Seasonal median,0,sj,3,2007-07-23,30,42,17,False,25
Seasonal median,0,sj,3,2007-07-30,31,36,17,False,19
Seasonal median,0,sj,3,2007-08-06,32,72,25,True,47
Seasonal median,0,sj,3,2007-08-13,33,75,23,True,52
Seasonal median,0,sj,3,2007-08-20,34,76,25,True,51
Seasonal median,0,sj,3,2007-08-27,35,92,28,True,64
Seasonal median,0,sj,3,2007-09-03,36,71,40,True,31
Seasonal median,0,sj,3,2007-09-10,37,112,35,True,77
Seasonal median,0,sj,3,2007-09-17,38,106,33,True,73
Seasonal median,0,sj,3,2007-09-24,39,101,34,True,67
Seasonal median,0,sj,3,2007-10-01,40,170,41,True,129
Seasonal median,0,sj,3,2007-10-08,41,135,33,True,102
Seasonal median,0,sj,3,2007-10-15,42,106,43,True,63
Seasonal median,0,sj,3,2007-10-22,43,68,48,False,20
Seasonal median,0,sj,3,2007-10-29,44,48,43,False,5
Seasonal median,0,sj,3,2007-11-05,45,48,43,False,5
Seasonal median,0,sj,3,2007-11-12,46,26,36,False,10
Seasonal median,0,sj,3,2007-11-19,47,33,31,False,2
Seasonal median,0,sj,3,2007-11-26,48,29,40,False,11
Seasonal median,0,sj,3,2007-12-03,49,17,27,False,10
Seasonal median,0,sj,3,2007-12-10,50,12,27,False,15
Seasonal median,0,sj,3,2007-12-17,51,13,24,False,11
Seasonal median,0,sj,3,2007-12-24,52,17,24,False,7
Seasonal median,0,sj,3,2008-01-01,1,15,28,False,13
Seasonal median,0,sj,3,2008-01-08,2,14,22,False,8
Seasonal median,0,sj,3,2008-01-15,3,15,26,False,11
Seasonal median,0,sj,3,2008-01-22,4,10,24,False,14
Seasonal median,0,sj,3,2008-01-29,5,9,23,False,14
Seasonal median,0,sj,3,2008-02-05,6,2,18,False,16
Seasonal median,0,sj,3,2008-02-12,7,6,16,False,10
Seasonal median,0,sj,3,2008-02-19,8,8,16,False,8
Seasonal median,0,sj,3,2008-02-26,9,5,18,False,13
Seasonal median,0,sj,3,2008-03-04,10,1,16,False,15
Seasonal median,0,sj,3,2008-03-11,11,2,12,False,10
Seasonal median,0,sj,3,2008-03-18,12,3,8,False,5
Seasonal median,0,sj,3,2008-03-25,13,4,12,False,8
Seasonal median,0,sj,3,2008-04-01,14,3,7,False,4
Seasonal median,0,sj,3,2008-04-08,15,1,7,False,6
Seasonal median,0,sj,3,2008-04-15,16,3,7,False,4
Seasonal median,0,sj,3,2008-04-22,17,5,6,False,1
Median baseline,0,iq,1,2007-07-02,27,3,4,False,1
Median baseline,0,iq,1,2007-07-09,28,4,4,False,0
Median baseline,0,iq,1,2007-07-16,29,1,4,False,3
Median baseline,0,iq,1,2007-07-23,30,8,4,False,4
Median baseline,0,iq,1,2007-07-30,31,5,4,False,1
Median baseline,0,iq,1,2007-08-06,32,3,4,False,1
Median baseline,0,iq,1,2007-08-13,33,2,4,False,2
Median baseline,0,iq,1,2007-08-20,34,7,4,False,3
Median baseline,0,iq,1,2007-08-27,35,1,4,False,3
Median baseline,0,iq,1,2007-09-03,36,6,4,False,2
Median baseline,0,iq,1,2007-09-10,37,7,4,False,3
Median baseline,0,iq,1,2007-09-17,38,5,4,False,1
Median baseline,0,iq,1,2007-09-24,39,2,4,False,2
Median baseline,0,iq,1,2007-10-01,40,6,4,False,2
Median baseline,0,iq,1,2007-10-08,41,11,4,False,7
Median baseline,0,iq,1,2007-10-15,42,6,4,False,2
Median baseline,0,iq,1,2007-10-22,43,3,4,False,1
Median baseline,0,iq,1,2007-10-29,44,11,4,False,7
Median baseline,0,iq,1,2007-11-05,45,11,4,False,7
Median baseline,0,iq,1,2007-11-12,46,5,4,False,1
Median baseline,0,iq,1,2007-11-19,47,4,4,False,0
Median baseline,0,iq,1,2007-11-26,48,9,4,False,5
Median baseline,0,iq,1,2007-12-03,49,23,4,True,19
Median baseline,0,iq,1,2007-12-10,50,28,4,True,24
Median baseline,0,iq,1,2007-12-17,51,26,4,True,22
Median baseline,0,iq,1,2007-12-24,52,7,4,False,3
Median baseline,0,iq,1,2008-01-01,1,29,4,True,25
Median baseline,0,iq,1,2008-01-08,2,58,4,True,54
Median baseline,0,iq,1,2008-01-15,3,26,4,True,22
Median baseline,0,iq,1,2008-01-22,4,38,4,True,34
Median baseline,0,iq,1,2008-01-29,5,35,4,True,31
Median baseline,0,iq,1,2008-02-05,6,37,4,True,33
Median baseline,0,iq,1,2008-02-12,7,20,4,True,16
Median baseline,0,iq,1,2008-02-19,8,29,4,True,25
Median baseline,0,iq,1,2008-02-26,9,25,4,True,21
Median baseline,0,iq,1,2008-03-04,10,23,4,True,19
Median baseline,0,iq,1,2008-03-11,11,9,4,False,5
Median baseline,0,iq,1,2008-03-18,12,3,4,False,1
Median baseline,0,iq,1,2008-03-25,13,6,4,False,2
Median baseline,0,iq,1,2008-04-01,14,6,4,False,2
Median baseline,0,iq,1,2008-04-08,15,3,4,False,1
Median baseline,0,iq,1,2008-04-15,16,1,4,False,3
Median baseline,0,iq,1,2008-04-22,17,3,4,False,1
Median baseline,0,iq,1,2008-04-29,18,1,4,False,3
Median baseline,0,iq,1,2008-05-06,19,1,4,False,3
Median baseline,0,iq,1,2008-05-13,20,0,4,False,4
Median baseline,0,iq,1,2008-05-20,21,2,4,False,2
Median baseline,0,iq,1,2008-05-27,22,1,4,False,3
Median baseline,0,iq,1,2008-06-03,23,1,4,False,3
Median baseline,0,iq,1,2008-06-10,24,0,4,False,4
Median baseline,0,iq,1,2008-06-17,25,0,4,False,4
Median baseline,0,iq,1,2008-06-24,26,1,4,False,3
Median baseline,0,iq,2,2008-07-01,27,0,4,False,4
Median baseline,0,iq,2,2008-07-08,28,3,4,False,1
Median baseline,0,iq,2,2008-07-15,29,3,4,False,1
Median baseline,0,iq,2,2008-07-22,30,1,4,False,3
Median baseline,0,iq,2,2008-07-29,31,5,4,False,1
Median baseline,0,iq,2,2008-08-05,32,2,4,False,2
Median baseline,0,iq,2,2008-08-12,33,5,4,False,1
Median baseline,0,iq,2,2008-08-19,34,5,4,False,1
Median baseline,0,iq,2,2008-08-26,35,5,4,False,1
Median baseline,0,iq,2,2008-09-02,36,9,4,False,5
Median baseline,0,iq,2,2008-09-09,37,17,4,False,13
Median baseline,0,iq,2,2008-09-16,38,19,4,True,15
Median baseline,0,iq,2,2008-09-23,39,25,4,True,21
Median baseline,0,iq,2,2008-09-30,40,45,4,True,41
Median baseline,0,iq,2,2008-10-07,41,34,4,True,30
Median baseline,0,iq,2,2008-10-14,42,63,4,True,59
Median baseline,0,iq,2,2008-10-21,43,44,4,True,40
Median baseline,0,iq,2,2008-10-28,44,50,4,True,46
Median baseline,0,iq,2,2008-11-04,45,35,4,True,31
Median baseline,0,iq,2,2008-11-11,46,16,4,False,12
Median baseline,0,iq,2,2008-11-18,47,16,4,False,12
Median baseline,0,iq,2,2008-11-25,48,13,4,False,9
Median baseline,0,iq,2,2008-12-02,49,9,4,False,5
Median baseline,0,iq,2,2008-12-09,50,15,4,False,11
Median baseline,0,iq,2,2008-12-16,51,4,4,False,0
Median baseline,0,iq,2,2008-12-23,52,0,4,False,4
Median baseline,0,iq,2,2009-01-01,1,1,4,False,3
Median baseline,0,iq,2,2009-01-08,2,10,4,False,6
Median baseline,0,iq,2,2009-01-15,3,11,4,False,7
Median baseline,0,iq,2,2009-01-22,4,29,4,True,25
Median baseline,0,iq,2,2009-01-29,5,35,4,True,31
Median baseline,0,iq,2,2009-02-05,6,30,4,True,26
Median baseline,0,iq,2,2009-02-12,7,20,4,True,16
Median baseline,0,iq,2,2009-02-19,8,21,4,True,17
Median baseline,0,iq,2,2009-02-26,9,12,4,False,8
Median baseline,0,iq,2,2009-03-05,10,9,4,False,5
Median baseline,0,iq,2,2009-03-12,11,11,4,False,7
Median baseline,0,iq,2,2009-03-19,12,9,4,False,5
Median baseline,0,iq,2,2009-03-26,13,5,4,False,1
Median baseline,0,iq,2,2009-04-02,14,11,4,False,7
Median baseline,0,iq,2,2009-04-09,15,3,4,False,1
Median baseline,0,iq,2,2009-04-16,16,5,4,False,1
Median baseline,0,iq,2,2009-04-23,17,5,4,False,1
Median baseline,0,iq,2,2009-04-30,18,4,4,False,0
Median baseline,0,iq,2,2009-05-07,19,4,4,False,0
Median baseline,0,iq,2,2009-05-14,20,1,4,False,3
Median baseline,0,iq,2,2009-05-21,21,0,4,False,4
Median baseline,0,iq,2,2009-05-28,22,2,4,False,2
Median baseline,0,iq,2,2009-06-04,23,3,4,False,1
Median baseline,0,iq,2,2009-06-11,24,3,4,False,1
Median baseline,0,iq,2,2009-06-18,25,5,4,False,1
Median baseline,0,iq,2,2009-06-25,26,2,4,False,2
Median baseline,0,iq,3,2009-07-02,27,1,5,False,4
Median baseline,0,iq,3,2009-07-09,28,2,5,False,3
Median baseline,0,iq,3,2009-07-16,29,0,5,False,5
Median baseline,0,iq,3,2009-07-23,30,0,5,False,5
Median baseline,0,iq,3,2009-07-30,31,3,5,False,2
Median baseline,0,iq,3,2009-08-06,32,5,5,False,0
Median baseline,0,iq,3,2009-08-13,33,5,5,False,0
Median baseline,0,iq,3,2009-08-20,34,7,5,False,2
Median baseline,0,iq,3,2009-08-27,35,5,5,False,0
Median baseline,0,iq,3,2009-09-03,36,2,5,False,3
Median baseline,0,iq,3,2009-09-10,37,2,5,False,3
Median baseline,0,iq,3,2009-09-17,38,2,5,False,3
Median baseline,0,iq,3,2009-09-24,39,0,5,False,5
Median baseline,0,iq,3,2009-10-01,40,2,5,False,3
Median baseline,0,iq,3,2009-10-08,41,1,5,False,4
Median baseline,0,iq,3,2009-10-15,42,1,5,False,4
Median baseline,0,iq,3,2009-10-22,43,2,5,False,3
Median baseline,0,iq,3,2009-10-29,44,2,5,False,3
Median baseline,0,iq,3,2009-11-05,45,3,5,False,2
Median baseline,0,iq,3,2009-11-12,46,9,5,False,4
Median baseline,0,iq,3,2009-11-19,47,5,5,False,0
Median baseline,0,iq,3,2009-11-26,48,5,5,False,0
Median baseline,0,iq,3,2009-12-03,49,4,5,False,1
Median baseline,0,iq,3,2009-12-10,50,4,5,False,1
Median baseline,0,iq,3,2009-12-17,51,1,5,False,4
Median baseline,0,iq,3,2009-12-24,52,0,5,False,5
Median baseline,0,iq,3,2010-01-01,53,0,5,False,5
Median baseline,0,iq,3,2010-01-08,1,10,5,False,5
Median baseline,0,iq,3,2010-01-15,2,9,5,False,4
Median baseline,0,iq,3,2010-01-22,3,17,5,False,12
Median baseline,0,iq,3,2010-01-29,4,16,5,False,11
Median baseline,0,iq,3,2010-02-05,5,11,5,False,6
Median baseline,0,iq,3,2010-02-12,6,12,5,False,7
Median baseline,0,iq,3,2010-02-19,7,19,5,False,14
Median baseline,0,iq,3,2010-02-26,8,15,5,False,10
Median baseline,0,iq,3,2010-03-05,9,12,5,False,7
Median baseline,0,iq,3,2010-03-12,10,12,5,False,7
Median baseline,0,iq,3,2010-03-19,11,16,5,False,11
Median baseline,0,iq,3,2010-03-26,12,9,5,False,4
Median baseline,0,iq,3,2010-04-02,13,4,5,False,1
Median baseline,0,iq,3,2010-04-09,14,9,5,False,4
Median baseline,0,iq,3,2010-04-16,15,6,5,False,1
Median baseline,0,iq,3,2010-04-23,16,8,5,False,3
Median baseline,0,iq,3,2010-04-30,17,4,5,False,1
Median baseline,0,iq,3,2010-05-07,18,2,5,False,3
Median baseline,0,iq,3,2010-05-14,19,7,5,False,2
Median baseline,0,iq,3,2010-05-21,20,6,5,False,1
Median baseline,0,iq,3,2010-05-28,21,5,5,False,0
Median baseline,0,iq,3,2010-06-04,22,8,5,False,3
Median baseline,0,iq,3,2010-06-11,23,1,5,False,4
Median baseline,0,iq,3,2010-06-18,24,1,5,False,4
Median baseline,0,iq,3,2010-06-25,25,4,5,False,1
Seasonal median,0,iq,1,2007-07-02,27,3,2,False,1
Seasonal median,0,iq,1,2007-07-09,28,4,3,False,1
Seasonal median,0,iq,1,2007-07-16,29,1,4,False,3
Seasonal median,0,iq,1,2007-07-23,30,8,2,False,6
Seasonal median,0,iq,1,2007-07-30,31,5,2,False,3
Seasonal median,0,iq,1,2007-08-06,32,3,2,False,1
Seasonal median,0,iq,1,2007-08-13,33,2,2,False,0
Seasonal median,0,iq,1,2007-08-20,34,7,0,False,7
Seasonal median,0,iq,1,2007-08-27,35,1,0,False,1
Seasonal median,0,iq,1,2007-09-03,36,6,2,False,4
Seasonal median,0,iq,1,2007-09-10,37,7,0,False,7
Seasonal median,0,iq,1,2007-09-17,38,5,2,False,3
Seasonal median,0,iq,1,2007-09-24,39,2,2,False,0
Seasonal median,0,iq,1,2007-10-01,40,6,2,False,4
Seasonal median,0,iq,1,2007-10-08,41,11,4,False,7
Seasonal median,0,iq,1,2007-10-15,42,6,3,False,3
Seasonal median,0,iq,1,2007-10-22,43,3,3,False,0
Seasonal median,0,iq,1,2007-10-29,44,11,5,False,6
Seasonal median,0,iq,1,2007-11-05,45,11,3,False,8
Seasonal median,0,iq,1,2007-11-12,46,5,13,False,8
Seasonal median,0,iq,1,2007-11-19,47,4,3,False,1
Seasonal median,0,iq,1,2007-11-26,48,9,5,False,4
Seasonal median,0,iq,1,2007-12-03,49,23,3,True,20
Seasonal median,0,iq,1,2007-12-10,50,28,2,True,26
Seasonal median,0,iq,1,2007-12-17,51,26,5,True,21
Seasonal median,0,iq,1,2007-12-24,52,7,7,False,0
Seasonal median,0,iq,1,2008-01-01,1,29,4,True,25
Seasonal median,0,iq,1,2008-01-08,2,58,5,True,53
Seasonal median,0,iq,1,2008-01-15,3,26,8,True,18
Seasonal median,0,iq,1,2008-01-22,4,38,7,True,31
Seasonal median,0,iq,1,2008-01-29,5,35,5,True,30
Seasonal median,0,iq,1,2008-02-05,6,37,11,True,26
Seasonal median,0,iq,1,2008-02-12,7,20,6,True,14
Seasonal median,0,iq,1,2008-02-19,8,29,5,True,24
Seasonal median,0,iq,1,2008-02-26,9,25,7,True,18
Seasonal median,0,iq,1,2008-03-04,10,23,4,True,19
Seasonal median,0,iq,1,2008-03-11,11,9,6,False,3
Seasonal median,0,iq,1,2008-03-18,12,3,7,False,4
Seasonal median,0,iq,1,2008-03-25,13,6,5,False,1
Seasonal median,0,iq,1,2008-04-01,14,6,5,False,1
Seasonal median,0,iq,1,2008-04-08,15,3,8,False,5
Seasonal median,0,iq,1,2008-04-15,16,1,5,False,4
Seasonal median,0,iq,1,2008-04-22,17,3,6,False,3
Seasonal median,0,iq,1,2008-04-29,18,1,7,False,6
Seasonal median,0,iq,1,2008-05-06,19,1,5,False,4
Seasonal median,0,iq,1,2008-05-13,20,0,7,False,7
Seasonal median,0,iq,1,2008-05-20,21,2,5,False,3
Seasonal median,0,iq,1,2008-05-27,22,1,5,False,4
Seasonal median,0,iq,1,2008-06-03,23,1,3,False,2
Seasonal median,0,iq,1,2008-06-10,24,0,3,False,3
Seasonal median,0,iq,1,2008-06-17,25,0,3,False,3
Seasonal median,0,iq,1,2008-06-24,26,1,2,False,1
Seasonal median,0,iq,2,2008-07-01,27,0,2,False,2
Seasonal median,0,iq,2,2008-07-08,28,3,3,False,0
Seasonal median,0,iq,2,2008-07-15,29,3,3,False,0
Seasonal median,0,iq,2,2008-07-22,30,1,4,False,3
Seasonal median,0,iq,2,2008-07-29,31,5,4,False,1
Seasonal median,0,iq,2,2008-08-05,32,2,2,False,0
Seasonal median,0,iq,2,2008-08-12,33,5,2,False,3
Seasonal median,0,iq,2,2008-08-19,34,5,2,False,3
Seasonal median,0,iq,2,2008-08-26,35,5,0,False,5
Seasonal median,0,iq,2,2008-09-02,36,9,4,False,5
Seasonal median,0,iq,2,2008-09-09,37,17,2,False,15
Seasonal median,0,iq,2,2008-09-16,38,19,2,True,17
Seasonal median,0,iq,2,2008-09-23,39,25,2,True,23
Seasonal median,0,iq,2,2008-09-30,40,45,3,True,42
Seasonal median,0,iq,2,2008-10-07,41,34,6,True,28
Seasonal median,0,iq,2,2008-10-14,42,63,4,True,59
Seasonal median,0,iq,2,2008-10-21,43,44,3,True,41
Seasonal median,0,iq,2,2008-10-28,44,50,6,True,44
Seasonal median,0,iq,2,2008-11-04,45,35,4,True,31
Seasonal median,0,iq,2,2008-11-11,46,16,9,False,7
Seasonal median,0,iq,2,2008-11-18,47,16,4,False,12
Seasonal median,0,iq,2,2008-11-25,48,13,6,False,7
Seasonal median,0,iq,2,2008-12-02,49,9,7,False,2
Seasonal median,0,iq,2,2008-12-09,50,15,4,False,11
Seasonal median,0,iq,2,2008-12-16,51,4,6,False,2
Seasonal median,0,iq,2,2008-12-23,52,0,7,False,7
Seasonal median,0,iq,2,2009-01-01,1,1,7,False,6
Seasonal median,0,iq,2,2009-01-08,2,10,8,False,2
Seasonal median,0,iq,2,2009-01-15,3,11,8,False,3
Seasonal median,0,iq,2,2009-01-22,4,29,8,True,21
Seasonal median,0,iq,2,2009-01-29,5,35,6,True,29
Seasonal median,0,iq,2,2009-02-05,6,30,12,True,18
Seasonal median,0,iq,2,2009-02-12,7,20,8,True,12
Seasonal median,0,iq,2,2009-02-19,8,21,6,True,15
Seasonal median,0,iq,2,2009-02-26,9,12,7,False,5
Seasonal median,0,iq,2,2009-03-05,10,9,6,False,3
Seasonal median,0,iq,2,2009-03-12,11,11,6,False,5
Seasonal median,0,iq,2,2009-03-19,12,9,5,False,4
Seasonal median,0,iq,2,2009-03-26,13,5,6,False,1
Seasonal median,0,iq,2,2009-04-02,14,11,6,False,5
Seasonal median,0,iq,2,2009-04-09,15,3,8,False,5
Seasonal median,0,iq,2,2009-04-16,16,5,4,False,1
Seasonal median,0,iq,2,2009-04-23,17,5,4,False,1
Seasonal median,0,iq,2,2009-04-30,18,4,5,False,1
Seasonal median,0,iq,2,2009-05-07,19,4,4,False,0
Seasonal median,0,iq,2,2009-05-14,20,1,5,False,4
Seasonal median,0,iq,2,2009-05-21,21,0,5,False,5
Seasonal median,0,iq,2,2009-05-28,22,2,4,False,2
Seasonal median,0,iq,2,2009-06-04,23,3,2,False,1
Seasonal median,0,iq,2,2009-06-11,24,3,2,False,1
Seasonal median,0,iq,2,2009-06-18,25,5,2,False,3
Seasonal median,0,iq,2,2009-06-25,26,2,2,False,0
Seasonal median,0,iq,3,2009-07-02,27,1,2,False,1
Seasonal median,0,iq,3,2009-07-09,28,2,3,False,1
Seasonal median,0,iq,3,2009-07-16,29,0,3,False,3
Seasonal median,0,iq,3,2009-07-23,30,0,2,False,2
Seasonal median,0,iq,3,2009-07-30,31,3,5,False,2
Seasonal median,0,iq,3,2009-08-06,32,5,2,False,3
Seasonal median,0,iq,3,2009-08-13,33,5,2,False,3
Seasonal median,0,iq,3,2009-08-20,34,7,4,False,3
Seasonal median,0,iq,3,2009-08-27,35,5,0,False,5
Seasonal median,0,iq,3,2009-09-03,36,2,6,False,4
Seasonal median,0,iq,3,2009-09-10,37,2,3,False,1
Seasonal median,0,iq,3,2009-09-17,38,2,3,False,1
Seasonal median,0,iq,3,2009-09-24,39,0,2,False,2
Seasonal median,0,iq,3,2009-10-01,40,2,4,False,2
Seasonal median,0,iq,3,2009-10-08,41,1,7,False,6
Seasonal median,0,iq,3,2009-10-15,42,1,4,False,3
Seasonal median,0,iq,3,2009-10-22,43,2,3,False,1
Seasonal median,0,iq,3,2009-10-29,44,2,6,False,4
Seasonal median,0,iq,3,2009-11-05,45,3,6,False,3
Seasonal median,0,iq,3,2009-11-12,46,9,13,False,4
Seasonal median,0,iq,3,2009-11-19,47,5,4,False,1
Seasonal median,0,iq,3,2009-11-26,48,5,7,False,2
Seasonal median,0,iq,3,2009-12-03,49,4,9,False,5
Seasonal median,0,iq,3,2009-12-10,50,4,6,False,2
Seasonal median,0,iq,3,2009-12-17,51,1,5,False,4
Seasonal median,0,iq,3,2009-12-24,52,0,7,False,7
Seasonal median,0,iq,3,2010-01-01,53,0,9,False,9
Seasonal median,0,iq,3,2010-01-08,1,10,4,False,6
Seasonal median,0,iq,3,2010-01-15,2,9,10,False,1
Seasonal median,0,iq,3,2010-01-22,3,17,8,False,9
Seasonal median,0,iq,3,2010-01-29,4,16,10,False,6
Seasonal median,0,iq,3,2010-02-05,5,11,8,False,3
Seasonal median,0,iq,3,2010-02-12,6,12,12,False,0
Seasonal median,0,iq,3,2010-02-19,7,19,9,False,10
Seasonal median,0,iq,3,2010-02-26,8,15,7,False,8
Seasonal median,0,iq,3,2010-03-05,9,12,7,False,5
Seasonal median,0,iq,3,2010-03-12,10,12,8,False,4
Seasonal median,0,iq,3,2010-03-19,11,16,7,False,9
Seasonal median,0,iq,3,2010-03-26,12,9,7,False,2
Seasonal median,0,iq,3,2010-04-02,13,4,5,False,1
Seasonal median,0,iq,3,2010-04-09,14,9,6,False,3
Seasonal median,0,iq,3,2010-04-16,15,6,7,False,1
Seasonal median,0,iq,3,2010-04-23,16,8,5,False,3
Seasonal median,0,iq,3,2010-04-30,17,4,5,False,1
Seasonal median,0,iq,3,2010-05-07,18,2,4,False,2
Seasonal median,0,iq,3,2010-05-14,19,7,4,False,3
Seasonal median,0,iq,3,2010-05-21,20,6,3,False,3
Seasonal median,0,iq,3,2010-05-28,21,5,5,False,0
Seasonal median,0,iq,3,2010-06-04,22,8,4,False,4
Seasonal median,0,iq,3,2010-06-11,23,1,3,False,2
Seasonal median,0,iq,3,2010-06-18,24,1,3,False,2
Seasonal median,0,iq,3,2010-06-25,25,4,3,False,1
Trees (tuned),0,sj,1,2005-04-30,17,4,7,False,3
Trees (tuned),0,sj,1,2005-05-07,18,2,7,False,5
Trees (tuned),0,sj,1,2005-05-14,19,6,7,False,1
Trees (tuned),0,sj,1,2005-05-21,20,3,8,False,5
Trees (tuned),0,sj,1,2005-05-28,21,4,12,False,8
Trees (tuned),0,sj,1,2005-06-04,22,10,16,False,6
Trees (tuned),0,sj,1,2005-06-11,23,12,22,False,10
Trees (tuned),0,sj,1,2005-06-18,24,21,26,False,5
Trees (tuned),0,sj,1,2005-06-25,25,26,31,False,5
Trees (tuned),0,sj,1,2005-07-02,26,21,34,False,13
Trees (tuned),0,sj,1,2005-07-09,27,30,45,False,15
Trees (tuned),0,sj,1,2005-07-16,28,45,39,False,6
Trees (tuned),0,sj,1,2005-07-23,29,56,42,False,14
Trees (tuned),0,sj,1,2005-07-30,30,75,46,True,29
Trees (tuned),0,sj,1,2005-08-06,31,83,50,True,33
Trees (tuned),0,sj,1,2005-08-13,32,82,53,True,29
Trees (tuned),0,sj,1,2005-08-20,33,126,46,True,80
Trees (tuned),0,sj,1,2005-08-27,34,119,45,True,74
Trees (tuned),0,sj,1,2005-09-03,35,137,47,True,90
Trees (tuned),0,sj,1,2005-09-10,36,131,46,True,85
Trees (tuned),0,sj,1,2005-09-17,37,112,56,True,56
Trees (tuned),0,sj,1,2005-09-24,38,82,59,True,23
Trees (tuned),0,sj,1,2005-10-01,39,73,60,True,13
Trees (tuned),0,sj,1,2005-10-08,40,43,51,False,8
Trees (tuned),0,sj,1,2005-10-15,41,55,56,False,1
Trees (tuned),0,sj,1,2005-10-22,42,55,51,False,4
Trees (tuned),0,sj,1,2005-10-29,43,53,58,False,5
Trees (tuned),0,sj,1,2005-11-05,44,46,53,False,7
Trees (tuned),0,sj,1,2005-11-12,45,43,50,False,7
Trees (tuned),0,sj,1,2005-11-19,46,29,47,False,18
Trees (tuned),0,sj,1,2005-11-26,47,22,44,False,22
Trees (tuned),0,sj,1,2005-12-03,48,26,34,False,8
Trees (tuned),0,sj,1,2005-12-10,49,13,28,False,15
Trees (tuned),0,sj,1,2005-12-17,50,17,20,False,3
Trees (tuned),0,sj,1,2005-12-24,51,8,17,False,9
Trees (tuned),0,sj,1,2006-01-01,52,13,15,False,2
Trees (tuned),0,sj,1,2006-01-08,1,10,17,False,7
Trees (tuned),0,sj,1,2006-01-15,2,17,17,False,0
Trees (tuned),0,sj,1,2006-01-22,3,19,15,False,4
Trees (tuned),0,sj,1,2006-01-29,4,9,15,False,6
Trees (tuned),0,sj,1,2006-02-05,5,9,13,False,4
Trees (tuned),0,sj,1,2006-02-12,6,9,12,False,3
Trees (tuned),0,sj,1,2006-02-19,7,3,11,False,8
Trees (tuned),0,sj,1,2006-02-26,8,7,10,False,3
Trees (tuned),0,sj,1,2006-03-05,9,7,9,False,2
Trees (tuned),0,sj,1,2006-03-12,10,0,9,False,9
Trees (tuned),0,sj,1,2006-03-19,11,2,9,False,7
Trees (tuned),0,sj,1,2006-03-26,12,3,8,False,5
Trees (tuned),0,sj,1,2006-04-02,13,3,8,False,5
Trees (tuned),0,sj,1,2006-04-09,14,1,7,False,6
Trees (tuned),0,sj,1,2006-04-16,15,3,7,False,4
Trees (tuned),0,sj,1,2006-04-23,16,3,6,False,3
Trees (tuned),0,sj,2,2006-04-30,17,3,4,False,1
Trees (tuned),0,sj,2,2006-05-07,18,7,4,False,3
Trees (tuned),0,sj,2,2006-05-14,19,3,5,False,2
Trees (tuned),0,sj,2,2006-05-21,20,5,5,False,0
Trees (tuned),0,sj,2,2006-05-28,21,11,7,False,4
Trees (tuned),0,sj,2,2006-06-04,22,5,8,False,3
Trees (tuned),0,sj,2,2006-06-11,23,5,9,False,4
Trees (tuned),0,sj,2,2006-06-18,24,6,10,False,4
Trees (tuned),0,sj,2,2006-06-25,25,6,11,False,5
Trees (tuned),0,sj,2,2006-07-02,26,4,13,False,9
Trees (tuned),0,sj,2,2006-07-09,27,4,16,False,12
Trees (tuned),0,sj,2,2006-07-16,28,8,26,False,18
Trees (tuned),0,sj,2,2006-07-23,29,14,30,False,16
Trees (tuned),0,sj,2,2006-07-30,30,12,30,False,18
Trees (tuned),0,sj,2,2006-08-06,31,16,32,False,16
Trees (tuned),0,sj,2,2006-08-13,32,10,39,False,29
Trees (tuned),0,sj,2,2006-08-20,33,16,37,False,21
Trees (tuned),0,sj,2,2006-08-27,34,18,36,False,18
Trees (tuned),0,sj,2,2006-09-03,35,15,37,False,22
Trees (tuned),0,sj,2,2006-09-10,36,23,38,False,15
Trees (tuned),0,sj,2,2006-09-17,37,17,35,False,18
Trees (tuned),0,sj,2,2006-09-24,38,33,33,False,0
Trees (tuned),0,sj,2,2006-10-01,39,15,33,False,18
Trees (tuned),0,sj,2,2006-10-08,40,13,34,False,21
Trees (tuned),0,sj,2,2006-10-15,41,11,32,False,21
Trees (tuned),0,sj,2,2006-10-22,42,14,33,False,19
Trees (tuned),0,sj,2,2006-10-29,43,17,33,False,16
Trees (tuned),0,sj,2,2006-11-05,44,19,37,False,18
Trees (tuned),0,sj,2,2006-11-12,45,20,32,False,12
Trees (tuned),0,sj,2,2006-11-19,46,12,29,False,17
Trees (tuned),0,sj,2,2006-11-26,47,21,24,False,3
Trees (tuned),0,sj,2,2006-12-03,48,7,25,False,18
Trees (tuned),0,sj,2,2006-12-10,49,19,20,False,1
Trees (tuned),0,sj,2,2006-12-17,50,10,18,False,8
Trees (tuned),0,sj,2,2006-12-24,51,13,18,False,5
Trees (tuned),0,sj,2,2007-01-01,1,10,18,False,8
Trees (tuned),0,sj,2,2007-01-08,2,8,14,False,6
Trees (tuned),0,sj,2,2007-01-15,3,21,14,False,7
Trees (tuned),0,sj,2,2007-01-22,4,11,14,False,3
Trees (tuned),0,sj,2,2007-01-29,5,9,14,False,5
Trees (tuned),0,sj,2,2007-02-05,6,14,12,False,2
Trees (tuned),0,sj,2,2007-02-12,7,14,11,False,3
Trees (tuned),0,sj,2,2007-02-19,8,15,10,False,5
Trees (tuned),0,sj,2,2007-02-26,9,18,9,False,9
Trees (tuned),0,sj,2,2007-03-05,10,16,7,False,9
Trees (tuned),0,sj,2,2007-03-12,11,12,8,False,4
Trees (tuned),0,sj,2,2007-03-19,12,20,6,False,14
Trees (tuned),0,sj,2,2007-03-26,13,8,7,False,1
Trees (tuned),0,sj,2,2007-04-02,14,3,5,False,2
Trees (tuned),0,sj,2,2007-04-09,15,13,6,False,7
Trees (tuned),0,sj,2,2007-04-16,16,4,6,False,2
Trees (tuned),0,sj,2,2007-04-23,17,1,7,False,6
Trees (tuned),0,sj,3,2007-04-30,18,10,6,False,4
Trees (tuned),0,sj,3,2007-05-07,19,8,8,False,0
Trees (tuned),0,sj,3,2007-05-14,20,13,9,False,4
Trees (tuned),0,sj,3,2007-05-21,21,10,9,False,1
Trees (tuned),0,sj,3,2007-05-28,22,21,10,False,11
Trees (tuned),0,sj,3,2007-06-04,23,18,12,False,6
Trees (tuned),0,sj,3,2007-06-11,24,21,12,False,9
Trees (tuned),0,sj,3,2007-06-18,25,34,14,False,20
Trees (tuned),0,sj,3,2007-06-25,26,25,17,False,8
Trees (tuned),0,sj,3,2007-07-02,27,34,41,False,7
Trees (tuned),0,sj,3,2007-07-09,28,33,58,False,25
Trees (tuned),0,sj,3,2007-07-16,29,40,65,False,25
Trees (tuned),0,sj,3,2007-07-23,30,42,66,False,24
Trees (tuned),0,sj,3,2007-07-30,31,36,75,False,39
Trees (tuned),0,sj,3,2007-08-06,32,72,79,True,7
Trees (tuned),0,sj,3,2007-08-13,33,75,65,True,10
Trees (tuned),0,sj,3,2007-08-20,34,76,48,True,28
Trees (tuned),0,sj,3,2007-08-27,35,92,65,True,27
Trees (tuned),0,sj,3,2007-09-03,36,71,69,True,2
Trees (tuned),0,sj,3,2007-09-10,37,112,65,True,47
Trees (tuned),0,sj,3,2007-09-17,38,106,66,True,40
Trees (tuned),0,sj,3,2007-09-24,39,101,63,True,38
Trees (tuned),0,sj,3,2007-10-01,40,170,61,True,109
Trees (tuned),0,sj,3,2007-10-08,41,135,52,True,83
Trees (tuned),0,sj,3,2007-10-15,42,106,60,True,46
Trees (tuned),0,sj,3,2007-10-22,43,68,57,False,11
Trees (tuned),0,sj,3,2007-10-29,44,48,50,False,2
Trees (tuned),0,sj,3,2007-11-05,45,48,36,False,12
Trees (tuned),0,sj,3,2007-11-12,46,26,30,False,4
Trees (tuned),0,sj,3,2007-11-19,47,33,24,False,9
Trees (tuned),0,sj,3,2007-11-26,48,29,20,False,9
Trees (tuned),0,sj,3,2007-12-03,49,17,18,False,1
Trees (tuned),0,sj,3,2007-12-10,50,12,16,False,4
Trees (tuned),0,sj,3,2007-12-17,51,13,14,False,1
Trees (tuned),0,sj,3,2007-12-24,52,17,13,False,4
Trees (tuned),0,sj,3,2008-01-01,1,15,13,False,2
Trees (tuned),0,sj,3,2008-01-08,2,14,13,False,1
Trees (tuned),0,sj,3,2008-01-15,3,15,13,False,2
Trees (tuned),0,sj,3,2008-01-22,4,10,12,False,2
Trees (tuned),0,sj,3,2008-01-29,5,9,11,False,2
Trees (tuned),0,sj,3,2008-02-05,6,2,11,False,9
Trees (tuned),0,sj,3,2008-02-12,7,6,10,False,4
Trees (tuned),0,sj,3,2008-02-19,8,8,8,False,0
Trees (tuned),0,sj,3,2008-02-26,9,5,8,False,3
Trees (tuned),0,sj,3,2008-03-04,10,1,7,False,6
Trees (tuned),0,sj,3,2008-03-11,11,2,6,False,4
Trees (tuned),0,sj,3,2008-03-18,12,3,6,False,3
Trees (tuned),0,sj,3,2008-03-25,13,4,6,False,2
Trees (tuned),0,sj,3,2008-04-01,14,3,5,False,2
Trees (tuned),0,sj,3,2008-04-08,15,1,5,False,4
Trees (tuned),0,sj,3,2008-04-15,16,3,5,False,2
Trees (tuned),0,sj,3,2008-04-22,17,5,5,False,0
Trees (tuned),0,iq,1,2007-07-02,27,3,2,False,1
Trees (tuned),0,iq,1,2007-07-09,28,4,2,False,2
Trees (tuned),0,iq,1,2007-07-16,29,1,2,False,1
Trees (tuned),0,iq,1,2007-07-23,30,8,2,False,6
Trees (tuned),0,iq,1,2007-07-30,31,5,2,False,3
Trees (tuned),0,iq,1,2007-08-06,32,3,2,False,1
Trees (tuned),0,iq,1,2007-08-13,33,2,2,False,0
Trees (tuned),0,iq,1,2007-08-20,34,7,2,False,5
Trees (tuned),0,iq,1,2007-08-27,35,1,1,False,0
Trees (tuned),0,iq,1,2007-09-03,36,6,2,False,4
Trees (tuned),0,iq,1,2007-09-10,37,7,2,False,5
Trees (tuned),0,iq,1,2007-09-17,38,5,2,False,3
Trees (tuned),0,iq,1,2007-09-24,39,2,2,False,0
Trees (tuned),0,iq,1,2007-10-01,40,6,5,False,1
Trees (tuned),0,iq,1,2007-10-08,41,11,4,False,7
Trees (tuned),0,iq,1,2007-10-15,42,6,5,False,1
Trees (tuned),0,iq,1,2007-10-22,43,3,5,False,2
Trees (tuned),0,iq,1,2007-10-29,44,11,5,False,6
Trees (tuned),0,iq,1,2007-11-05,45,11,6,False,5
Trees (tuned),0,iq,1,2007-11-12,46,5,7,False,2
Trees (tuned),0,iq,1,2007-11-19,47,4,7,False,3
Trees (tuned),0,iq,1,2007-11-26,48,9,7,False,2
Trees (tuned),0,iq,1,2007-12-03,49,23,7,True,16
Trees (tuned),0,iq,1,2007-12-10,50,28,7,True,21
Trees (tuned),0,iq,1,2007-12-17,51,26,10,True,16
Trees (tuned),0,iq,1,2007-12-24,52,7,9,False,2
Trees (tuned),0,iq,1,2008-01-01,1,29,7,True,22
Trees (tuned),0,iq,1,2008-01-08,2,58,7,True,51
Trees (tuned),0,iq,1,2008-01-15,3,26,8,True,18
Trees (tuned),0,iq,1,2008-01-22,4,38,8,True,30
Trees (tuned),0,iq,1,2008-01-29,5,35,8,True,27
Trees (tuned),0,iq,1,2008-02-05,6,37,7,True,30
Trees (tuned),0,iq,1,2008-02-12,7,20,9,True,11
Trees (tuned),0,iq,1,2008-02-19,8,29,8,True,21
Trees (tuned),0,iq,1,2008-02-26,9,25,8,True,17
Trees (tuned),0,iq,1,2008-03-04,10,23,7,True,16
Trees (tuned),0,iq,1,2008-03-11,11,9,7,False,2
Trees (tuned),0,iq,1,2008-03-18,12,3,7,False,4
Trees (tuned),0,iq,1,2008-03-25,13,6,7,False,1
Trees (tuned),0,iq,1,2008-04-01,14,6,7,False,1
Trees (tuned),0,iq,1,2008-04-08,15,3,8,False,5
Trees (tuned),0,iq,1,2008-04-15,16,1,7,False,6
Trees (tuned),0,iq,1,2008-04-22,17,3,8,False,5
Trees (tuned),0,iq,1,2008-04-29,18,1,8,False,7
Trees (tuned),0,iq,1,2008-05-06,19,1,7,False,6
Trees (tuned),0,iq,1,2008-05-13,20,0,6,False,6
Trees (tuned),0,iq,1,2008-05-20,21,2,5,False,3
Trees (tuned),0,iq,1,2008-05-27,22,1,5,False,4
Trees (tuned),0,iq,1,2008-06-03,23,1,5,False,4
Trees (tuned),0,iq,1,2008-06-10,24,0,5,False,5
Trees (tuned),0,iq,1,2008-06-17,25,0,5,False,5
Trees (tuned),0,iq,1,2008-06-24,26,1,5,False,4
Trees (tuned),0,iq,2,2008-07-01,27,0,3,False,3
Trees (tuned),0,iq,2,2008-07-08,28,3,3,False,0
Trees (tuned),0,iq,2,2008-07-15,29,3,3,False,0
Trees (tuned),0,iq,2,2008-07-22,30,1,3,False,2
Trees (tuned),0,iq,2,2008-07-29,31,5,5,False,0
Trees (tuned),0,iq,2,2008-08-05,32,2,4,False,2
Trees (tuned),0,iq,2,2008-08-12,33,5,4,False,1
Trees (tuned),0,iq,2,2008-08-19,34,5,4,False,1
Trees (tuned),0,iq,2,2008-08-26,35,5,4,False,1
Trees (tuned),0,iq,2,2008-09-02,36,9,4,False,5
Trees (tuned),0,iq,2,2008-09-09,37,17,4,False,13
Trees (tuned),0,iq,2,2008-09-16,38,19,5,True,14
Trees (tuned),0,iq,2,2008-09-23,39,25,6,True,19
Trees (tuned),0,iq,2,2008-09-30,40,45,6,True,39
Trees (tuned),0,iq,2,2008-10-07,41,34,5,True,29
Trees (tuned),0,iq,2,2008-10-14,42,63,6,True,57
Trees (tuned),0,iq,2,2008-10-21,43,44,8,True,36
Trees (tuned),0,iq,2,2008-10-28,44,50,8,True,42
Trees (tuned),0,iq,2,2008-11-04,45,35,8,True,27
Trees (tuned),0,iq,2,2008-11-11,46,16,8,False,8
Trees (tuned),0,iq,2,2008-11-18,47,16,7,False,9
Trees (tuned),0,iq,2,2008-11-25,48,13,7,False,6
Trees (tuned),0,iq,2,2008-12-02,49,9,8,False,1
Trees (tuned),0,iq,2,2008-12-09,50,15,8,False,7
Trees (tuned),0,iq,2,2008-12-16,51,4,7,False,3
Trees (tuned),0,iq,2,2008-12-23,52,0,9,False,9
Trees (tuned),0,iq,2,2009-01-01,1,1,9,False,8
Trees (tuned),0,iq,2,2009-01-08,2,10,7,False,3
Trees (tuned),0,iq,2,2009-01-15,3,11,7,False,4
Trees (tuned),0,iq,2,2009-01-22,4,29,7,True,22
Trees (tuned),0,iq,2,2009-01-29,5,35,7,True,28
Trees (tuned),0,iq,2,2009-02-05,6,30,7,True,23
Trees (tuned),0,iq,2,2009-02-12,7,20,6,True,14
Trees (tuned),0,iq,2,2009-02-19,8,21,7,True,14
Trees (tuned),0,iq,2,2009-02-26,9,12,7,False,5
Trees (tuned),0,iq,2,2009-03-05,10,9,8,False,1
Trees (tuned),0,iq,2,2009-03-12,11,11,7,False,4
Trees (tuned),0,iq,2,2009-03-19,12,9,6,False,3
Trees (tuned),0,iq,2,2009-03-26,13,5,6,False,1
Trees (tuned),0,iq,2,2009-04-02,14,11,7,False,4
Trees (tuned),0,iq,2,2009-04-09,15,3,7,False,4
Trees (tuned),0,iq,2,2009-04-16,16,5,6,False,1
Trees (tuned),0,iq,2,2009-04-23,17,5,7,False,2
Trees (tuned),0,iq,2,2009-04-30,18,4,6,False,2
Trees (tuned),0,iq,2,2009-05-07,19,4,6,False,2
Trees (tuned),0,iq,2,2009-05-14,20,1,6,False,5
Trees (tuned),0,iq,2,2009-05-21,21,0,6,False,6
Trees (tuned),0,iq,2,2009-05-28,22,2,6,False,4
Trees (tuned),0,iq,2,2009-06-04,23,3,6,False,3
Trees (tuned),0,iq,2,2009-06-11,24,3,6,False,3
Trees (tuned),0,iq,2,2009-06-18,25,5,4,False,1
Trees (tuned),0,iq,2,2009-06-25,26,2,3,False,1
Trees (tuned),0,iq,3,2009-07-02,27,1,3,False,2
Trees (tuned),0,iq,3,2009-07-09,28,2,3,False,1
Trees (tuned),0,iq,3,2009-07-16,29,0,4,False,4
Trees (tuned),0,iq,3,2009-07-23,30,0,4,False,4
Trees (tuned),0,iq,3,2009-07-30,31,3,3,False,0
Trees (tuned),0,iq,3,2009-08-06,32,5,3,False,2
Trees (tuned),0,iq,3,2009-08-13,33,5,3,False,2
Trees (tuned),0,iq,3,2009-08-20,34,7,3,False,4
Trees (tuned),0,iq,3,2009-08-27,35,5,3,False,2
Trees (tuned),0,iq,3,2009-09-03,36,2,5,False,3
Trees (tuned),0,iq,3,2009-09-10,37,2,5,False,3
Trees (tuned),0,iq,3,2009-09-17,38,2,5,False,3
Trees (tuned),0,iq,3,2009-09-24,39,0,6,False,6
Trees (tuned),0,iq,3,2009-10-01,40,2,8,False,6
Trees (tuned),0,iq,3,2009-10-08,41,1,10,False,9
Trees (tuned),0,iq,3,2009-10-15,42,1,9,False,8
Trees (tuned),0,iq,3,2009-10-22,43,2,9,False,7
Trees (tuned),0,iq,3,2009-10-29,44,2,11,False,9
Trees (tuned),0,iq,3,2009-11-05,45,3,9,False,6
Trees (tuned),0,iq,3,2009-11-12,46,9,8,False,1
Trees (tuned),0,iq,3,2009-11-19,47,5,7,False,2
Trees (tuned),0,iq,3,2009-11-26,48,5,7,False,2
Trees (tuned),0,iq,3,2009-12-03,49,4,9,False,5
Trees (tuned),0,iq,3,2009-12-10,50,4,10,False,6
Trees (tuned),0,iq,3,2009-12-17,51,1,7,False,6
Trees (tuned),0,iq,3,2009-12-24,52,0,7,False,7
Trees (tuned),0,iq,3,2010-01-01,53,0,10,False,10
Trees (tuned),0,iq,3,2010-01-08,1,10,11,False,1
Trees (tuned),0,iq,3,2010-01-15,2,9,11,False,2
Trees (tuned),0,iq,3,2010-01-22,3,17,10,False,7
Trees (tuned),0,iq,3,2010-01-29,4,16,11,False,5
Trees (tuned),0,iq,3,2010-02-05,5,11,10,False,1
Trees (tuned),0,iq,3,2010-02-12,6,12,10,False,2
Trees (tuned),0,iq,3,2010-02-19,7,19,11,False,8
Trees (tuned),0,iq,3,2010-02-26,8,15,12,False,3
Trees (tuned),0,iq,3,2010-03-05,9,12,8,False,4
Trees (tuned),0,iq,3,2010-03-12,10,12,5,False,7
Trees (tuned),0,iq,3,2010-03-19,11,16,5,False,11
Trees (tuned),0,iq,3,2010-03-26,12,9,5,False,4
Trees (tuned),0,iq,3,2010-04-02,13,4,5,False,1
Trees (tuned),0,iq,3,2010-04-09,14,9,4,False,5
Trees (tuned),0,iq,3,2010-04-16,15,6,5,False,1
Trees (tuned),0,iq,3,2010-04-23,16,8,4,False,4
Trees (tuned),0,iq,3,2010-04-30,17,4,4,False,0
Trees (tuned),0,iq,3,2010-05-07,18,2,3,False,1
Trees (tuned),0,iq,3,2010-05-14,19,7,4,False,3
Trees (tuned),0,iq,3,2010-05-21,20,6,4,False,2
Trees (tuned),0,iq,3,2010-05-28,21,5,4,False,1
Trees (tuned),0,iq,3,2010-06-04,22,8,4,False,4
Trees (tuned),0,iq,3,2010-06-11,23,1,4,False,3
Trees (tuned),0,iq,3,2010-06-18,24,1,4,False,3
Trees (tuned),0,iq,3,2010-06-25,25,4,5,False,1
MLP · raw lags,17,sj,1,2005-04-30,17,4,13,False,9
MLP · raw lags,17,sj,1,2005-05-07,18,2,13,False,11
MLP · raw lags,17,sj,1,2005-05-14,19,6,13,False,7
MLP · raw lags,17,sj,1,2005-05-21,20,3,13,False,10
MLP · raw lags,17,sj,1,2005-05-28,21,4,13,False,9
MLP · raw lags,17,sj,1,2005-06-04,22,10,13,False,3
MLP · raw lags,17,sj,1,2005-06-11,23,12,13,False,1
MLP · raw lags,17,sj,1,2005-06-18,24,21,13,False,8
MLP · raw lags,17,sj,1,2005-06-25,25,26,13,False,13
MLP · raw lags,17,sj,1,2005-07-02,26,21,13,False,8
MLP · raw lags,17,sj,1,2005-07-09,27,30,13,False,17
MLP · raw lags,17,sj,1,2005-07-16,28,45,13,False,32
MLP · raw lags,17,sj,1,2005-07-23,29,56,13,False,43
MLP · raw lags,17,sj,1,2005-07-30,30,75,13,True,62
MLP · raw lags,17,sj,1,2005-08-06,31,83,21,True,62
MLP · raw lags,17,sj,1,2005-08-13,32,82,27,True,55
MLP · raw lags,17,sj,1,2005-08-20,33,126,36,True,90
MLP · raw lags,17,sj,1,2005-08-27,34,119,23,True,96
MLP · raw lags,17,sj,1,2005-09-03,35,137,40,True,97
MLP · raw lags,17,sj,1,2005-09-10,36,131,42,True,89
MLP · raw lags,17,sj,1,2005-09-17,37,112,29,True,83
MLP · raw lags,17,sj,1,2005-09-24,38,82,20,True,62
MLP · raw lags,17,sj,1,2005-10-01,39,73,13,True,60
MLP · raw lags,17,sj,1,2005-10-08,40,43,14,False,29
MLP · raw lags,17,sj,1,2005-10-15,41,55,14,False,41
MLP · raw lags,17,sj,1,2005-10-22,42,55,21,False,34
MLP · raw lags,17,sj,1,2005-10-29,43,53,17,False,36
MLP · raw lags,17,sj,1,2005-11-05,44,46,17,False,29
MLP · raw lags,17,sj,1,2005-11-12,45,43,31,False,12
MLP · raw lags,17,sj,1,2005-11-19,46,29,42,False,13
MLP · raw lags,17,sj,1,2005-11-26,47,22,22,False,0
MLP · raw lags,17,sj,1,2005-12-03,48,26,23,False,3
MLP · raw lags,17,sj,1,2005-12-10,49,13,31,False,18
MLP · raw lags,17,sj,1,2005-12-17,50,17,30,False,13
MLP · raw lags,17,sj,1,2005-12-24,51,8,24,False,16
MLP · raw lags,17,sj,1,2006-01-01,52,13,14,False,1
MLP · raw lags,17,sj,1,2006-01-08,1,10,13,False,3
MLP · raw lags,17,sj,1,2006-01-15,2,17,16,False,1
MLP · raw lags,17,sj,1,2006-01-22,3,19,17,False,2
MLP · raw lags,17,sj,1,2006-01-29,4,9,16,False,7
MLP · raw lags,17,sj,1,2006-02-05,5,9,17,False,8
MLP · raw lags,17,sj,1,2006-02-12,6,9,12,False,3
MLP · raw lags,17,sj,1,2006-02-19,7,3,12,False,9
MLP · raw lags,17,sj,1,2006-02-26,8,7,12,False,5
MLP · raw lags,17,sj,1,2006-03-05,9,7,12,False,5
MLP · raw lags,17,sj,1,2006-03-12,10,0,12,False,12
MLP · raw lags,17,sj,1,2006-03-19,11,2,12,False,10
MLP · raw lags,17,sj,1,2006-03-26,12,3,12,False,9
MLP · raw lags,17,sj,1,2006-04-02,13,3,13,False,10
MLP · raw lags,17,sj,1,2006-04-09,14,1,13,False,12
MLP · raw lags,17,sj,1,2006-04-16,15,3,13,False,10
MLP · raw lags,17,sj,1,2006-04-23,16,3,13,False,10
MLP · raw lags,17,sj,2,2006-04-30,17,3,10,False,7
MLP · raw lags,17,sj,2,2006-05-07,18,7,8,False,1
MLP · raw lags,17,sj,2,2006-05-14,19,3,7,False,4
MLP · raw lags,17,sj,2,2006-05-21,20,5,9,False,4
MLP · raw lags,17,sj,2,2006-05-28,21,11,8,False,3
MLP · raw lags,17,sj,2,2006-06-04,22,5,9,False,4
MLP · raw lags,17,sj,2,2006-06-11,23,5,8,False,3
MLP · raw lags,17,sj,2,2006-06-18,24,6,6,False,0
MLP · raw lags,17,sj,2,2006-06-25,25,6,10,False,4
MLP · raw lags,17,sj,2,2006-07-02,26,4,9,False,5
MLP · raw lags,17,sj,2,2006-07-09,27,4,12,False,8
MLP · raw lags,17,sj,2,2006-07-16,28,8,10,False,2
MLP · raw lags,17,sj,2,2006-07-23,29,14,7,False,7
MLP · raw lags,17,sj,2,2006-07-30,30,12,9,False,3
MLP · raw lags,17,sj,2,2006-08-06,31,16,11,False,5
MLP · raw lags,17,sj,2,2006-08-13,32,10,11,False,1
MLP · raw lags,17,sj,2,2006-08-20,33,16,13,False,3
MLP · raw lags,17,sj,2,2006-08-27,34,18,12,False,6
MLP · raw lags,17,sj,2,2006-09-03,35,15,14,False,1
MLP · raw lags,17,sj,2,2006-09-10,36,23,15,False,8
MLP · raw lags,17,sj,2,2006-09-17,37,17,13,False,4
MLP · raw lags,17,sj,2,2006-09-24,38,33,14,False,19
MLP · raw lags,17,sj,2,2006-10-01,39,15,14,False,1
MLP · raw lags,17,sj,2,2006-10-08,40,13,14,False,1
MLP · raw lags,17,sj,2,2006-10-15,41,11,25,False,14
MLP · raw lags,17,sj,2,2006-10-22,42,14,17,False,3
MLP · raw lags,17,sj,2,2006-10-29,43,17,15,False,2
MLP · raw lags,17,sj,2,2006-11-05,44,19,19,False,0
MLP · raw lags,17,sj,2,2006-11-12,45,20,16,False,4
MLP · raw lags,17,sj,2,2006-11-19,46,12,17,False,5
MLP · raw lags,17,sj,2,2006-11-26,47,21,15,False,6
MLP · raw lags,17,sj,2,2006-12-03,48,7,13,False,6
MLP · raw lags,17,sj,2,2006-12-10,49,19,15,False,4
MLP · raw lags,17,sj,2,2006-12-17,50,10,20,False,10
MLP · raw lags,17,sj,2,2006-12-24,51,13,14,False,1
MLP · raw lags,17,sj,2,2007-01-01,1,10,12,False,2
MLP · raw lags,17,sj,2,2007-01-08,2,8,11,False,3
MLP · raw lags,17,sj,2,2007-01-15,3,21,11,False,10
MLP · raw lags,17,sj,2,2007-01-22,4,11,11,False,0
MLP · raw lags,17,sj,2,2007-01-29,5,9,10,False,1
MLP · raw lags,17,sj,2,2007-02-05,6,14,13,False,1
MLP · raw lags,17,sj,2,2007-02-12,7,14,14,False,0
MLP · raw lags,17,sj,2,2007-02-19,8,15,12,False,3
MLP · raw lags,17,sj,2,2007-02-26,9,18,12,False,6
MLP · raw lags,17,sj,2,2007-03-05,10,16,13,False,3
MLP · raw lags,17,sj,2,2007-03-12,11,12,11,False,1
MLP · raw lags,17,sj,2,2007-03-19,12,20,12,False,8
MLP · raw lags,17,sj,2,2007-03-26,13,8,8,False,0
MLP · raw lags,17,sj,2,2007-04-02,14,3,10,False,7
MLP · raw lags,17,sj,2,2007-04-09,15,13,8,False,5
MLP · raw lags,17,sj,2,2007-04-16,16,4,10,False,6
MLP · raw lags,17,sj,2,2007-04-23,17,1,12,False,11
MLP · raw lags,17,sj,3,2007-04-30,18,10,12,False,2
MLP · raw lags,17,sj,3,2007-05-07,19,8,11,False,3
MLP · raw lags,17,sj,3,2007-05-14,20,13,10,False,3
MLP · raw lags,17,sj,3,2007-05-21,21,10,11,False,1
MLP · raw lags,17,sj,3,2007-05-28,22,21,11,False,10
MLP · raw lags,17,sj,3,2007-06-04,23,18,11,False,7
MLP · raw lags,17,sj,3,2007-06-11,24,21,12,False,9
MLP · raw lags,17,sj,3,2007-06-18,25,34,11,False,23
MLP · raw lags,17,sj,3,2007-06-25,26,25,10,False,15
MLP · raw lags,17,sj,3,2007-07-02,27,34,13,False,21
MLP · raw lags,17,sj,3,2007-07-09,28,33,17,False,16
MLP · raw lags,17,sj,3,2007-07-16,29,40,17,False,23
MLP · raw lags,17,sj,3,2007-07-23,30,42,24,False,18
MLP · raw lags,17,sj,3,2007-07-30,31,36,22,False,14
MLP · raw lags,17,sj,3,2007-08-06,32,72,22,True,50
MLP · raw lags,17,sj,3,2007-08-13,33,75,21,True,54
MLP · raw lags,17,sj,3,2007-08-20,34,76,23,True,53
MLP · raw lags,17,sj,3,2007-08-27,35,92,23,True,69
MLP · raw lags,17,sj,3,2007-09-03,36,71,31,True,40
MLP · raw lags,17,sj,3,2007-09-10,37,112,27,True,85
MLP · raw lags,17,sj,3,2007-09-17,38,106,38,True,68
MLP · raw lags,17,sj,3,2007-09-24,39,101,50,True,51
MLP · raw lags,17,sj,3,2007-10-01,40,170,44,True,126
MLP · raw lags,17,sj,3,2007-10-08,41,135,42,True,93
MLP · raw lags,17,sj,3,2007-10-15,42,106,93,True,13
MLP · raw lags,17,sj,3,2007-10-22,43,68,108,False,40
MLP · raw lags,17,sj,3,2007-10-29,44,48,113,False,65
MLP · raw lags,17,sj,3,2007-11-05,45,48,115,False,67
MLP · raw lags,17,sj,3,2007-11-12,46,26,138,False,112
MLP · raw lags,17,sj,3,2007-11-19,47,33,107,False,74
MLP · raw lags,17,sj,3,2007-11-26,48,29,145,False,116
MLP · raw lags,17,sj,3,2007-12-03,49,17,111,False,94
MLP · raw lags,17,sj,3,2007-12-10,50,12,54,False,42
MLP · raw lags,17,sj,3,2007-12-17,51,13,68,False,55
MLP · raw lags,17,sj,3,2007-12-24,52,17,58,False,41
MLP · raw lags,17,sj,3,2008-01-01,1,15,23,False,8
MLP · raw lags,17,sj,3,2008-01-08,2,14,25,False,11
MLP · raw lags,17,sj,3,2008-01-15,3,15,21,False,6
MLP · raw lags,17,sj,3,2008-01-22,4,10,18,False,8
MLP · raw lags,17,sj,3,2008-01-29,5,9,13,False,4
MLP · raw lags,17,sj,3,2008-02-05,6,2,12,False,10
MLP · raw lags,17,sj,3,2008-02-12,7,6,11,False,5
MLP · raw lags,17,sj,3,2008-02-19,8,8,12,False,4
MLP · raw lags,17,sj,3,2008-02-26,9,5,11,False,6
MLP · raw lags,17,sj,3,2008-03-04,10,1,10,False,9
MLP · raw lags,17,sj,3,2008-03-11,11,2,9,False,7
MLP · raw lags,17,sj,3,2008-03-18,12,3,9,False,6
MLP · raw lags,17,sj,3,2008-03-25,13,4,8,False,4
MLP · raw lags,17,sj,3,2008-04-01,14,3,8,False,5
MLP · raw lags,17,sj,3,2008-04-08,15,1,10,False,9
MLP · raw lags,17,sj,3,2008-04-15,16,3,8,False,5
MLP · raw lags,17,sj,3,2008-04-22,17,5,8,False,3
MLP · raw lags,42,sj,1,2005-04-30,17,4,12,False,8
MLP · raw lags,42,sj,1,2005-05-07,18,2,9,False,7
MLP · raw lags,42,sj,1,2005-05-14,19,6,10,False,4
MLP · raw lags,42,sj,1,2005-05-21,20,3,13,False,10
MLP · raw lags,42,sj,1,2005-05-28,21,4,12,False,8
MLP · raw lags,42,sj,1,2005-06-04,22,10,13,False,3
MLP · raw lags,42,sj,1,2005-06-11,23,12,13,False,1
MLP · raw lags,42,sj,1,2005-06-18,24,21,13,False,8
MLP · raw lags,42,sj,1,2005-06-25,25,26,13,False,13
MLP · raw lags,42,sj,1,2005-07-02,26,21,13,False,8
MLP · raw lags,42,sj,1,2005-07-09,27,30,14,False,16
MLP · raw lags,42,sj,1,2005-07-16,28,45,13,False,32
MLP · raw lags,42,sj,1,2005-07-23,29,56,12,False,44
MLP · raw lags,42,sj,1,2005-07-30,30,75,13,True,62
MLP · raw lags,42,sj,1,2005-08-06,31,83,21,True,62
MLP · raw lags,42,sj,1,2005-08-13,32,82,28,True,54
MLP · raw lags,42,sj,1,2005-08-20,33,126,36,True,90
MLP · raw lags,42,sj,1,2005-08-27,34,119,30,True,89
MLP · raw lags,42,sj,1,2005-09-03,35,137,39,True,98
MLP · raw lags,42,sj,1,2005-09-10,36,131,47,True,84
MLP · raw lags,42,sj,1,2005-09-17,37,112,41,True,71
MLP · raw lags,42,sj,1,2005-09-24,38,82,31,True,51
MLP · raw lags,42,sj,1,2005-10-01,39,73,23,True,50
MLP · raw lags,42,sj,1,2005-10-08,40,43,19,False,24
MLP · raw lags,42,sj,1,2005-10-15,41,55,28,False,27
MLP · raw lags,42,sj,1,2005-10-22,42,55,34,False,21
MLP · raw lags,42,sj,1,2005-10-29,43,53,19,False,34
MLP · raw lags,42,sj,1,2005-11-05,44,46,22,False,24
MLP · raw lags,42,sj,1,2005-11-12,45,43,42,False,1
MLP · raw lags,42,sj,1,2005-11-19,46,29,48,False,19
MLP · raw lags,42,sj,1,2005-11-26,47,22,28,False,6
MLP · raw lags,42,sj,1,2005-12-03,48,26,23,False,3
MLP · raw lags,42,sj,1,2005-12-10,49,13,59,False,46
MLP · raw lags,42,sj,1,2005-12-17,50,17,46,False,29
MLP · raw lags,42,sj,1,2005-12-24,51,8,31,False,23
MLP · raw lags,42,sj,1,2006-01-01,52,13,13,False,0
MLP · raw lags,42,sj,1,2006-01-08,1,10,14,False,4
MLP · raw lags,42,sj,1,2006-01-15,2,17,21,False,4
MLP · raw lags,42,sj,1,2006-01-22,3,19,14,False,5
MLP · raw lags,42,sj,1,2006-01-29,4,9,16,False,7
MLP · raw lags,42,sj,1,2006-02-05,5,9,13,False,4
MLP · raw lags,42,sj,1,2006-02-12,6,9,11,False,2
MLP · raw lags,42,sj,1,2006-02-19,7,3,10,False,7
MLP · raw lags,42,sj,1,2006-02-26,8,7,9,False,2
MLP · raw lags,42,sj,1,2006-03-05,9,7,9,False,2
MLP · raw lags,42,sj,1,2006-03-12,10,0,11,False,11
MLP · raw lags,42,sj,1,2006-03-19,11,2,9,False,7
MLP · raw lags,42,sj,1,2006-03-26,12,3,10,False,7
MLP · raw lags,42,sj,1,2006-04-02,13,3,9,False,6
MLP · raw lags,42,sj,1,2006-04-09,14,1,9,False,8
MLP · raw lags,42,sj,1,2006-04-16,15,3,8,False,5
MLP · raw lags,42,sj,1,2006-04-23,16,3,8,False,5
MLP · raw lags,42,sj,2,2006-04-30,17,3,6,False,3
MLP · raw lags,42,sj,2,2006-05-07,18,7,4,False,3
MLP · raw lags,42,sj,2,2006-05-14,19,3,3,False,0
MLP · raw lags,42,sj,2,2006-05-21,20,5,5,False,0
MLP · raw lags,42,sj,2,2006-05-28,21,11,5,False,6
MLP · raw lags,42,sj,2,2006-06-04,22,5,4,False,1
MLP · raw lags,42,sj,2,2006-06-11,23,5,5,False,0
MLP · raw lags,42,sj,2,2006-06-18,24,6,7,False,1
MLP · raw lags,42,sj,2,2006-06-25,25,6,11,False,5
MLP · raw lags,42,sj,2,2006-07-02,26,4,9,False,5
MLP · raw lags,42,sj,2,2006-07-09,27,4,10,False,6
MLP · raw lags,42,sj,2,2006-07-16,28,8,7,False,1
MLP · raw lags,42,sj,2,2006-07-23,29,14,4,False,10
MLP · raw lags,42,sj,2,2006-07-30,30,12,6,False,6
MLP · raw lags,42,sj,2,2006-08-06,31,16,7,False,9
MLP · raw lags,42,sj,2,2006-08-13,32,10,11,False,1
MLP · raw lags,42,sj,2,2006-08-20,33,16,14,False,2
MLP · raw lags,42,sj,2,2006-08-27,34,18,15,False,3
MLP · raw lags,42,sj,2,2006-09-03,35,15,16,False,1
MLP · raw lags,42,sj,2,2006-09-10,36,23,15,False,8
MLP · raw lags,42,sj,2,2006-09-17,37,17,15,False,2
MLP · raw lags,42,sj,2,2006-09-24,38,33,16,False,17
MLP · raw lags,42,sj,2,2006-10-01,39,15,16,False,1
MLP · raw lags,42,sj,2,2006-10-08,40,13,16,False,3
MLP · raw lags,42,sj,2,2006-10-15,41,11,20,False,9
MLP · raw lags,42,sj,2,2006-10-22,42,14,20,False,6
MLP · raw lags,42,sj,2,2006-10-29,43,17,18,False,1
MLP · raw lags,42,sj,2,2006-11-05,44,19,35,False,16
MLP · raw lags,42,sj,2,2006-11-12,45,20,36,False,16
MLP · raw lags,42,sj,2,2006-11-19,46,12,57,False,45
MLP · raw lags,42,sj,2,2006-11-26,47,21,45,False,24
MLP · raw lags,42,sj,2,2006-12-03,48,7,27,False,20
MLP · raw lags,42,sj,2,2006-12-10,49,19,19,False,0
MLP · raw lags,42,sj,2,2006-12-17,50,10,27,False,17
MLP · raw lags,42,sj,2,2006-12-24,51,13,14,False,1
MLP · raw lags,42,sj,2,2007-01-01,1,10,14,False,4
MLP · raw lags,42,sj,2,2007-01-08,2,8,12,False,4
MLP · raw lags,42,sj,2,2007-01-15,3,21,10,False,11
MLP · raw lags,42,sj,2,2007-01-22,4,11,12,False,1
MLP · raw lags,42,sj,2,2007-01-29,5,9,11,False,2
MLP · raw lags,42,sj,2,2007-02-05,6,14,13,False,1
MLP · raw lags,42,sj,2,2007-02-12,7,14,14,False,0
MLP · raw lags,42,sj,2,2007-02-19,8,15,12,False,3
MLP · raw lags,42,sj,2,2007-02-26,9,18,12,False,6
MLP · raw lags,42,sj,2,2007-03-05,10,16,14,False,2
MLP · raw lags,42,sj,2,2007-03-12,11,12,9,False,3
MLP · raw lags,42,sj,2,2007-03-19,12,20,10,False,10
MLP · raw lags,42,sj,2,2007-03-26,13,8,10,False,2
MLP · raw lags,42,sj,2,2007-04-02,14,3,13,False,10
MLP · raw lags,42,sj,2,2007-04-09,15,13,8,False,5
MLP · raw lags,42,sj,2,2007-04-16,16,4,10,False,6
MLP · raw lags,42,sj,2,2007-04-23,17,1,11,False,10
MLP · raw lags,42,sj,3,2007-04-30,18,10,11,False,1
MLP · raw lags,42,sj,3,2007-05-07,19,8,11,False,3
MLP · raw lags,42,sj,3,2007-05-14,20,13,11,False,2
MLP · raw lags,42,sj,3,2007-05-21,21,10,11,False,1
MLP · raw lags,42,sj,3,2007-05-28,22,21,11,False,10
MLP · raw lags,42,sj,3,2007-06-04,23,18,11,False,7
MLP · raw lags,42,sj,3,2007-06-11,24,21,11,False,10
MLP · raw lags,42,sj,3,2007-06-18,25,34,11,False,23
MLP · raw lags,42,sj,3,2007-06-25,26,25,11,False,14
MLP · raw lags,42,sj,3,2007-07-02,27,34,11,False,23
MLP · raw lags,42,sj,3,2007-07-09,28,33,11,False,22
MLP · raw lags,42,sj,3,2007-07-16,29,40,11,False,29
MLP · raw lags,42,sj,3,2007-07-23,30,42,15,False,27
MLP · raw lags,42,sj,3,2007-07-30,31,36,18,False,18
MLP · raw lags,42,sj,3,2007-08-06,32,72,26,True,46
MLP · raw lags,42,sj,3,2007-08-13,33,75,17,True,58
MLP · raw lags,42,sj,3,2007-08-20,34,76,18,True,58
MLP · raw lags,42,sj,3,2007-08-27,35,92,13,True,79
MLP · raw lags,42,sj,3,2007-09-03,36,71,17,True,54
MLP · raw lags,42,sj,3,2007-09-10,37,112,24,True,88
MLP · raw lags,42,sj,3,2007-09-17,38,106,48,True,58
MLP · raw lags,42,sj,3,2007-09-24,39,101,38,True,63
MLP · raw lags,42,sj,3,2007-10-01,40,170,42,True,128
MLP · raw lags,42,sj,3,2007-10-08,41,135,57,True,78
MLP · raw lags,42,sj,3,2007-10-15,42,106,88,True,18
MLP · raw lags,42,sj,3,2007-10-22,43,68,109,False,41
MLP · raw lags,42,sj,3,2007-10-29,44,48,113,False,65
MLP · raw lags,42,sj,3,2007-11-05,45,48,132,False,84
MLP · raw lags,42,sj,3,2007-11-12,46,26,174,False,148
MLP · raw lags,42,sj,3,2007-11-19,47,33,110,False,77
MLP · raw lags,42,sj,3,2007-11-26,48,29,135,False,106
MLP · raw lags,42,sj,3,2007-12-03,49,17,135,False,118
MLP · raw lags,42,sj,3,2007-12-10,50,12,43,False,31
MLP · raw lags,42,sj,3,2007-12-17,51,13,60,False,47
MLP · raw lags,42,sj,3,2007-12-24,52,17,49,False,32
MLP · raw lags,42,sj,3,2008-01-01,1,15,29,False,14
MLP · raw lags,42,sj,3,2008-01-08,2,14,25,False,11
MLP · raw lags,42,sj,3,2008-01-15,3,15,14,False,1
MLP · raw lags,42,sj,3,2008-01-22,4,10,21,False,11
MLP · raw lags,42,sj,3,2008-01-29,5,9,12,False,3
MLP · raw lags,42,sj,3,2008-02-05,6,2,11,False,9
MLP · raw lags,42,sj,3,2008-02-12,7,6,11,False,5
MLP · raw lags,42,sj,3,2008-02-19,8,8,11,False,3
MLP · raw lags,42,sj,3,2008-02-26,9,5,11,False,6
MLP · raw lags,42,sj,3,2008-03-04,10,1,11,False,10
MLP · raw lags,42,sj,3,2008-03-11,11,2,11,False,9
MLP · raw lags,42,sj,3,2008-03-18,12,3,11,False,8
MLP · raw lags,42,sj,3,2008-03-25,13,4,11,False,7
MLP · raw lags,42,sj,3,2008-04-01,14,3,11,False,8
MLP · raw lags,42,sj,3,2008-04-08,15,1,11,False,10
MLP · raw lags,42,sj,3,2008-04-15,16,3,11,False,8
MLP · raw lags,42,sj,3,2008-04-22,17,5,11,False,6
MLP · raw lags,73,sj,1,2005-04-30,17,4,13,False,9
MLP · raw lags,73,sj,1,2005-05-07,18,2,13,False,11
MLP · raw lags,73,sj,1,2005-05-14,19,6,13,False,7
MLP · raw lags,73,sj,1,2005-05-21,20,3,13,False,10
MLP · raw lags,73,sj,1,2005-05-28,21,4,13,False,9
MLP · raw lags,73,sj,1,2005-06-04,22,10,13,False,3
MLP · raw lags,73,sj,1,2005-06-11,23,12,13,False,1
MLP · raw lags,73,sj,1,2005-06-18,24,21,13,False,8
MLP · raw lags,73,sj,1,2005-06-25,25,26,13,False,13
MLP · raw lags,73,sj,1,2005-07-02,26,21,13,False,8
MLP · raw lags,73,sj,1,2005-07-09,27,30,13,False,17
MLP · raw lags,73,sj,1,2005-07-16,28,45,13,False,32
MLP · raw lags,73,sj,1,2005-07-23,29,56,14,False,42
MLP · raw lags,73,sj,1,2005-07-30,30,75,13,True,62
MLP · raw lags,73,sj,1,2005-08-06,31,83,20,True,63
MLP · raw lags,73,sj,1,2005-08-13,32,82,20,True,62
MLP · raw lags,73,sj,1,2005-08-20,33,126,24,True,102
MLP · raw lags,73,sj,1,2005-08-27,34,119,28,True,91
MLP · raw lags,73,sj,1,2005-09-03,35,137,37,True,100
MLP · raw lags,73,sj,1,2005-09-10,36,131,38,True,93
MLP · raw lags,73,sj,1,2005-09-17,37,112,33,True,79
MLP · raw lags,73,sj,1,2005-09-24,38,82,26,True,56
MLP · raw lags,73,sj,1,2005-10-01,39,73,21,True,52
MLP · raw lags,73,sj,1,2005-10-08,40,43,22,False,21
MLP · raw lags,73,sj,1,2005-10-15,41,55,19,False,36
MLP · raw lags,73,sj,1,2005-10-22,42,55,23,False,32
MLP · raw lags,73,sj,1,2005-10-29,43,53,17,False,36
MLP · raw lags,73,sj,1,2005-11-05,44,46,21,False,25
MLP · raw lags,73,sj,1,2005-11-12,45,43,51,False,8
MLP · raw lags,73,sj,1,2005-11-19,46,29,45,False,16
MLP · raw lags,73,sj,1,2005-11-26,47,22,46,False,24
MLP · raw lags,73,sj,1,2005-12-03,48,26,34,False,8
MLP · raw lags,73,sj,1,2005-12-10,49,13,61,False,48
MLP · raw lags,73,sj,1,2005-12-17,50,17,26,False,9
MLP · raw lags,73,sj,1,2005-12-24,51,8,22,False,14
MLP · raw lags,73,sj,1,2006-01-01,52,13,13,False,0
MLP · raw lags,73,sj,1,2006-01-08,1,10,12,False,2
MLP · raw lags,73,sj,1,2006-01-15,2,17,14,False,3
MLP · raw lags,73,sj,1,2006-01-22,3,19,19,False,0
MLP · raw lags,73,sj,1,2006-01-29,4,9,17,False,8
MLP · raw lags,73,sj,1,2006-02-05,5,9,15,False,6
MLP · raw lags,73,sj,1,2006-02-12,6,9,11,False,2
MLP · raw lags,73,sj,1,2006-02-19,7,3,11,False,8
MLP · raw lags,73,sj,1,2006-02-26,8,7,11,False,4
MLP · raw lags,73,sj,1,2006-03-05,9,7,11,False,4
MLP · raw lags,73,sj,1,2006-03-12,10,0,12,False,12
MLP · raw lags,73,sj,1,2006-03-19,11,2,11,False,9
MLP · raw lags,73,sj,1,2006-03-26,12,3,11,False,8
MLP · raw lags,73,sj,1,2006-04-02,13,3,10,False,7
MLP · raw lags,73,sj,1,2006-04-09,14,1,12,False,11
MLP · raw lags,73,sj,1,2006-04-16,15,3,12,False,9
MLP · raw lags,73,sj,1,2006-04-23,16,3,12,False,9
MLP · raw lags,73,sj,2,2006-04-30,17,3,7,False,4
MLP · raw lags,73,sj,2,2006-05-07,18,7,7,False,0
MLP · raw lags,73,sj,2,2006-05-14,19,3,9,False,6
MLP · raw lags,73,sj,2,2006-05-21,20,5,11,False,6
MLP · raw lags,73,sj,2,2006-05-28,21,11,7,False,4
MLP · raw lags,73,sj,2,2006-06-04,22,5,9,False,4
MLP · raw lags,73,sj,2,2006-06-11,23,5,10,False,5
MLP · raw lags,73,sj,2,2006-06-18,24,6,10,False,4
MLP · raw lags,73,sj,2,2006-06-25,25,6,11,False,5
MLP · raw lags,73,sj,2,2006-07-02,26,4,11,False,7
MLP · raw lags,73,sj,2,2006-07-09,27,4,12,False,8
MLP · raw lags,73,sj,2,2006-07-16,28,8,10,False,2
MLP · raw lags,73,sj,2,2006-07-23,29,14,8,False,6
MLP · raw lags,73,sj,2,2006-07-30,30,12,11,False,1
MLP · raw lags,73,sj,2,2006-08-06,31,16,11,False,5
MLP · raw lags,73,sj,2,2006-08-13,32,10,12,False,2
MLP · raw lags,73,sj,2,2006-08-20,33,16,19,False,3
MLP · raw lags,73,sj,2,2006-08-27,34,18,24,False,6
MLP · raw lags,73,sj,2,2006-09-03,35,15,29,False,14
MLP · raw lags,73,sj,2,2006-09-10,36,23,25,False,2
MLP · raw lags,73,sj,2,2006-09-17,37,17,22,False,5
MLP · raw lags,73,sj,2,2006-09-24,38,33,16,False,17
MLP · raw lags,73,sj,2,2006-10-01,39,15,21,False,6
MLP · raw lags,73,sj,2,2006-10-08,40,13,24,False,11
MLP · raw lags,73,sj,2,2006-10-15,41,11,34,False,23
MLP · raw lags,73,sj,2,2006-10-22,42,14,22,False,8
MLP · raw lags,73,sj,2,2006-10-29,43,17,22,False,5
MLP · raw lags,73,sj,2,2006-11-05,44,19,32,False,13
MLP · raw lags,73,sj,2,2006-11-12,45,20,46,False,26
MLP · raw lags,73,sj,2,2006-11-19,46,12,57,False,45
MLP · raw lags,73,sj,2,2006-11-26,47,21,38,False,17
MLP · raw lags,73,sj,2,2006-12-03,48,7,27,False,20
MLP · raw lags,73,sj,2,2006-12-10,49,19,26,False,7
MLP · raw lags,73,sj,2,2006-12-17,50,10,23,False,13
MLP · raw lags,73,sj,2,2006-12-24,51,13,14,False,1
MLP · raw lags,73,sj,2,2007-01-01,1,10,13,False,3
MLP · raw lags,73,sj,2,2007-01-08,2,8,12,False,4
MLP · raw lags,73,sj,2,2007-01-15,3,21,11,False,10
MLP · raw lags,73,sj,2,2007-01-22,4,11,12,False,1
MLP · raw lags,73,sj,2,2007-01-29,5,9,11,False,2
MLP · raw lags,73,sj,2,2007-02-05,6,14,12,False,2
MLP · raw lags,73,sj,2,2007-02-12,7,14,13,False,1
MLP · raw lags,73,sj,2,2007-02-19,8,15,11,False,4
MLP · raw lags,73,sj,2,2007-02-26,9,18,10,False,8
MLP · raw lags,73,sj,2,2007-03-05,10,16,11,False,5
MLP · raw lags,73,sj,2,2007-03-12,11,12,9,False,3
MLP · raw lags,73,sj,2,2007-03-19,12,20,9,False,11
MLP · raw lags,73,sj,2,2007-03-26,13,8,9,False,1
MLP · raw lags,73,sj,2,2007-04-02,14,3,8,False,5
MLP · raw lags,73,sj,2,2007-04-09,15,13,8,False,5
MLP · raw lags,73,sj,2,2007-04-16,16,4,8,False,4
MLP · raw lags,73,sj,2,2007-04-23,17,1,10,False,9
MLP · raw lags,73,sj,3,2007-04-30,18,10,10,False,0
MLP · raw lags,73,sj,3,2007-05-07,19,8,7,False,1
MLP · raw lags,73,sj,3,2007-05-14,20,13,6,False,7
MLP · raw lags,73,sj,3,2007-05-21,21,10,8,False,2
MLP · raw lags,73,sj,3,2007-05-28,22,21,10,False,11
MLP · raw lags,73,sj,3,2007-06-04,23,18,11,False,7
MLP · raw lags,73,sj,3,2007-06-11,24,21,12,False,9
MLP · raw lags,73,sj,3,2007-06-18,25,34,12,False,22
MLP · raw lags,73,sj,3,2007-06-25,26,25,12,False,13
MLP · raw lags,73,sj,3,2007-07-02,27,34,16,False,18
MLP · raw lags,73,sj,3,2007-07-09,28,33,19,False,14
MLP · raw lags,73,sj,3,2007-07-16,29,40,13,False,27
MLP · raw lags,73,sj,3,2007-07-23,30,42,20,False,22
MLP · raw lags,73,sj,3,2007-07-30,31,36,36,False,0
MLP · raw lags,73,sj,3,2007-08-06,32,72,40,True,32
MLP · raw lags,73,sj,3,2007-08-13,33,75,31,True,44
MLP · raw lags,73,sj,3,2007-08-20,34,76,34,True,42
MLP · raw lags,73,sj,3,2007-08-27,35,92,30,True,62
MLP · raw lags,73,sj,3,2007-09-03,36,71,42,True,29
MLP · raw lags,73,sj,3,2007-09-10,37,112,48,True,64
MLP · raw lags,73,sj,3,2007-09-17,38,106,51,True,55
MLP · raw lags,73,sj,3,2007-09-24,39,101,25,True,76
MLP · raw lags,73,sj,3,2007-10-01,40,170,32,True,138
MLP · raw lags,73,sj,3,2007-10-08,41,135,62,True,73
MLP · raw lags,73,sj,3,2007-10-15,42,106,95,True,11
MLP · raw lags,73,sj,3,2007-10-22,43,68,109,False,41
MLP · raw lags,73,sj,3,2007-10-29,44,48,118,False,70
MLP · raw lags,73,sj,3,2007-11-05,45,48,101,False,53
MLP · raw lags,73,sj,3,2007-11-12,46,26,159,False,133
MLP · raw lags,73,sj,3,2007-11-19,47,33,107,False,74
MLP · raw lags,73,sj,3,2007-11-26,48,29,106,False,77
MLP · raw lags,73,sj,3,2007-12-03,49,17,86,False,69
MLP · raw lags,73,sj,3,2007-12-10,50,12,32,False,20
MLP · raw lags,73,sj,3,2007-12-17,51,13,44,False,31
MLP · raw lags,73,sj,3,2007-12-24,52,17,29,False,12
MLP · raw lags,73,sj,3,2008-01-01,1,15,17,False,2
MLP · raw lags,73,sj,3,2008-01-08,2,14,22,False,8
MLP · raw lags,73,sj,3,2008-01-15,3,15,15,False,0
MLP · raw lags,73,sj,3,2008-01-22,4,10,14,False,4
MLP · raw lags,73,sj,3,2008-01-29,5,9,13,False,4
MLP · raw lags,73,sj,3,2008-02-05,6,2,11,False,9
MLP · raw lags,73,sj,3,2008-02-12,7,6,10,False,4
MLP · raw lags,73,sj,3,2008-02-19,8,8,11,False,3
MLP · raw lags,73,sj,3,2008-02-26,9,5,11,False,6
MLP · raw lags,73,sj,3,2008-03-04,10,1,8,False,7
MLP · raw lags,73,sj,3,2008-03-11,11,2,3,False,1
MLP · raw lags,73,sj,3,2008-03-18,12,3,4,False,1
MLP · raw lags,73,sj,3,2008-03-25,13,4,4,False,0
MLP · raw lags,73,sj,3,2008-04-01,14,3,4,False,1
MLP · raw lags,73,sj,3,2008-04-08,15,1,4,False,3
MLP · raw lags,73,sj,3,2008-04-15,16,3,0,False,3
MLP · raw lags,73,sj,3,2008-04-22,17,5,0,False,5
MLP · raw lags,17,iq,1,2007-07-02,27,3,1,False,2
MLP · raw lags,17,iq,1,2007-07-09,28,4,1,False,3
MLP · raw lags,17,iq,1,2007-07-16,29,1,0,False,1
MLP · raw lags,17,iq,1,2007-07-23,30,8,0,False,8
MLP · raw lags,17,iq,1,2007-07-30,31,5,0,False,5
MLP · raw lags,17,iq,1,2007-08-06,32,3,0,False,3
MLP · raw lags,17,iq,1,2007-08-13,33,2,0,False,2
MLP · raw lags,17,iq,1,2007-08-20,34,7,0,False,7
MLP · raw lags,17,iq,1,2007-08-27,35,1,0,False,1
MLP · raw lags,17,iq,1,2007-09-03,36,6,1,False,5
MLP · raw lags,17,iq,1,2007-09-10,37,7,0,False,7
MLP · raw lags,17,iq,1,2007-09-17,38,5,0,False,5
MLP · raw lags,17,iq,1,2007-09-24,39,2,0,False,2
MLP · raw lags,17,iq,1,2007-10-01,40,6,1,False,5
MLP · raw lags,17,iq,1,2007-10-08,41,11,1,False,10
MLP · raw lags,17,iq,1,2007-10-15,42,6,1,False,5
MLP · raw lags,17,iq,1,2007-10-22,43,3,5,False,2
MLP · raw lags,17,iq,1,2007-10-29,44,11,2,False,9
MLP · raw lags,17,iq,1,2007-11-05,45,11,1,False,10
MLP · raw lags,17,iq,1,2007-11-12,46,5,4,False,1
MLP · raw lags,17,iq,1,2007-11-19,47,4,12,False,8
MLP · raw lags,17,iq,1,2007-11-26,48,9,10,False,1
MLP · raw lags,17,iq,1,2007-12-03,49,23,15,True,8
MLP · raw lags,17,iq,1,2007-12-10,50,28,8,True,20
MLP · raw lags,17,iq,1,2007-12-17,51,26,14,True,12
MLP · raw lags,17,iq,1,2007-12-24,52,7,13,False,6
MLP · raw lags,17,iq,1,2008-01-01,1,29,19,True,10
MLP · raw lags,17,iq,1,2008-01-08,2,58,24,True,34
MLP · raw lags,17,iq,1,2008-01-15,3,26,9,True,17
MLP · raw lags,17,iq,1,2008-01-22,4,38,13,True,25
MLP · raw lags,17,iq,1,2008-01-29,5,35,12,True,23
MLP · raw lags,17,iq,1,2008-02-05,6,37,7,True,30
MLP · raw lags,17,iq,1,2008-02-12,7,20,6,True,14
MLP · raw lags,17,iq,1,2008-02-19,8,29,6,True,23
MLP · raw lags,17,iq,1,2008-02-26,9,25,7,True,18
MLP · raw lags,17,iq,1,2008-03-04,10,23,6,True,17
MLP · raw lags,17,iq,1,2008-03-11,11,9,2,False,7
MLP · raw lags,17,iq,1,2008-03-18,12,3,5,False,2
MLP · raw lags,17,iq,1,2008-03-25,13,6,6,False,0
MLP · raw lags,17,iq,1,2008-04-01,14,6,5,False,1
MLP · raw lags,17,iq,1,2008-04-08,15,3,6,False,3
MLP · raw lags,17,iq,1,2008-04-15,16,1,4,False,3
MLP · raw lags,17,iq,1,2008-04-22,17,3,9,False,6
MLP · raw lags,17,iq,1,2008-04-29,18,1,5,False,4
MLP · raw lags,17,iq,1,2008-05-06,19,1,4,False,3
MLP · raw lags,17,iq,1,2008-05-13,20,0,3,False,3
MLP · raw lags,17,iq,1,2008-05-20,21,2,2,False,0
MLP · raw lags,17,iq,1,2008-05-27,22,1,6,False,5
MLP · raw lags,17,iq,1,2008-06-03,23,1,1,False,0
MLP · raw lags,17,iq,1,2008-06-10,24,0,1,False,1
MLP · raw lags,17,iq,1,2008-06-17,25,0,1,False,1
MLP · raw lags,17,iq,1,2008-06-24,26,1,0,False,1
MLP · raw lags,17,iq,2,2008-07-01,27,0,0,False,0
MLP · raw lags,17,iq,2,2008-07-08,28,3,1,False,2
MLP · raw lags,17,iq,2,2008-07-15,29,3,0,False,3
MLP · raw lags,17,iq,2,2008-07-22,30,1,0,False,1
MLP · raw lags,17,iq,2,2008-07-29,31,5,0,False,5
MLP · raw lags,17,iq,2,2008-08-05,32,2,0,False,2
MLP · raw lags,17,iq,2,2008-08-12,33,5,0,False,5
MLP · raw lags,17,iq,2,2008-08-19,34,5,0,False,5
MLP · raw lags,17,iq,2,2008-08-26,35,5,0,False,5
MLP · raw lags,17,iq,2,2008-09-02,36,9,0,False,9
MLP · raw lags,17,iq,2,2008-09-09,37,17,0,False,17
MLP · raw lags,17,iq,2,2008-09-16,38,19,1,True,18
MLP · raw lags,17,iq,2,2008-09-23,39,25,1,True,24
MLP · raw lags,17,iq,2,2008-09-30,40,45,1,True,44
MLP · raw lags,17,iq,2,2008-10-07,41,34,1,True,33
MLP · raw lags,17,iq,2,2008-10-14,42,63,1,True,62
MLP · raw lags,17,iq,2,2008-10-21,43,44,1,True,43
MLP · raw lags,17,iq,2,2008-10-28,44,50,1,True,49
MLP · raw lags,17,iq,2,2008-11-04,45,35,3,True,32
MLP · raw lags,17,iq,2,2008-11-11,46,16,2,False,14
MLP · raw lags,17,iq,2,2008-11-18,47,16,1,False,15
MLP · raw lags,17,iq,2,2008-11-25,48,13,2,False,11
MLP · raw lags,17,iq,2,2008-12-02,49,9,1,False,8
MLP · raw lags,17,iq,2,2008-12-09,50,15,1,False,14
MLP · raw lags,17,iq,2,2008-12-16,51,4,1,False,3
MLP · raw lags,17,iq,2,2008-12-23,52,0,2,False,2
MLP · raw lags,17,iq,2,2009-01-01,1,1,2,False,1
MLP · raw lags,17,iq,2,2009-01-08,2,10,1,False,9
MLP · raw lags,17,iq,2,2009-01-15,3,11,4,False,7
MLP · raw lags,17,iq,2,2009-01-22,4,29,7,True,22
MLP · raw lags,17,iq,2,2009-01-29,5,35,5,True,30
MLP · raw lags,17,iq,2,2009-02-05,6,30,5,True,25
MLP · raw lags,17,iq,2,2009-02-12,7,20,9,True,11
MLP · raw lags,17,iq,2,2009-02-19,8,21,11,True,10
MLP · raw lags,17,iq,2,2009-02-26,9,12,12,False,0
MLP · raw lags,17,iq,2,2009-03-05,10,9,11,False,2
MLP · raw lags,17,iq,2,2009-03-12,11,11,11,False,0
MLP · raw lags,17,iq,2,2009-03-19,12,9,12,False,3
MLP · raw lags,17,iq,2,2009-03-26,13,5,13,False,8
MLP · raw lags,17,iq,2,2009-04-02,14,11,13,False,2
MLP · raw lags,17,iq,2,2009-04-09,15,3,13,False,10
MLP · raw lags,17,iq,2,2009-04-16,16,5,16,False,11
MLP · raw lags,17,iq,2,2009-04-23,17,5,16,False,11
MLP · raw lags,17,iq,2,2009-04-30,18,4,13,False,9
MLP · raw lags,17,iq,2,2009-05-07,19,4,12,False,8
MLP · raw lags,17,iq,2,2009-05-14,20,1,13,False,12
MLP · raw lags,17,iq,2,2009-05-21,21,0,9,False,9
MLP · raw lags,17,iq,2,2009-05-28,22,2,13,False,11
MLP · raw lags,17,iq,2,2009-06-04,23,3,11,False,8
MLP · raw lags,17,iq,2,2009-06-11,24,3,7,False,4
MLP · raw lags,17,iq,2,2009-06-18,25,5,5,False,0
MLP · raw lags,17,iq,2,2009-06-25,26,2,4,False,2
MLP · raw lags,17,iq,3,2009-07-02,27,1,3,False,2
MLP · raw lags,17,iq,3,2009-07-09,28,2,2,False,0
MLP · raw lags,17,iq,3,2009-07-16,29,0,1,False,1
MLP · raw lags,17,iq,3,2009-07-23,30,0,1,False,1
MLP · raw lags,17,iq,3,2009-07-30,31,3,1,False,2
MLP · raw lags,17,iq,3,2009-08-06,32,5,2,False,3
MLP · raw lags,17,iq,3,2009-08-13,33,5,2,False,3
MLP · raw lags,17,iq,3,2009-08-20,34,7,2,False,5
MLP · raw lags,17,iq,3,2009-08-27,35,5,2,False,3
MLP · raw lags,17,iq,3,2009-09-03,36,2,2,False,0
MLP · raw lags,17,iq,3,2009-09-10,37,2,2,False,0
MLP · raw lags,17,iq,3,2009-09-17,38,2,1,False,1
MLP · raw lags,17,iq,3,2009-09-24,39,0,3,False,3
MLP · raw lags,17,iq,3,2009-10-01,40,2,2,False,0
MLP · raw lags,17,iq,3,2009-10-08,41,1,2,False,1
MLP · raw lags,17,iq,3,2009-10-15,42,1,1,False,0
MLP · raw lags,17,iq,3,2009-10-22,43,2,2,False,0
MLP · raw lags,17,iq,3,2009-10-29,44,2,2,False,0
MLP · raw lags,17,iq,3,2009-11-05,45,3,4,False,1
MLP · raw lags,17,iq,3,2009-11-12,46,9,5,False,4
MLP · raw lags,17,iq,3,2009-11-19,47,5,3,False,2
MLP · raw lags,17,iq,3,2009-11-26,48,5,4,False,1
MLP · raw lags,17,iq,3,2009-12-03,49,4,4,False,0
MLP · raw lags,17,iq,3,2009-12-10,50,4,3,False,1
MLP · raw lags,17,iq,3,2009-12-17,51,1,2,False,1
MLP · raw lags,17,iq,3,2009-12-24,52,0,2,False,2
MLP · raw lags,17,iq,3,2010-01-01,53,0,2,False,2
MLP · raw lags,17,iq,3,2010-01-08,1,10,2,False,8
MLP · raw lags,17,iq,3,2010-01-15,2,9,2,False,7
MLP · raw lags,17,iq,3,2010-01-22,3,17,2,False,15
MLP · raw lags,17,iq,3,2010-01-29,4,16,2,False,14
MLP · raw lags,17,iq,3,2010-02-05,5,11,2,False,9
MLP · raw lags,17,iq,3,2010-02-12,6,12,2,False,10
MLP · raw lags,17,iq,3,2010-02-19,7,19,2,False,17
MLP · raw lags,17,iq,3,2010-02-26,8,15,2,False,13
MLP · raw lags,17,iq,3,2010-03-05,9,12,5,False,7
MLP · raw lags,17,iq,3,2010-03-12,10,12,3,False,9
MLP · raw lags,17,iq,3,2010-03-19,11,16,3,False,13
MLP · raw lags,17,iq,3,2010-03-26,12,9,5,False,4
MLP · raw lags,17,iq,3,2010-04-02,13,4,4,False,0
MLP · raw lags,17,iq,3,2010-04-09,14,9,3,False,6
MLP · raw lags,17,iq,3,2010-04-16,15,6,5,False,1
MLP · raw lags,17,iq,3,2010-04-23,16,8,7,False,1
MLP · raw lags,17,iq,3,2010-04-30,17,4,7,False,3
MLP · raw lags,17,iq,3,2010-05-07,18,2,9,False,7
MLP · raw lags,17,iq,3,2010-05-14,19,7,10,False,3
MLP · raw lags,17,iq,3,2010-05-21,20,6,7,False,1
MLP · raw lags,17,iq,3,2010-05-28,21,5,7,False,2
MLP · raw lags,17,iq,3,2010-06-04,22,8,7,False,1
MLP · raw lags,17,iq,3,2010-06-11,23,1,8,False,7
MLP · raw lags,17,iq,3,2010-06-18,24,1,5,False,4
MLP · raw lags,17,iq,3,2010-06-25,25,4,4,False,0
MLP · raw lags,42,iq,1,2007-07-02,27,3,0,False,3
MLP · raw lags,42,iq,1,2007-07-09,28,4,1,False,3
MLP · raw lags,42,iq,1,2007-07-16,29,1,0,False,1
MLP · raw lags,42,iq,1,2007-07-23,30,8,0,False,8
MLP · raw lags,42,iq,1,2007-07-30,31,5,0,False,5
MLP · raw lags,42,iq,1,2007-08-06,32,3,0,False,3
MLP · raw lags,42,iq,1,2007-08-13,33,2,0,False,2
MLP · raw lags,42,iq,1,2007-08-20,34,7,0,False,7
MLP · raw lags,42,iq,1,2007-08-27,35,1,0,False,1
MLP · raw lags,42,iq,1,2007-09-03,36,6,0,False,6
MLP · raw lags,42,iq,1,2007-09-10,37,7,0,False,7
MLP · raw lags,42,iq,1,2007-09-17,38,5,0,False,5
MLP · raw lags,42,iq,1,2007-09-24,39,2,0,False,2
MLP · raw lags,42,iq,1,2007-10-01,40,6,0,False,6
MLP · raw lags,42,iq,1,2007-10-08,41,11,1,False,10
MLP · raw lags,42,iq,1,2007-10-15,42,6,0,False,6
MLP · raw lags,42,iq,1,2007-10-22,43,3,6,False,3
MLP · raw lags,42,iq,1,2007-10-29,44,11,1,False,10
MLP · raw lags,42,iq,1,2007-11-05,45,11,5,False,6
MLP · raw lags,42,iq,1,2007-11-12,46,5,4,False,1
MLP · raw lags,42,iq,1,2007-11-19,47,4,11,False,7
MLP · raw lags,42,iq,1,2007-11-26,48,9,12,False,3
MLP · raw lags,42,iq,1,2007-12-03,49,23,13,True,10
MLP · raw lags,42,iq,1,2007-12-10,50,28,12,True,16
MLP · raw lags,42,iq,1,2007-12-17,51,26,16,True,10
MLP · raw lags,42,iq,1,2007-12-24,52,7,14,False,7
MLP · raw lags,42,iq,1,2008-01-01,1,29,24,True,5
MLP · raw lags,42,iq,1,2008-01-08,2,58,23,True,35
MLP · raw lags,42,iq,1,2008-01-15,3,26,12,True,14
MLP · raw lags,42,iq,1,2008-01-22,4,38,15,True,23
MLP · raw lags,42,iq,1,2008-01-29,5,35,14,True,21
MLP · raw lags,42,iq,1,2008-02-05,6,37,9,True,28
MLP · raw lags,42,iq,1,2008-02-12,7,20,8,True,12
MLP · raw lags,42,iq,1,2008-02-19,8,29,8,True,21
MLP · raw lags,42,iq,1,2008-02-26,9,25,8,True,17
MLP · raw lags,42,iq,1,2008-03-04,10,23,8,True,15
MLP · raw lags,42,iq,1,2008-03-11,11,9,3,False,6
MLP · raw lags,42,iq,1,2008-03-18,12,3,9,False,6
MLP · raw lags,42,iq,1,2008-03-25,13,6,5,False,1
MLP · raw lags,42,iq,1,2008-04-01,14,6,5,False,1
MLP · raw lags,42,iq,1,2008-04-08,15,3,6,False,3
MLP · raw lags,42,iq,1,2008-04-15,16,1,6,False,5
MLP · raw lags,42,iq,1,2008-04-22,17,3,10,False,7
MLP · raw lags,42,iq,1,2008-04-29,18,1,4,False,3
MLP · raw lags,42,iq,1,2008-05-06,19,1,3,False,2
MLP · raw lags,42,iq,1,2008-05-13,20,0,7,False,7
MLP · raw lags,42,iq,1,2008-05-20,21,2,2,False,0
MLP · raw lags,42,iq,1,2008-05-27,22,1,3,False,2
MLP · raw lags,42,iq,1,2008-06-03,23,1,1,False,0
MLP · raw lags,42,iq,1,2008-06-10,24,0,1,False,1
MLP · raw lags,42,iq,1,2008-06-17,25,0,0,False,0
MLP · raw lags,42,iq,1,2008-06-24,26,1,0,False,1
MLP · raw lags,42,iq,2,2008-07-01,27,0,0,False,0
MLP · raw lags,42,iq,2,2008-07-08,28,3,1,False,2
MLP · raw lags,42,iq,2,2008-07-15,29,3,0,False,3
MLP · raw lags,42,iq,2,2008-07-22,30,1,0,False,1
MLP · raw lags,42,iq,2,2008-07-29,31,5,0,False,5
MLP · raw lags,42,iq,2,2008-08-05,32,2,0,False,2
MLP · raw lags,42,iq,2,2008-08-12,33,5,0,False,5
MLP · raw lags,42,iq,2,2008-08-19,34,5,0,False,5
MLP · raw lags,42,iq,2,2008-08-26,35,5,0,False,5
MLP · raw lags,42,iq,2,2008-09-02,36,9,0,False,9
MLP · raw lags,42,iq,2,2008-09-09,37,17,0,False,17
MLP · raw lags,42,iq,2,2008-09-16,38,19,0,True,19
MLP · raw lags,42,iq,2,2008-09-23,39,25,1,True,24
MLP · raw lags,42,iq,2,2008-09-30,40,45,1,True,44
MLP · raw lags,42,iq,2,2008-10-07,41,34,0,True,34
MLP · raw lags,42,iq,2,2008-10-14,42,63,1,True,62
MLP · raw lags,42,iq,2,2008-10-21,43,44,0,True,44
MLP · raw lags,42,iq,2,2008-10-28,44,50,1,True,49
MLP · raw lags,42,iq,2,2008-11-04,45,35,3,True,32
MLP · raw lags,42,iq,2,2008-11-11,46,16,1,False,15
MLP · raw lags,42,iq,2,2008-11-18,47,16,1,False,15
MLP · raw lags,42,iq,2,2008-11-25,48,13,2,False,11
MLP · raw lags,42,iq,2,2008-12-02,49,9,1,False,8
MLP · raw lags,42,iq,2,2008-12-09,50,15,1,False,14
MLP · raw lags,42,iq,2,2008-12-16,51,4,1,False,3
MLP · raw lags,42,iq,2,2008-12-23,52,0,5,False,5
MLP · raw lags,42,iq,2,2009-01-01,1,1,6,False,5
MLP · raw lags,42,iq,2,2009-01-08,2,10,2,False,8
MLP · raw lags,42,iq,2,2009-01-15,3,11,7,False,4
MLP · raw lags,42,iq,2,2009-01-22,4,29,10,True,19
MLP · raw lags,42,iq,2,2009-01-29,5,35,10,True,25
MLP · raw lags,42,iq,2,2009-02-05,6,30,9,True,21
MLP · raw lags,42,iq,2,2009-02-12,7,20,11,True,9
MLP · raw lags,42,iq,2,2009-02-19,8,21,13,True,8
MLP · raw lags,42,iq,2,2009-02-26,9,12,11,False,1
MLP · raw lags,42,iq,2,2009-03-05,10,9,8,False,1
MLP · raw lags,42,iq,2,2009-03-12,11,11,10,False,1
MLP · raw lags,42,iq,2,2009-03-19,12,9,13,False,4
MLP · raw lags,42,iq,2,2009-03-26,13,5,16,False,11
MLP · raw lags,42,iq,2,2009-04-02,14,11,15,False,4
MLP · raw lags,42,iq,2,2009-04-09,15,3,12,False,9
MLP · raw lags,42,iq,2,2009-04-16,16,5,15,False,10
MLP · raw lags,42,iq,2,2009-04-23,17,5,17,False,12
MLP · raw lags,42,iq,2,2009-04-30,18,4,13,False,9
MLP · raw lags,42,iq,2,2009-05-07,19,4,14,False,10
MLP · raw lags,42,iq,2,2009-05-14,20,1,12,False,11
MLP · raw lags,42,iq,2,2009-05-21,21,0,11,False,11
MLP · raw lags,42,iq,2,2009-05-28,22,2,13,False,11
MLP · raw lags,42,iq,2,2009-06-04,23,3,13,False,10
MLP · raw lags,42,iq,2,2009-06-11,24,3,9,False,6
MLP · raw lags,42,iq,2,2009-06-18,25,5,8,False,3
MLP · raw lags,42,iq,2,2009-06-25,26,2,6,False,4
MLP · raw lags,42,iq,3,2009-07-02,27,1,2,False,1
MLP · raw lags,42,iq,3,2009-07-09,28,2,1,False,1
MLP · raw lags,42,iq,3,2009-07-16,29,0,0,False,0
MLP · raw lags,42,iq,3,2009-07-23,30,0,1,False,1
MLP · raw lags,42,iq,3,2009-07-30,31,3,1,False,2
MLP · raw lags,42,iq,3,2009-08-06,32,5,1,False,4
MLP · raw lags,42,iq,3,2009-08-13,33,5,1,False,4
MLP · raw lags,42,iq,3,2009-08-20,34,7,1,False,6
MLP · raw lags,42,iq,3,2009-08-27,35,5,1,False,4
MLP · raw lags,42,iq,3,2009-09-03,36,2,1,False,1
MLP · raw lags,42,iq,3,2009-09-10,37,2,2,False,0
MLP · raw lags,42,iq,3,2009-09-17,38,2,1,False,1
MLP · raw lags,42,iq,3,2009-09-24,39,0,2,False,2
MLP · raw lags,42,iq,3,2009-10-01,40,2,2,False,0
MLP · raw lags,42,iq,3,2009-10-08,41,1,1,False,0
MLP · raw lags,42,iq,3,2009-10-15,42,1,1,False,0
MLP · raw lags,42,iq,3,2009-10-22,43,2,2,False,0
MLP · raw lags,42,iq,3,2009-10-29,44,2,2,False,0
MLP · raw lags,42,iq,3,2009-11-05,45,3,4,False,1
MLP · raw lags,42,iq,3,2009-11-12,46,9,4,False,5
MLP · raw lags,42,iq,3,2009-11-19,47,5,3,False,2
MLP · raw lags,42,iq,3,2009-11-26,48,5,4,False,1
MLP · raw lags,42,iq,3,2009-12-03,49,4,6,False,2
MLP · raw lags,42,iq,3,2009-12-10,50,4,6,False,2
MLP · raw lags,42,iq,3,2009-12-17,51,1,3,False,2
MLP · raw lags,42,iq,3,2009-12-24,52,0,1,False,1
MLP · raw lags,42,iq,3,2010-01-01,53,0,1,False,1
MLP · raw lags,42,iq,3,2010-01-08,1,10,2,False,8
MLP · raw lags,42,iq,3,2010-01-15,2,9,1,False,8
MLP · raw lags,42,iq,3,2010-01-22,3,17,2,False,15
MLP · raw lags,42,iq,3,2010-01-29,4,16,4,False,12
MLP · raw lags,42,iq,3,2010-02-05,5,11,1,False,10
MLP · raw lags,42,iq,3,2010-02-12,6,12,1,False,11
MLP · raw lags,42,iq,3,2010-02-19,7,19,2,False,17
MLP · raw lags,42,iq,3,2010-02-26,8,15,1,False,14
MLP · raw lags,42,iq,3,2010-03-05,9,12,5,False,7
MLP · raw lags,42,iq,3,2010-03-12,10,12,2,False,10
MLP · raw lags,42,iq,3,2010-03-19,11,16,4,False,12
MLP · raw lags,42,iq,3,2010-03-26,12,9,4,False,5
MLP · raw lags,42,iq,3,2010-04-02,13,4,5,False,1
MLP · raw lags,42,iq,3,2010-04-09,14,9,4,False,5
MLP · raw lags,42,iq,3,2010-04-16,15,6,5,False,1
MLP · raw lags,42,iq,3,2010-04-23,16,8,4,False,4
MLP · raw lags,42,iq,3,2010-04-30,17,4,5,False,1
MLP · raw lags,42,iq,3,2010-05-07,18,2,7,False,5
MLP · raw lags,42,iq,3,2010-05-14,19,7,8,False,1
MLP · raw lags,42,iq,3,2010-05-21,20,6,8,False,2
MLP · raw lags,42,iq,3,2010-05-28,21,5,7,False,2
MLP · raw lags,42,iq,3,2010-06-04,22,8,6,False,2
MLP · raw lags,42,iq,3,2010-06-11,23,1,8,False,7
MLP · raw lags,42,iq,3,2010-06-18,24,1,5,False,4
MLP · raw lags,42,iq,3,2010-06-25,25,4,3,False,1
MLP · raw lags,73,iq,1,2007-07-02,27,3,0,False,3
MLP · raw lags,73,iq,1,2007-07-09,28,4,1,False,3
MLP · raw lags,73,iq,1,2007-07-16,29,1,0,False,1
MLP · raw lags,73,iq,1,2007-07-23,30,8,0,False,8
MLP · raw lags,73,iq,1,2007-07-30,31,5,0,False,5
MLP · raw lags,73,iq,1,2007-08-06,32,3,0,False,3
MLP · raw lags,73,iq,1,2007-08-13,33,2,0,False,2
MLP · raw lags,73,iq,1,2007-08-20,34,7,0,False,7
MLP · raw lags,73,iq,1,2007-08-27,35,1,0,False,1
MLP · raw lags,73,iq,1,2007-09-03,36,6,0,False,6
MLP · raw lags,73,iq,1,2007-09-10,37,7,0,False,7
MLP · raw lags,73,iq,1,2007-09-17,38,5,0,False,5
MLP · raw lags,73,iq,1,2007-09-24,39,2,0,False,2
MLP · raw lags,73,iq,1,2007-10-01,40,6,0,False,6
MLP · raw lags,73,iq,1,2007-10-08,41,11,0,False,11
MLP · raw lags,73,iq,1,2007-10-15,42,6,0,False,6
MLP · raw lags,73,iq,1,2007-10-22,43,3,4,False,1
MLP · raw lags,73,iq,1,2007-10-29,44,11,1,False,10
MLP · raw lags,73,iq,1,2007-11-05,45,11,1,False,10
MLP · raw lags,73,iq,1,2007-11-12,46,5,3,False,2
MLP · raw lags,73,iq,1,2007-11-19,47,4,14,False,10
MLP · raw lags,73,iq,1,2007-11-26,48,9,13,False,4
MLP · raw lags,73,iq,1,2007-12-03,49,23,13,True,10
MLP · raw lags,73,iq,1,2007-12-10,50,28,12,True,16
MLP · raw lags,73,iq,1,2007-12-17,51,26,15,True,11
MLP · raw lags,73,iq,1,2007-12-24,52,7,17,False,10
MLP · raw lags,73,iq,1,2008-01-01,1,29,28,True,1
MLP · raw lags,73,iq,1,2008-01-08,2,58,24,True,34
MLP · raw lags,73,iq,1,2008-01-15,3,26,13,True,13
MLP · raw lags,73,iq,1,2008-01-22,4,38,19,True,19
MLP · raw lags,73,iq,1,2008-01-29,5,35,16,True,19
MLP · raw lags,73,iq,1,2008-02-05,6,37,13,True,24
MLP · raw lags,73,iq,1,2008-02-12,7,20,13,True,7
MLP · raw lags,73,iq,1,2008-02-19,8,29,5,True,24
MLP · raw lags,73,iq,1,2008-02-26,9,25,10,True,15
MLP · raw lags,73,iq,1,2008-03-04,10,23,8,True,15
MLP · raw lags,73,iq,1,2008-03-11,11,9,2,False,7
MLP · raw lags,73,iq,1,2008-03-18,12,3,10,False,7
MLP · raw lags,73,iq,1,2008-03-25,13,6,7,False,1
MLP · raw lags,73,iq,1,2008-04-01,14,6,6,False,0
MLP · raw lags,73,iq,1,2008-04-08,15,3,11,False,8
MLP · raw lags,73,iq,1,2008-04-15,16,1,6,False,5
MLP · raw lags,73,iq,1,2008-04-22,17,3,11,False,8
MLP · raw lags,73,iq,1,2008-04-29,18,1,8,False,7
MLP · raw lags,73,iq,1,2008-05-06,19,1,5,False,4
MLP · raw lags,73,iq,1,2008-05-13,20,0,7,False,7
MLP · raw lags,73,iq,1,2008-05-20,21,2,2,False,0
MLP · raw lags,73,iq,1,2008-05-27,22,1,5,False,4
MLP · raw lags,73,iq,1,2008-06-03,23,1,1,False,0
MLP · raw lags,73,iq,1,2008-06-10,24,0,1,False,1
MLP · raw lags,73,iq,1,2008-06-17,25,0,0,False,0
MLP · raw lags,73,iq,1,2008-06-24,26,1,0,False,1
MLP · raw lags,73,iq,2,2008-07-01,27,0,0,False,0
MLP · raw lags,73,iq,2,2008-07-08,28,3,0,False,3
MLP · raw lags,73,iq,2,2008-07-15,29,3,0,False,3
MLP · raw lags,73,iq,2,2008-07-22,30,1,0,False,1
MLP · raw lags,73,iq,2,2008-07-29,31,5,0,False,5
MLP · raw lags,73,iq,2,2008-08-05,32,2,0,False,2
MLP · raw lags,73,iq,2,2008-08-12,33,5,0,False,5
MLP · raw lags,73,iq,2,2008-08-19,34,5,0,False,5
MLP · raw lags,73,iq,2,2008-08-26,35,5,0,False,5
MLP · raw lags,73,iq,2,2008-09-02,36,9,0,False,9
MLP · raw lags,73,iq,2,2008-09-09,37,17,0,False,17
MLP · raw lags,73,iq,2,2008-09-16,38,19,0,True,19
MLP · raw lags,73,iq,2,2008-09-23,39,25,0,True,25
MLP · raw lags,73,iq,2,2008-09-30,40,45,3,True,42
MLP · raw lags,73,iq,2,2008-10-07,41,34,0,True,34
MLP · raw lags,73,iq,2,2008-10-14,42,63,2,True,61
MLP · raw lags,73,iq,2,2008-10-21,43,44,1,True,43
MLP · raw lags,73,iq,2,2008-10-28,44,50,1,True,49
MLP · raw lags,73,iq,2,2008-11-04,45,35,7,True,28
MLP · raw lags,73,iq,2,2008-11-11,46,16,7,False,9
MLP · raw lags,73,iq,2,2008-11-18,47,16,3,False,13
MLP · raw lags,73,iq,2,2008-11-25,48,13,7,False,6
MLP · raw lags,73,iq,2,2008-12-02,49,9,2,False,7
MLP · raw lags,73,iq,2,2008-12-09,50,15,2,False,13
MLP · raw lags,73,iq,2,2008-12-16,51,4,1,False,3
MLP · raw lags,73,iq,2,2008-12-23,52,0,6,False,6
MLP · raw lags,73,iq,2,2009-01-01,1,1,7,False,6
MLP · raw lags,73,iq,2,2009-01-08,2,10,6,False,4
MLP · raw lags,73,iq,2,2009-01-15,3,11,7,False,4
MLP · raw lags,73,iq,2,2009-01-22,4,29,9,True,20
MLP · raw lags,73,iq,2,2009-01-29,5,35,10,True,25
MLP · raw lags,73,iq,2,2009-02-05,6,30,10,True,20
MLP · raw lags,73,iq,2,2009-02-12,7,20,12,True,8
MLP · raw lags,73,iq,2,2009-02-19,8,21,15,True,6
MLP · raw lags,73,iq,2,2009-02-26,9,12,14,False,2
MLP · raw lags,73,iq,2,2009-03-05,10,9,12,False,3
MLP · raw lags,73,iq,2,2009-03-12,11,11,11,False,0
MLP · raw lags,73,iq,2,2009-03-19,12,9,16,False,7
MLP · raw lags,73,iq,2,2009-03-26,13,5,17,False,12
MLP · raw lags,73,iq,2,2009-04-02,14,11,16,False,5
MLP · raw lags,73,iq,2,2009-04-09,15,3,14,False,11
MLP · raw lags,73,iq,2,2009-04-16,16,5,16,False,11
MLP · raw lags,73,iq,2,2009-04-23,17,5,15,False,10
MLP · raw lags,73,iq,2,2009-04-30,18,4,15,False,11
MLP · raw lags,73,iq,2,2009-05-07,19,4,14,False,10
MLP · raw lags,73,iq,2,2009-05-14,20,1,13,False,12
MLP · raw lags,73,iq,2,2009-05-21,21,0,12,False,12
MLP · raw lags,73,iq,2,2009-05-28,22,2,15,False,13
MLP · raw lags,73,iq,2,2009-06-04,23,3,15,False,12
MLP · raw lags,73,iq,2,2009-06-11,24,3,9,False,6
MLP · raw lags,73,iq,2,2009-06-18,25,5,8,False,3
MLP · raw lags,73,iq,2,2009-06-25,26,2,8,False,6
MLP · raw lags,73,iq,3,2009-07-02,27,1,2,False,1
MLP · raw lags,73,iq,3,2009-07-09,28,2,1,False,1
MLP · raw lags,73,iq,3,2009-07-16,29,0,0,False,0
MLP · raw lags,73,iq,3,2009-07-23,30,0,0,False,0
MLP · raw lags,73,iq,3,2009-07-30,31,3,0,False,3
MLP · raw lags,73,iq,3,2009-08-06,32,5,1,False,4
MLP · raw lags,73,iq,3,2009-08-13,33,5,0,False,5
MLP · raw lags,73,iq,3,2009-08-20,34,7,2,False,5
MLP · raw lags,73,iq,3,2009-08-27,35,5,1,False,4
MLP · raw lags,73,iq,3,2009-09-03,36,2,3,False,1
MLP · raw lags,73,iq,3,2009-09-10,37,2,2,False,0
MLP · raw lags,73,iq,3,2009-09-17,38,2,1,False,1
MLP · raw lags,73,iq,3,2009-09-24,39,0,4,False,4
MLP · raw lags,73,iq,3,2009-10-01,40,2,3,False,1
MLP · raw lags,73,iq,3,2009-10-08,41,1,2,False,1
MLP · raw lags,73,iq,3,2009-10-15,42,1,1,False,0
MLP · raw lags,73,iq,3,2009-10-22,43,2,5,False,3
MLP · raw lags,73,iq,3,2009-10-29,44,2,2,False,0
MLP · raw lags,73,iq,3,2009-11-05,45,3,7,False,4
MLP · raw lags,73,iq,3,2009-11-12,46,9,12,False,3
MLP · raw lags,73,iq,3,2009-11-19,47,5,9,False,4
MLP · raw lags,73,iq,3,2009-11-26,48,5,9,False,4
MLP · raw lags,73,iq,3,2009-12-03,49,4,9,False,5
MLP · raw lags,73,iq,3,2009-12-10,50,4,10,False,6
MLP · raw lags,73,iq,3,2009-12-17,51,1,8,False,7
MLP · raw lags,73,iq,3,2009-12-24,52,0,1,False,1
MLP · raw lags,73,iq,3,2010-01-01,53,0,2,False,2
MLP · raw lags,73,iq,3,2010-01-08,1,10,4,False,6
MLP · raw lags,73,iq,3,2010-01-15,2,9,1,False,8
MLP · raw lags,73,iq,3,2010-01-22,3,17,2,False,15
MLP · raw lags,73,iq,3,2010-01-29,4,16,4,False,12
MLP · raw lags,73,iq,3,2010-02-05,5,11,2,False,9
MLP · raw lags,73,iq,3,2010-02-12,6,12,2,False,10
MLP · raw lags,73,iq,3,2010-02-19,7,19,2,False,17
MLP · raw lags,73,iq,3,2010-02-26,8,15,4,False,11
MLP · raw lags,73,iq,3,2010-03-05,9,12,9,False,3
MLP · raw lags,73,iq,3,2010-03-12,10,12,6,False,6
MLP · raw lags,73,iq,3,2010-03-19,11,16,7,False,9
MLP · raw lags,73,iq,3,2010-03-26,12,9,7,False,2
MLP · raw lags,73,iq,3,2010-04-02,13,4,7,False,3
MLP · raw lags,73,iq,3,2010-04-09,14,9,7,False,2
MLP · raw lags,73,iq,3,2010-04-16,15,6,6,False,0
MLP · raw lags,73,iq,3,2010-04-23,16,8,7,False,1
MLP · raw lags,73,iq,3,2010-04-30,17,4,7,False,3
MLP · raw lags,73,iq,3,2010-05-07,18,2,7,False,5
MLP · raw lags,73,iq,3,2010-05-14,19,7,10,False,3
MLP · raw lags,73,iq,3,2010-05-21,20,6,9,False,3
MLP · raw lags,73,iq,3,2010-05-28,21,5,8,False,3
MLP · raw lags,73,iq,3,2010-06-04,22,8,8,False,0
MLP · raw lags,73,iq,3,2010-06-11,23,1,8,False,7
MLP · raw lags,73,iq,3,2010-06-18,24,1,7,False,6
MLP · raw lags,73,iq,3,2010-06-25,25,4,3,False,1
MLP · raw + multiscale,17,sj,1,2005-04-30,17,4,7,False,3
MLP · raw + multiscale,17,sj,1,2005-05-07,18,2,6,False,4
MLP · raw + multiscale,17,sj,1,2005-05-14,19,6,6,False,0
MLP · raw + multiscale,17,sj,1,2005-05-21,20,3,9,False,6
MLP · raw + multiscale,17,sj,1,2005-05-28,21,4,9,False,5
MLP · raw + multiscale,17,sj,1,2005-06-04,22,10,5,False,5
MLP · raw + multiscale,17,sj,1,2005-06-11,23,12,8,False,4
MLP · raw + multiscale,17,sj,1,2005-06-18,24,21,12,False,9
MLP · raw + multiscale,17,sj,1,2005-06-25,25,26,11,False,15
MLP · raw + multiscale,17,sj,1,2005-07-02,26,21,10,False,11
MLP · raw + multiscale,17,sj,1,2005-07-09,27,30,12,False,18
MLP · raw + multiscale,17,sj,1,2005-07-16,28,45,10,False,35
MLP · raw + multiscale,17,sj,1,2005-07-23,29,56,10,False,46
MLP · raw + multiscale,17,sj,1,2005-07-30,30,75,21,True,54
MLP · raw + multiscale,17,sj,1,2005-08-06,31,83,43,True,40
MLP · raw + multiscale,17,sj,1,2005-08-13,32,82,56,True,26
MLP · raw + multiscale,17,sj,1,2005-08-20,33,126,35,True,91
MLP · raw + multiscale,17,sj,1,2005-08-27,34,119,19,True,100
MLP · raw + multiscale,17,sj,1,2005-09-03,35,137,38,True,99
MLP · raw + multiscale,17,sj,1,2005-09-10,36,131,44,True,87
MLP · raw + multiscale,17,sj,1,2005-09-17,37,112,20,True,92
MLP · raw + multiscale,17,sj,1,2005-09-24,38,82,10,True,72
MLP · raw + multiscale,17,sj,1,2005-10-01,39,73,9,True,64
MLP · raw + multiscale,17,sj,1,2005-10-08,40,43,17,False,26
MLP · raw + multiscale,17,sj,1,2005-10-15,41,55,14,False,41
MLP · raw + multiscale,17,sj,1,2005-10-22,42,55,9,False,46
MLP · raw + multiscale,17,sj,1,2005-10-29,43,53,12,False,41
MLP · raw + multiscale,17,sj,1,2005-11-05,44,46,22,False,24
MLP · raw + multiscale,17,sj,1,2005-11-12,45,43,29,False,14
MLP · raw + multiscale,17,sj,1,2005-11-19,46,29,30,False,1
MLP · raw + multiscale,17,sj,1,2005-11-26,47,22,31,False,9
MLP · raw + multiscale,17,sj,1,2005-12-03,48,26,51,False,25
MLP · raw + multiscale,17,sj,1,2005-12-10,49,13,55,False,42
MLP · raw + multiscale,17,sj,1,2005-12-17,50,17,35,False,18
MLP · raw + multiscale,17,sj,1,2005-12-24,51,8,25,False,17
MLP · raw + multiscale,17,sj,1,2006-01-01,52,13,12,False,1
MLP · raw + multiscale,17,sj,1,2006-01-08,1,10,15,False,5
MLP · raw + multiscale,17,sj,1,2006-01-15,2,17,12,False,5
MLP · raw + multiscale,17,sj,1,2006-01-22,3,19,10,False,9
MLP · raw + multiscale,17,sj,1,2006-01-29,4,9,12,False,3
MLP · raw + multiscale,17,sj,1,2006-02-05,5,9,11,False,2
MLP · raw + multiscale,17,sj,1,2006-02-12,6,9,10,False,1
MLP · raw + multiscale,17,sj,1,2006-02-19,7,3,9,False,6
MLP · raw + multiscale,17,sj,1,2006-02-26,8,7,8,False,1
MLP · raw + multiscale,17,sj,1,2006-03-05,9,7,9,False,2
MLP · raw + multiscale,17,sj,1,2006-03-12,10,0,10,False,10
MLP · raw + multiscale,17,sj,1,2006-03-19,11,2,7,False,5
MLP · raw + multiscale,17,sj,1,2006-03-26,12,3,8,False,5
MLP · raw + multiscale,17,sj,1,2006-04-02,13,3,7,False,4
MLP · raw + multiscale,17,sj,1,2006-04-09,14,1,8,False,7
MLP · raw + multiscale,17,sj,1,2006-04-16,15,3,7,False,4
MLP · raw + multiscale,17,sj,1,2006-04-23,16,3,8,False,5
MLP · raw + multiscale,17,sj,2,2006-04-30,17,3,8,False,5
MLP · raw + multiscale,17,sj,2,2006-05-07,18,7,7,False,0
MLP · raw + multiscale,17,sj,2,2006-05-14,19,3,7,False,4
MLP · raw + multiscale,17,sj,2,2006-05-21,20,5,8,False,3
MLP · raw + multiscale,17,sj,2,2006-05-28,21,11,7,False,4
MLP · raw + multiscale,17,sj,2,2006-06-04,22,5,10,False,5
MLP · raw + multiscale,17,sj,2,2006-06-11,23,5,9,False,4
MLP · raw + multiscale,17,sj,2,2006-06-18,24,6,11,False,5
MLP · raw + multiscale,17,sj,2,2006-06-25,25,6,12,False,6
MLP · raw + multiscale,17,sj,2,2006-07-02,26,4,9,False,5
MLP · raw + multiscale,17,sj,2,2006-07-09,27,4,11,False,7
MLP · raw + multiscale,17,sj,2,2006-07-16,28,8,11,False,3
MLP · raw + multiscale,17,sj,2,2006-07-23,29,14,8,False,6
MLP · raw + multiscale,17,sj,2,2006-07-30,30,12,8,False,4
MLP · raw + multiscale,17,sj,2,2006-08-06,31,16,11,False,5
MLP · raw + multiscale,17,sj,2,2006-08-13,32,10,13,False,3
MLP · raw + multiscale,17,sj,2,2006-08-20,33,16,14,False,2
MLP · raw + multiscale,17,sj,2,2006-08-27,34,18,17,False,1
MLP · raw + multiscale,17,sj,2,2006-09-03,35,15,21,False,6
MLP · raw + multiscale,17,sj,2,2006-09-10,36,23,18,False,5
MLP · raw + multiscale,17,sj,2,2006-09-17,37,17,12,False,5
MLP · raw + multiscale,17,sj,2,2006-09-24,38,33,13,False,20
MLP · raw + multiscale,17,sj,2,2006-10-01,39,15,21,False,6
MLP · raw + multiscale,17,sj,2,2006-10-08,40,13,16,False,3
MLP · raw + multiscale,17,sj,2,2006-10-15,41,11,30,False,19
MLP · raw + multiscale,17,sj,2,2006-10-22,42,14,24,False,10
MLP · raw + multiscale,17,sj,2,2006-10-29,43,17,21,False,4
MLP · raw + multiscale,17,sj,2,2006-11-05,44,19,24,False,5
MLP · raw + multiscale,17,sj,2,2006-11-12,45,20,26,False,6
MLP · raw + multiscale,17,sj,2,2006-11-19,46,12,27,False,15
MLP · raw + multiscale,17,sj,2,2006-11-26,47,21,16,False,5
MLP · raw + multiscale,17,sj,2,2006-12-03,48,7,14,False,7
MLP · raw + multiscale,17,sj,2,2006-12-10,49,19,15,False,4
MLP · raw + multiscale,17,sj,2,2006-12-17,50,10,13,False,3
MLP · raw + multiscale,17,sj,2,2006-12-24,51,13,11,False,2
MLP · raw + multiscale,17,sj,2,2007-01-01,1,10,10,False,0
MLP · raw + multiscale,17,sj,2,2007-01-08,2,8,10,False,2
MLP · raw + multiscale,17,sj,2,2007-01-15,3,21,11,False,10
MLP · raw + multiscale,17,sj,2,2007-01-22,4,11,11,False,0
MLP · raw + multiscale,17,sj,2,2007-01-29,5,9,11,False,2
MLP · raw + multiscale,17,sj,2,2007-02-05,6,14,12,False,2
MLP · raw + multiscale,17,sj,2,2007-02-12,7,14,13,False,1
MLP · raw + multiscale,17,sj,2,2007-02-19,8,15,12,False,3
MLP · raw + multiscale,17,sj,2,2007-02-26,9,18,13,False,5
MLP · raw + multiscale,17,sj,2,2007-03-05,10,16,12,False,4
MLP · raw + multiscale,17,sj,2,2007-03-12,11,12,11,False,1
MLP · raw + multiscale,17,sj,2,2007-03-19,12,20,10,False,10
MLP · raw + multiscale,17,sj,2,2007-03-26,13,8,7,False,1
MLP · raw + multiscale,17,sj,2,2007-04-02,14,3,10,False,7
MLP · raw + multiscale,17,sj,2,2007-04-09,15,13,10,False,3
MLP · raw + multiscale,17,sj,2,2007-04-16,16,4,12,False,8
MLP · raw + multiscale,17,sj,2,2007-04-23,17,1,12,False,11
MLP · raw + multiscale,17,sj,3,2007-04-30,18,10,6,False,4
MLP · raw + multiscale,17,sj,3,2007-05-07,19,8,6,False,2
MLP · raw + multiscale,17,sj,3,2007-05-14,20,13,6,False,7
MLP · raw + multiscale,17,sj,3,2007-05-21,21,10,8,False,2
MLP · raw + multiscale,17,sj,3,2007-05-28,22,21,11,False,10
MLP · raw + multiscale,17,sj,3,2007-06-04,23,18,10,False,8
MLP · raw + multiscale,17,sj,3,2007-06-11,24,21,10,False,11
MLP · raw + multiscale,17,sj,3,2007-06-18,25,34,10,False,24
MLP · raw + multiscale,17,sj,3,2007-06-25,26,25,10,False,15
MLP · raw + multiscale,17,sj,3,2007-07-02,27,34,12,False,22
MLP · raw + multiscale,17,sj,3,2007-07-09,28,33,12,False,21
MLP · raw + multiscale,17,sj,3,2007-07-16,29,40,13,False,27
MLP · raw + multiscale,17,sj,3,2007-07-23,30,42,13,False,29
MLP · raw + multiscale,17,sj,3,2007-07-30,31,36,13,False,23
MLP · raw + multiscale,17,sj,3,2007-08-06,32,72,13,True,59
MLP · raw + multiscale,17,sj,3,2007-08-13,33,75,16,True,59
MLP · raw + multiscale,17,sj,3,2007-08-20,34,76,16,True,60
MLP · raw + multiscale,17,sj,3,2007-08-27,35,92,18,True,74
MLP · raw + multiscale,17,sj,3,2007-09-03,36,71,31,True,40
MLP · raw + multiscale,17,sj,3,2007-09-10,37,112,39,True,73
MLP · raw + multiscale,17,sj,3,2007-09-17,38,106,59,True,47
MLP · raw + multiscale,17,sj,3,2007-09-24,39,101,63,True,38
MLP · raw + multiscale,17,sj,3,2007-10-01,40,170,62,True,108
MLP · raw + multiscale,17,sj,3,2007-10-08,41,135,67,True,68
MLP · raw + multiscale,17,sj,3,2007-10-15,42,106,83,True,23
MLP · raw + multiscale,17,sj,3,2007-10-22,43,68,124,False,56
MLP · raw + multiscale,17,sj,3,2007-10-29,44,48,122,False,74
MLP · raw + multiscale,17,sj,3,2007-11-05,45,48,113,False,65
MLP · raw + multiscale,17,sj,3,2007-11-12,46,26,139,False,113
MLP · raw + multiscale,17,sj,3,2007-11-19,47,33,74,False,41
MLP · raw + multiscale,17,sj,3,2007-11-26,48,29,86,False,57
MLP · raw + multiscale,17,sj,3,2007-12-03,49,17,118,False,101
MLP · raw + multiscale,17,sj,3,2007-12-10,50,12,27,False,15
MLP · raw + multiscale,17,sj,3,2007-12-17,51,13,39,False,26
MLP · raw + multiscale,17,sj,3,2007-12-24,52,17,38,False,21
MLP · raw + multiscale,17,sj,3,2008-01-01,1,15,18,False,3
MLP · raw + multiscale,17,sj,3,2008-01-08,2,14,22,False,8
MLP · raw + multiscale,17,sj,3,2008-01-15,3,15,25,False,10
MLP · raw + multiscale,17,sj,3,2008-01-22,4,10,18,False,8
MLP · raw + multiscale,17,sj,3,2008-01-29,5,9,13,False,4
MLP · raw + multiscale,17,sj,3,2008-02-05,6,2,10,False,8
MLP · raw + multiscale,17,sj,3,2008-02-12,7,6,12,False,6
MLP · raw + multiscale,17,sj,3,2008-02-19,8,8,11,False,3
MLP · raw + multiscale,17,sj,3,2008-02-26,9,5,9,False,4
MLP · raw + multiscale,17,sj,3,2008-03-04,10,1,7,False,6
MLP · raw + multiscale,17,sj,3,2008-03-11,11,2,1,False,1
MLP · raw + multiscale,17,sj,3,2008-03-18,12,3,2,False,1
MLP · raw + multiscale,17,sj,3,2008-03-25,13,4,3,False,1
MLP · raw + multiscale,17,sj,3,2008-04-01,14,3,4,False,1
MLP · raw + multiscale,17,sj,3,2008-04-08,15,1,3,False,2
MLP · raw + multiscale,17,sj,3,2008-04-15,16,3,0,False,3
MLP · raw + multiscale,17,sj,3,2008-04-22,17,5,0,False,5
MLP · raw + multiscale,42,sj,1,2005-04-30,17,4,11,False,7
MLP · raw + multiscale,42,sj,1,2005-05-07,18,2,7,False,5
MLP · raw + multiscale,42,sj,1,2005-05-14,19,6,11,False,5
MLP · raw + multiscale,42,sj,1,2005-05-21,20,3,9,False,6
MLP · raw + multiscale,42,sj,1,2005-05-28,21,4,9,False,5
MLP · raw + multiscale,42,sj,1,2005-06-04,22,10,3,False,7
MLP · raw + multiscale,42,sj,1,2005-06-11,23,12,13,False,1
MLP · raw + multiscale,42,sj,1,2005-06-18,24,21,7,False,14
MLP · raw + multiscale,42,sj,1,2005-06-25,25,26,13,False,13
MLP · raw + multiscale,42,sj,1,2005-07-02,26,21,3,False,18
MLP · raw + multiscale,42,sj,1,2005-07-09,27,30,18,False,12
MLP · raw + multiscale,42,sj,1,2005-07-16,28,45,12,False,33
MLP · raw + multiscale,42,sj,1,2005-07-23,29,56,14,False,42
MLP · raw + multiscale,42,sj,1,2005-07-30,30,75,9,True,66
MLP · raw + multiscale,42,sj,1,2005-08-06,31,83,12,True,71
MLP · raw + multiscale,42,sj,1,2005-08-13,32,82,12,True,70
MLP · raw + multiscale,42,sj,1,2005-08-20,33,126,20,True,106
MLP · raw + multiscale,42,sj,1,2005-08-27,34,119,22,True,97
MLP · raw + multiscale,42,sj,1,2005-09-03,35,137,31,True,106
MLP · raw + multiscale,42,sj,1,2005-09-10,36,131,40,True,91
MLP · raw + multiscale,42,sj,1,2005-09-17,37,112,22,True,90
MLP · raw + multiscale,42,sj,1,2005-09-24,38,82,16,True,66
MLP · raw + multiscale,42,sj,1,2005-10-01,39,73,13,True,60
MLP · raw + multiscale,42,sj,1,2005-10-08,40,43,11,False,32
MLP · raw + multiscale,42,sj,1,2005-10-15,41,55,16,False,39
MLP · raw + multiscale,42,sj,1,2005-10-22,42,55,20,False,35
MLP · raw + multiscale,42,sj,1,2005-10-29,43,53,16,False,37
MLP · raw + multiscale,42,sj,1,2005-11-05,44,46,24,False,22
MLP · raw + multiscale,42,sj,1,2005-11-12,45,43,44,False,1
MLP · raw + multiscale,42,sj,1,2005-11-19,46,29,41,False,12
MLP · raw + multiscale,42,sj,1,2005-11-26,47,22,31,False,9
MLP · raw + multiscale,42,sj,1,2005-12-03,48,26,56,False,30
MLP · raw + multiscale,42,sj,1,2005-12-10,49,13,63,False,50
MLP · raw + multiscale,42,sj,1,2005-12-17,50,17,25,False,8
MLP · raw + multiscale,42,sj,1,2005-12-24,51,8,19,False,11
MLP · raw + multiscale,42,sj,1,2006-01-01,52,13,15,False,2
MLP · raw + multiscale,42,sj,1,2006-01-08,1,10,14,False,4
MLP · raw + multiscale,42,sj,1,2006-01-15,2,17,14,False,3
MLP · raw + multiscale,42,sj,1,2006-01-22,3,19,13,False,6
MLP · raw + multiscale,42,sj,1,2006-01-29,4,9,12,False,3
MLP · raw + multiscale,42,sj,1,2006-02-05,5,9,11,False,2
MLP · raw + multiscale,42,sj,1,2006-02-12,6,9,10,False,1
MLP · raw + multiscale,42,sj,1,2006-02-19,7,3,10,False,7
MLP · raw + multiscale,42,sj,1,2006-02-26,8,7,4,False,3
MLP · raw + multiscale,42,sj,1,2006-03-05,9,7,6,False,1
MLP · raw + multiscale,42,sj,1,2006-03-12,10,0,6,False,6
MLP · raw + multiscale,42,sj,1,2006-03-19,11,2,2,False,0
MLP · raw + multiscale,42,sj,1,2006-03-26,12,3,1,False,2
MLP · raw + multiscale,42,sj,1,2006-04-02,13,3,3,False,0
MLP · raw + multiscale,42,sj,1,2006-04-09,14,1,3,False,2
MLP · raw + multiscale,42,sj,1,2006-04-16,15,3,0,False,3
MLP · raw + multiscale,42,sj,1,2006-04-23,16,3,0,False,3
MLP · raw + multiscale,42,sj,2,2006-04-30,17,3,7,False,4
MLP · raw + multiscale,42,sj,2,2006-05-07,18,7,7,False,0
MLP · raw + multiscale,42,sj,2,2006-05-14,19,3,5,False,2
MLP · raw + multiscale,42,sj,2,2006-05-21,20,5,4,False,1
MLP · raw + multiscale,42,sj,2,2006-05-28,21,11,7,False,4
MLP · raw + multiscale,42,sj,2,2006-06-04,22,5,9,False,4
MLP · raw + multiscale,42,sj,2,2006-06-11,23,5,11,False,6
MLP · raw + multiscale,42,sj,2,2006-06-18,24,6,12,False,6
MLP · raw + multiscale,42,sj,2,2006-06-25,25,6,11,False,5
MLP · raw + multiscale,42,sj,2,2006-07-02,26,4,8,False,4
MLP · raw + multiscale,42,sj,2,2006-07-09,27,4,12,False,8
MLP · raw + multiscale,42,sj,2,2006-07-16,28,8,12,False,4
MLP · raw + multiscale,42,sj,2,2006-07-23,29,14,12,False,2
MLP · raw + multiscale,42,sj,2,2006-07-30,30,12,5,False,7
MLP · raw + multiscale,42,sj,2,2006-08-06,31,16,12,False,4
MLP · raw + multiscale,42,sj,2,2006-08-13,32,10,12,False,2
MLP · raw + multiscale,42,sj,2,2006-08-20,33,16,12,False,4
MLP · raw + multiscale,42,sj,2,2006-08-27,34,18,17,False,1
MLP · raw + multiscale,42,sj,2,2006-09-03,35,15,20,False,5
MLP · raw + multiscale,42,sj,2,2006-09-10,36,23,19,False,4
MLP · raw + multiscale,42,sj,2,2006-09-17,37,17,14,False,3
MLP · raw + multiscale,42,sj,2,2006-09-24,38,33,14,False,19
MLP · raw + multiscale,42,sj,2,2006-10-01,39,15,14,False,1
MLP · raw + multiscale,42,sj,2,2006-10-08,40,13,16,False,3
MLP · raw + multiscale,42,sj,2,2006-10-15,41,11,29,False,18
MLP · raw + multiscale,42,sj,2,2006-10-22,42,14,29,False,15
MLP · raw + multiscale,42,sj,2,2006-10-29,43,17,24,False,7
MLP · raw + multiscale,42,sj,2,2006-11-05,44,19,31,False,12
MLP · raw + multiscale,42,sj,2,2006-11-12,45,20,37,False,17
MLP · raw + multiscale,42,sj,2,2006-11-19,46,12,54,False,42
MLP · raw + multiscale,42,sj,2,2006-11-26,47,21,36,False,15
MLP · raw + multiscale,42,sj,2,2006-12-03,48,7,25,False,18
MLP · raw + multiscale,42,sj,2,2006-12-10,49,19,20,False,1
MLP · raw + multiscale,42,sj,2,2006-12-17,50,10,26,False,16
MLP · raw + multiscale,42,sj,2,2006-12-24,51,13,13,False,0
MLP · raw + multiscale,42,sj,2,2007-01-01,1,10,11,False,1
MLP · raw + multiscale,42,sj,2,2007-01-08,2,8,12,False,4
MLP · raw + multiscale,42,sj,2,2007-01-15,3,21,12,False,9
MLP · raw + multiscale,42,sj,2,2007-01-22,4,11,12,False,1
MLP · raw + multiscale,42,sj,2,2007-01-29,5,9,10,False,1
MLP · raw + multiscale,42,sj,2,2007-02-05,6,14,13,False,1
MLP · raw + multiscale,42,sj,2,2007-02-12,7,14,11,False,3
MLP · raw + multiscale,42,sj,2,2007-02-19,8,15,11,False,4
MLP · raw + multiscale,42,sj,2,2007-02-26,9,18,9,False,9
MLP · raw + multiscale,42,sj,2,2007-03-05,10,16,9,False,7
MLP · raw + multiscale,42,sj,2,2007-03-12,11,12,10,False,2
MLP · raw + multiscale,42,sj,2,2007-03-19,12,20,9,False,11
MLP · raw + multiscale,42,sj,2,2007-03-26,13,8,8,False,0
MLP · raw + multiscale,42,sj,2,2007-04-02,14,3,9,False,6
MLP · raw + multiscale,42,sj,2,2007-04-09,15,13,8,False,5
MLP · raw + multiscale,42,sj,2,2007-04-16,16,4,11,False,7
MLP · raw + multiscale,42,sj,2,2007-04-23,17,1,12,False,11
MLP · raw + multiscale,42,sj,3,2007-04-30,18,10,11,False,1
MLP · raw + multiscale,42,sj,3,2007-05-07,19,8,8,False,0
MLP · raw + multiscale,42,sj,3,2007-05-14,20,13,6,False,7
MLP · raw + multiscale,42,sj,3,2007-05-21,21,10,10,False,0
MLP · raw + multiscale,42,sj,3,2007-05-28,22,21,11,False,10
MLP · raw + multiscale,42,sj,3,2007-06-04,23,18,11,False,7
MLP · raw + multiscale,42,sj,3,2007-06-11,24,21,11,False,10
MLP · raw + multiscale,42,sj,3,2007-06-18,25,34,11,False,23
MLP · raw + multiscale,42,sj,3,2007-06-25,26,25,11,False,14
MLP · raw + multiscale,42,sj,3,2007-07-02,27,34,11,False,23
MLP · raw + multiscale,42,sj,3,2007-07-09,28,33,13,False,20
MLP · raw + multiscale,42,sj,3,2007-07-16,29,40,11,False,29
MLP · raw + multiscale,42,sj,3,2007-07-23,30,42,12,False,30
MLP · raw + multiscale,42,sj,3,2007-07-30,31,36,13,False,23
MLP · raw + multiscale,42,sj,3,2007-08-06,32,72,17,True,55
MLP · raw + multiscale,42,sj,3,2007-08-13,33,75,15,True,60
MLP · raw + multiscale,42,sj,3,2007-08-20,34,76,21,True,55
MLP · raw + multiscale,42,sj,3,2007-08-27,35,92,17,True,75
MLP · raw + multiscale,42,sj,3,2007-09-03,36,71,29,True,42
MLP · raw + multiscale,42,sj,3,2007-09-10,37,112,49,True,63
MLP · raw + multiscale,42,sj,3,2007-09-17,38,106,51,True,55
MLP · raw + multiscale,42,sj,3,2007-09-24,39,101,66,True,35
MLP · raw + multiscale,42,sj,3,2007-10-01,40,170,76,True,94
MLP · raw + multiscale,42,sj,3,2007-10-08,41,135,59,True,76
MLP · raw + multiscale,42,sj,3,2007-10-15,42,106,72,True,34
MLP · raw + multiscale,42,sj,3,2007-10-22,43,68,116,False,48
MLP · raw + multiscale,42,sj,3,2007-10-29,44,48,129,False,81
MLP · raw + multiscale,42,sj,3,2007-11-05,45,48,115,False,67
MLP · raw + multiscale,42,sj,3,2007-11-12,46,26,92,False,66
MLP · raw + multiscale,42,sj,3,2007-11-19,47,33,72,False,39
MLP · raw + multiscale,42,sj,3,2007-11-26,48,29,110,False,81
MLP · raw + multiscale,42,sj,3,2007-12-03,49,17,121,False,104
MLP · raw + multiscale,42,sj,3,2007-12-10,50,12,37,False,25
MLP · raw + multiscale,42,sj,3,2007-12-17,51,13,45,False,32
MLP · raw + multiscale,42,sj,3,2007-12-24,52,17,40,False,23
MLP · raw + multiscale,42,sj,3,2008-01-01,1,15,16,False,1
MLP · raw + multiscale,42,sj,3,2008-01-08,2,14,20,False,6
MLP · raw + multiscale,42,sj,3,2008-01-15,3,15,29,False,14
MLP · raw + multiscale,42,sj,3,2008-01-22,4,10,11,False,1
MLP · raw + multiscale,42,sj,3,2008-01-29,5,9,11,False,2
MLP · raw + multiscale,42,sj,3,2008-02-05,6,2,11,False,9
MLP · raw + multiscale,42,sj,3,2008-02-12,7,6,11,False,5
MLP · raw + multiscale,42,sj,3,2008-02-19,8,8,11,False,3
MLP · raw + multiscale,42,sj,3,2008-02-26,9,5,11,False,6
MLP · raw + multiscale,42,sj,3,2008-03-04,10,1,10,False,9
MLP · raw + multiscale,42,sj,3,2008-03-11,11,2,5,False,3
MLP · raw + multiscale,42,sj,3,2008-03-18,12,3,2,False,1
MLP · raw + multiscale,42,sj,3,2008-03-25,13,4,2,False,2
MLP · raw + multiscale,42,sj,3,2008-04-01,14,3,1,False,2
MLP · raw + multiscale,42,sj,3,2008-04-08,15,1,2,False,1
MLP · raw + multiscale,42,sj,3,2008-04-15,16,3,1,False,2
MLP · raw + multiscale,42,sj,3,2008-04-22,17,5,0,False,5
MLP · raw + multiscale,73,sj,1,2005-04-30,17,4,5,False,1
MLP · raw + multiscale,73,sj,1,2005-05-07,18,2,5,False,3
MLP · raw + multiscale,73,sj,1,2005-05-14,19,6,6,False,0
MLP · raw + multiscale,73,sj,1,2005-05-21,20,3,7,False,4
MLP · raw + multiscale,73,sj,1,2005-05-28,21,4,6,False,2
MLP · raw + multiscale,73,sj,1,2005-06-04,22,10,0,False,10
MLP · raw + multiscale,73,sj,1,2005-06-11,23,12,6,False,6
MLP · raw + multiscale,73,sj,1,2005-06-18,24,21,16,False,5
MLP · raw + multiscale,73,sj,1,2005-06-25,25,26,7,False,19
MLP · raw + multiscale,73,sj,1,2005-07-02,26,21,3,False,18
MLP · raw + multiscale,73,sj,1,2005-07-09,27,30,12,False,18
MLP · raw + multiscale,73,sj,1,2005-07-16,28,45,11,False,34
MLP · raw + multiscale,73,sj,1,2005-07-23,29,56,12,False,44
MLP · raw + multiscale,73,sj,1,2005-07-30,30,75,14,True,61
MLP · raw + multiscale,73,sj,1,2005-08-06,31,83,22,True,61
MLP · raw + multiscale,73,sj,1,2005-08-13,32,82,40,True,42
MLP · raw + multiscale,73,sj,1,2005-08-20,33,126,46,True,80
MLP · raw + multiscale,73,sj,1,2005-08-27,34,119,22,True,97
MLP · raw + multiscale,73,sj,1,2005-09-03,35,137,30,True,107
MLP · raw + multiscale,73,sj,1,2005-09-10,36,131,32,True,99
MLP · raw + multiscale,73,sj,1,2005-09-17,37,112,17,True,95
MLP · raw + multiscale,73,sj,1,2005-09-24,38,82,15,True,67
MLP · raw + multiscale,73,sj,1,2005-10-01,39,73,9,True,64
MLP · raw + multiscale,73,sj,1,2005-10-08,40,43,8,False,35
MLP · raw + multiscale,73,sj,1,2005-10-15,41,55,18,False,37
MLP · raw + multiscale,73,sj,1,2005-10-22,42,55,21,False,34
MLP · raw + multiscale,73,sj,1,2005-10-29,43,53,13,False,40
MLP · raw + multiscale,73,sj,1,2005-11-05,44,46,23,False,23
MLP · raw + multiscale,73,sj,1,2005-11-12,45,43,51,False,8
MLP · raw + multiscale,73,sj,1,2005-11-19,46,29,49,False,20
MLP · raw + multiscale,73,sj,1,2005-11-26,47,22,34,False,12
MLP · raw + multiscale,73,sj,1,2005-12-03,48,26,44,False,18
MLP · raw + multiscale,73,sj,1,2005-12-10,49,13,57,False,44
MLP · raw + multiscale,73,sj,1,2005-12-17,50,17,32,False,15
MLP · raw + multiscale,73,sj,1,2005-12-24,51,8,19,False,11
MLP · raw + multiscale,73,sj,1,2006-01-01,52,13,18,False,5
MLP · raw + multiscale,73,sj,1,2006-01-08,1,10,15,False,5
MLP · raw + multiscale,73,sj,1,2006-01-15,2,17,9,False,8
MLP · raw + multiscale,73,sj,1,2006-01-22,3,19,9,False,10
MLP · raw + multiscale,73,sj,1,2006-01-29,4,9,11,False,2
MLP · raw + multiscale,73,sj,1,2006-02-05,5,9,4,False,5
MLP · raw + multiscale,73,sj,1,2006-02-12,6,9,5,False,4
MLP · raw + multiscale,73,sj,1,2006-02-19,7,3,2,False,1
MLP · raw + multiscale,73,sj,1,2006-02-26,8,7,3,False,4
MLP · raw + multiscale,73,sj,1,2006-03-05,9,7,5,False,2
MLP · raw + multiscale,73,sj,1,2006-03-12,10,0,7,False,7
MLP · raw + multiscale,73,sj,1,2006-03-19,11,2,5,False,3
MLP · raw + multiscale,73,sj,1,2006-03-26,12,3,4,False,1
MLP · raw + multiscale,73,sj,1,2006-04-02,13,3,6,False,3
MLP · raw + multiscale,73,sj,1,2006-04-09,14,1,6,False,5
MLP · raw + multiscale,73,sj,1,2006-04-16,15,3,6,False,3
MLP · raw + multiscale,73,sj,1,2006-04-23,16,3,1,False,2
MLP · raw + multiscale,73,sj,2,2006-04-30,17,3,10,False,7
MLP · raw + multiscale,73,sj,2,2006-05-07,18,7,10,False,3
MLP · raw + multiscale,73,sj,2,2006-05-14,19,3,10,False,7
MLP · raw + multiscale,73,sj,2,2006-05-21,20,5,10,False,5
MLP · raw + multiscale,73,sj,2,2006-05-28,21,11,10,False,1
MLP · raw + multiscale,73,sj,2,2006-06-04,22,5,10,False,5
MLP · raw + multiscale,73,sj,2,2006-06-11,23,5,10,False,5
MLP · raw + multiscale,73,sj,2,2006-06-18,24,6,10,False,4
MLP · raw + multiscale,73,sj,2,2006-06-25,25,6,10,False,4
MLP · raw + multiscale,73,sj,2,2006-07-02,26,4,10,False,6
MLP · raw + multiscale,73,sj,2,2006-07-09,27,4,10,False,6
MLP · raw + multiscale,73,sj,2,2006-07-16,28,8,10,False,2
MLP · raw + multiscale,73,sj,2,2006-07-23,29,14,10,False,4
MLP · raw + multiscale,73,sj,2,2006-07-30,30,12,10,False,2
MLP · raw + multiscale,73,sj,2,2006-08-06,31,16,10,False,6
MLP · raw + multiscale,73,sj,2,2006-08-13,32,10,10,False,0
MLP · raw + multiscale,73,sj,2,2006-08-20,33,16,11,False,5
MLP · raw + multiscale,73,sj,2,2006-08-27,34,18,13,False,5
MLP · raw + multiscale,73,sj,2,2006-09-03,35,15,16,False,1
MLP · raw + multiscale,73,sj,2,2006-09-10,36,23,15,False,8
MLP · raw + multiscale,73,sj,2,2006-09-17,37,17,15,False,2
MLP · raw + multiscale,73,sj,2,2006-09-24,38,33,17,False,16
MLP · raw + multiscale,73,sj,2,2006-10-01,39,15,27,False,12
MLP · raw + multiscale,73,sj,2,2006-10-08,40,13,20,False,7
MLP · raw + multiscale,73,sj,2,2006-10-15,41,11,23,False,12
MLP · raw + multiscale,73,sj,2,2006-10-22,42,14,18,False,4
MLP · raw + multiscale,73,sj,2,2006-10-29,43,17,21,False,4
MLP · raw + multiscale,73,sj,2,2006-11-05,44,19,18,False,1
MLP · raw + multiscale,73,sj,2,2006-11-12,45,20,33,False,13
MLP · raw + multiscale,73,sj,2,2006-11-19,46,12,32,False,20
MLP · raw + multiscale,73,sj,2,2006-11-26,47,21,18,False,3
MLP · raw + multiscale,73,sj,2,2006-12-03,48,7,12,False,5
MLP · raw + multiscale,73,sj,2,2006-12-10,49,19,13,False,6
MLP · raw + multiscale,73,sj,2,2006-12-17,50,10,15,False,5
MLP · raw + multiscale,73,sj,2,2006-12-24,51,13,11,False,2
MLP · raw + multiscale,73,sj,2,2007-01-01,1,10,10,False,0
MLP · raw + multiscale,73,sj,2,2007-01-08,2,8,10,False,2
MLP · raw + multiscale,73,sj,2,2007-01-15,3,21,10,False,11
MLP · raw + multiscale,73,sj,2,2007-01-22,4,11,10,False,1
MLP · raw + multiscale,73,sj,2,2007-01-29,5,9,10,False,1
MLP · raw + multiscale,73,sj,2,2007-02-05,6,14,10,False,4
MLP · raw + multiscale,73,sj,2,2007-02-12,7,14,10,False,4
MLP · raw + multiscale,73,sj,2,2007-02-19,8,15,10,False,5
MLP · raw + multiscale,73,sj,2,2007-02-26,9,18,10,False,8
MLP · raw + multiscale,73,sj,2,2007-03-05,10,16,10,False,6
MLP · raw + multiscale,73,sj,2,2007-03-12,11,12,10,False,2
MLP · raw + multiscale,73,sj,2,2007-03-19,12,20,10,False,10
MLP · raw + multiscale,73,sj,2,2007-03-26,13,8,10,False,2
MLP · raw + multiscale,73,sj,2,2007-04-02,14,3,10,False,7
MLP · raw + multiscale,73,sj,2,2007-04-09,15,13,10,False,3
MLP · raw + multiscale,73,sj,2,2007-04-16,16,4,10,False,6
MLP · raw + multiscale,73,sj,2,2007-04-23,17,1,10,False,9
MLP · raw + multiscale,73,sj,3,2007-04-30,18,10,10,False,0
MLP · raw + multiscale,73,sj,3,2007-05-07,19,8,9,False,1
MLP · raw + multiscale,73,sj,3,2007-05-14,20,13,7,False,6
MLP · raw + multiscale,73,sj,3,2007-05-21,21,10,8,False,2
MLP · raw + multiscale,73,sj,3,2007-05-28,22,21,12,False,9
MLP · raw + multiscale,73,sj,3,2007-06-04,23,18,12,False,6
MLP · raw + multiscale,73,sj,3,2007-06-11,24,21,12,False,9
MLP · raw + multiscale,73,sj,3,2007-06-18,25,34,10,False,24
MLP · raw + multiscale,73,sj,3,2007-06-25,26,25,10,False,15
MLP · raw + multiscale,73,sj,3,2007-07-02,27,34,12,False,22
MLP · raw + multiscale,73,sj,3,2007-07-09,28,33,15,False,18
MLP · raw + multiscale,73,sj,3,2007-07-16,29,40,12,False,28
MLP · raw + multiscale,73,sj,3,2007-07-23,30,42,12,False,30
MLP · raw + multiscale,73,sj,3,2007-07-30,31,36,19,False,17
MLP · raw + multiscale,73,sj,3,2007-08-06,32,72,16,True,56
MLP · raw + multiscale,73,sj,3,2007-08-13,33,75,13,True,62
MLP · raw + multiscale,73,sj,3,2007-08-20,34,76,21,True,55
MLP · raw + multiscale,73,sj,3,2007-08-27,35,92,18,True,74
MLP · raw + multiscale,73,sj,3,2007-09-03,36,71,49,True,22
MLP · raw + multiscale,73,sj,3,2007-09-10,37,112,62,True,50
MLP · raw + multiscale,73,sj,3,2007-09-17,38,106,63,True,43
MLP · raw + multiscale,73,sj,3,2007-09-24,39,101,65,True,36
MLP · raw + multiscale,73,sj,3,2007-10-01,40,170,82,True,88
MLP · raw + multiscale,73,sj,3,2007-10-08,41,135,118,True,17
MLP · raw + multiscale,73,sj,3,2007-10-15,42,106,127,True,21
MLP · raw + multiscale,73,sj,3,2007-10-22,43,68,162,False,94
MLP · raw + multiscale,73,sj,3,2007-10-29,44,48,157,False,109
MLP · raw + multiscale,73,sj,3,2007-11-05,45,48,158,False,110
MLP · raw + multiscale,73,sj,3,2007-11-12,46,26,173,False,147
MLP · raw + multiscale,73,sj,3,2007-11-19,47,33,130,False,97
MLP · raw + multiscale,73,sj,3,2007-11-26,48,29,138,False,109
MLP · raw + multiscale,73,sj,3,2007-12-03,49,17,142,False,125
MLP · raw + multiscale,73,sj,3,2007-12-10,50,12,56,False,44
MLP · raw + multiscale,73,sj,3,2007-12-17,51,13,72,False,59
MLP · raw + multiscale,73,sj,3,2007-12-24,52,17,69,False,52
MLP · raw + multiscale,73,sj,3,2008-01-01,1,15,23,False,8
MLP · raw + multiscale,73,sj,3,2008-01-08,2,14,27,False,13
MLP · raw + multiscale,73,sj,3,2008-01-15,3,15,26,False,11
MLP · raw + multiscale,73,sj,3,2008-01-22,4,10,17,False,7
MLP · raw + multiscale,73,sj,3,2008-01-29,5,9,14,False,5
MLP · raw + multiscale,73,sj,3,2008-02-05,6,2,10,False,8
MLP · raw + multiscale,73,sj,3,2008-02-12,7,6,11,False,5
MLP · raw + multiscale,73,sj,3,2008-02-19,8,8,12,False,4
MLP · raw + multiscale,73,sj,3,2008-02-26,9,5,10,False,5
MLP · raw + multiscale,73,sj,3,2008-03-04,10,1,8,False,7
MLP · raw + multiscale,73,sj,3,2008-03-11,11,2,0,False,2
MLP · raw + multiscale,73,sj,3,2008-03-18,12,3,0,False,3
MLP · raw + multiscale,73,sj,3,2008-03-25,13,4,0,False,4
MLP · raw + multiscale,73,sj,3,2008-04-01,14,3,5,False,2
MLP · raw + multiscale,73,sj,3,2008-04-08,15,1,3,False,2
MLP · raw + multiscale,73,sj,3,2008-04-15,16,3,1,False,2
MLP · raw + multiscale,73,sj,3,2008-04-22,17,5,0,False,5
MLP · raw + multiscale,17,iq,1,2007-07-02,27,3,1,False,2
MLP · raw + multiscale,17,iq,1,2007-07-09,28,4,2,False,2
MLP · raw + multiscale,17,iq,1,2007-07-16,29,1,1,False,0
MLP · raw + multiscale,17,iq,1,2007-07-23,30,8,1,False,7
MLP · raw + multiscale,17,iq,1,2007-07-30,31,5,1,False,4
MLP · raw + multiscale,17,iq,1,2007-08-06,32,3,1,False,2
MLP · raw + multiscale,17,iq,1,2007-08-13,33,2,0,False,2
MLP · raw + multiscale,17,iq,1,2007-08-20,34,7,0,False,7
MLP · raw + multiscale,17,iq,1,2007-08-27,35,1,1,False,0
MLP · raw + multiscale,17,iq,1,2007-09-03,36,6,1,False,5
MLP · raw + multiscale,17,iq,1,2007-09-10,37,7,1,False,6
MLP · raw + multiscale,17,iq,1,2007-09-17,38,5,1,False,4
MLP · raw + multiscale,17,iq,1,2007-09-24,39,2,3,False,1
MLP · raw + multiscale,17,iq,1,2007-10-01,40,6,1,False,5
MLP · raw + multiscale,17,iq,1,2007-10-08,41,11,2,False,9
MLP · raw + multiscale,17,iq,1,2007-10-15,42,6,1,False,5
MLP · raw + multiscale,17,iq,1,2007-10-22,43,3,6,False,3
MLP · raw + multiscale,17,iq,1,2007-10-29,44,11,5,False,6
MLP · raw + multiscale,17,iq,1,2007-11-05,45,11,5,False,6
MLP · raw + multiscale,17,iq,1,2007-11-12,46,5,6,False,1
MLP · raw + multiscale,17,iq,1,2007-11-19,47,4,10,False,6
MLP · raw + multiscale,17,iq,1,2007-11-26,48,9,7,False,2
MLP · raw + multiscale,17,iq,1,2007-12-03,49,23,11,True,12
MLP · raw + multiscale,17,iq,1,2007-12-10,50,28,8,True,20
MLP · raw + multiscale,17,iq,1,2007-12-17,51,26,9,True,17
MLP · raw + multiscale,17,iq,1,2007-12-24,52,7,10,False,3
MLP · raw + multiscale,17,iq,1,2008-01-01,1,29,17,True,12
MLP · raw + multiscale,17,iq,1,2008-01-08,2,58,15,True,43
MLP · raw + multiscale,17,iq,1,2008-01-15,3,26,9,True,17
MLP · raw + multiscale,17,iq,1,2008-01-22,4,38,16,True,22
MLP · raw + multiscale,17,iq,1,2008-01-29,5,35,13,True,22
MLP · raw + multiscale,17,iq,1,2008-02-05,6,37,8,True,29
MLP · raw + multiscale,17,iq,1,2008-02-12,7,20,7,True,13
MLP · raw + multiscale,17,iq,1,2008-02-19,8,29,6,True,23
MLP · raw + multiscale,17,iq,1,2008-02-26,9,25,7,True,18
MLP · raw + multiscale,17,iq,1,2008-03-04,10,23,5,True,18
MLP · raw + multiscale,17,iq,1,2008-03-11,11,9,3,False,6
MLP · raw + multiscale,17,iq,1,2008-03-18,12,3,5,False,2
MLP · raw + multiscale,17,iq,1,2008-03-25,13,6,5,False,1
MLP · raw + multiscale,17,iq,1,2008-04-01,14,6,4,False,2
MLP · raw + multiscale,17,iq,1,2008-04-08,15,3,7,False,4
MLP · raw + multiscale,17,iq,1,2008-04-15,16,1,5,False,4
MLP · raw + multiscale,17,iq,1,2008-04-22,17,3,9,False,6
MLP · raw + multiscale,17,iq,1,2008-04-29,18,1,6,False,5
MLP · raw + multiscale,17,iq,1,2008-05-06,19,1,5,False,4
MLP · raw + multiscale,17,iq,1,2008-05-13,20,0,6,False,6
MLP · raw + multiscale,17,iq,1,2008-05-20,21,2,3,False,1
MLP · raw + multiscale,17,iq,1,2008-05-27,22,1,4,False,3
MLP · raw + multiscale,17,iq,1,2008-06-03,23,1,2,False,1
MLP · raw + multiscale,17,iq,1,2008-06-10,24,0,3,False,3
MLP · raw + multiscale,17,iq,1,2008-06-17,25,0,1,False,1
MLP · raw + multiscale,17,iq,1,2008-06-24,26,1,1,False,0
MLP · raw + multiscale,17,iq,2,2008-07-01,27,0,0,False,0
MLP · raw + multiscale,17,iq,2,2008-07-08,28,3,1,False,2
MLP · raw + multiscale,17,iq,2,2008-07-15,29,3,0,False,3
MLP · raw + multiscale,17,iq,2,2008-07-22,30,1,0,False,1
MLP · raw + multiscale,17,iq,2,2008-07-29,31,5,0,False,5
MLP · raw + multiscale,17,iq,2,2008-08-05,32,2,0,False,2
MLP · raw + multiscale,17,iq,2,2008-08-12,33,5,0,False,5
MLP · raw + multiscale,17,iq,2,2008-08-19,34,5,0,False,5
MLP · raw + multiscale,17,iq,2,2008-08-26,35,5,0,False,5
MLP · raw + multiscale,17,iq,2,2008-09-02,36,9,0,False,9
MLP · raw + multiscale,17,iq,2,2008-09-09,37,17,0,False,17
MLP · raw + multiscale,17,iq,2,2008-09-16,38,19,3,True,16
MLP · raw + multiscale,17,iq,2,2008-09-23,39,25,1,True,24
MLP · raw + multiscale,17,iq,2,2008-09-30,40,45,2,True,43
MLP · raw + multiscale,17,iq,2,2008-10-07,41,34,0,True,34
MLP · raw + multiscale,17,iq,2,2008-10-14,42,63,5,True,58
MLP · raw + multiscale,17,iq,2,2008-10-21,43,44,5,True,39
MLP · raw + multiscale,17,iq,2,2008-10-28,44,50,3,True,47
MLP · raw + multiscale,17,iq,2,2008-11-04,45,35,14,True,21
MLP · raw + multiscale,17,iq,2,2008-11-11,46,16,15,False,1
MLP · raw + multiscale,17,iq,2,2008-11-18,47,16,6,False,10
MLP · raw + multiscale,17,iq,2,2008-11-25,48,13,7,False,6
MLP · raw + multiscale,17,iq,2,2008-12-02,49,9,5,False,4
MLP · raw + multiscale,17,iq,2,2008-12-09,50,15,8,False,7
MLP · raw + multiscale,17,iq,2,2008-12-16,51,4,4,False,0
MLP · raw + multiscale,17,iq,2,2008-12-23,52,0,10,False,10
MLP · raw + multiscale,17,iq,2,2009-01-01,1,1,16,False,15
MLP · raw + multiscale,17,iq,2,2009-01-08,2,10,7,False,3
MLP · raw + multiscale,17,iq,2,2009-01-15,3,11,8,False,3
MLP · raw + multiscale,17,iq,2,2009-01-22,4,29,12,True,17
MLP · raw + multiscale,17,iq,2,2009-01-29,5,35,13,True,22
MLP · raw + multiscale,17,iq,2,2009-02-05,6,30,14,True,16
MLP · raw + multiscale,17,iq,2,2009-02-12,7,20,15,True,5
MLP · raw + multiscale,17,iq,2,2009-02-19,8,21,16,True,5
MLP · raw + multiscale,17,iq,2,2009-02-26,9,12,13,False,1
MLP · raw + multiscale,17,iq,2,2009-03-05,10,9,12,False,3
MLP · raw + multiscale,17,iq,2,2009-03-12,11,11,12,False,1
MLP · raw + multiscale,17,iq,2,2009-03-19,12,9,14,False,5
MLP · raw + multiscale,17,iq,2,2009-03-26,13,5,15,False,10
MLP · raw + multiscale,17,iq,2,2009-04-02,14,11,13,False,2
MLP · raw + multiscale,17,iq,2,2009-04-09,15,3,12,False,9
MLP · raw + multiscale,17,iq,2,2009-04-16,16,5,16,False,11
MLP · raw + multiscale,17,iq,2,2009-04-23,17,5,16,False,11
MLP · raw + multiscale,17,iq,2,2009-04-30,18,4,11,False,7
MLP · raw + multiscale,17,iq,2,2009-05-07,19,4,11,False,7
MLP · raw + multiscale,17,iq,2,2009-05-14,20,1,12,False,11
MLP · raw + multiscale,17,iq,2,2009-05-21,21,0,7,False,7
MLP · raw + multiscale,17,iq,2,2009-05-28,22,2,14,False,12
MLP · raw + multiscale,17,iq,2,2009-06-04,23,3,9,False,6
MLP · raw + multiscale,17,iq,2,2009-06-11,24,3,7,False,4
MLP · raw + multiscale,17,iq,2,2009-06-18,25,5,7,False,2
MLP · raw + multiscale,17,iq,2,2009-06-25,26,2,5,False,3
MLP · raw + multiscale,17,iq,3,2009-07-02,27,1,3,False,2
MLP · raw + multiscale,17,iq,3,2009-07-09,28,2,2,False,0
MLP · raw + multiscale,17,iq,3,2009-07-16,29,0,1,False,1
MLP · raw + multiscale,17,iq,3,2009-07-23,30,0,1,False,1
MLP · raw + multiscale,17,iq,3,2009-07-30,31,3,1,False,2
MLP · raw + multiscale,17,iq,3,2009-08-06,32,5,1,False,4
MLP · raw + multiscale,17,iq,3,2009-08-13,33,5,0,False,5
MLP · raw + multiscale,17,iq,3,2009-08-20,34,7,2,False,5
MLP · raw + multiscale,17,iq,3,2009-08-27,35,5,2,False,3
MLP · raw + multiscale,17,iq,3,2009-09-03,36,2,1,False,1
MLP · raw + multiscale,17,iq,3,2009-09-10,37,2,3,False,1
MLP · raw + multiscale,17,iq,3,2009-09-17,38,2,4,False,2
MLP · raw + multiscale,17,iq,3,2009-09-24,39,0,6,False,6
MLP · raw + multiscale,17,iq,3,2009-10-01,40,2,4,False,2
MLP · raw + multiscale,17,iq,3,2009-10-08,41,1,6,False,5
MLP · raw + multiscale,17,iq,3,2009-10-15,42,1,7,False,6
MLP · raw + multiscale,17,iq,3,2009-10-22,43,2,7,False,5
MLP · raw + multiscale,17,iq,3,2009-10-29,44,2,5,False,3
MLP · raw + multiscale,17,iq,3,2009-11-05,45,3,10,False,7
MLP · raw + multiscale,17,iq,3,2009-11-12,46,9,13,False,4
MLP · raw + multiscale,17,iq,3,2009-11-19,47,5,8,False,3
MLP · raw + multiscale,17,iq,3,2009-11-26,48,5,9,False,4
MLP · raw + multiscale,17,iq,3,2009-12-03,49,4,9,False,5
MLP · raw + multiscale,17,iq,3,2009-12-10,50,4,10,False,6
MLP · raw + multiscale,17,iq,3,2009-12-17,51,1,8,False,7
MLP · raw + multiscale,17,iq,3,2009-12-24,52,0,3,False,3
MLP · raw + multiscale,17,iq,3,2010-01-01,53,0,4,False,4
MLP · raw + multiscale,17,iq,3,2010-01-08,1,10,4,False,6
MLP · raw + multiscale,17,iq,3,2010-01-15,2,9,4,False,5
MLP · raw + multiscale,17,iq,3,2010-01-22,3,17,7,False,10
MLP · raw + multiscale,17,iq,3,2010-01-29,4,16,6,False,10
MLP · raw + multiscale,17,iq,3,2010-02-05,5,11,2,False,9
MLP · raw + multiscale,17,iq,3,2010-02-12,6,12,4,False,8
MLP · raw + multiscale,17,iq,3,2010-02-19,7,19,4,False,15
MLP · raw + multiscale,17,iq,3,2010-02-26,8,15,3,False,12
MLP · raw + multiscale,17,iq,3,2010-03-05,9,12,6,False,6
MLP · raw + multiscale,17,iq,3,2010-03-12,10,12,5,False,7
MLP · raw + multiscale,17,iq,3,2010-03-19,11,16,6,False,10
MLP · raw + multiscale,17,iq,3,2010-03-26,12,9,5,False,4
MLP · raw + multiscale,17,iq,3,2010-04-02,13,4,7,False,3
MLP · raw + multiscale,17,iq,3,2010-04-09,14,9,6,False,3
MLP · raw + multiscale,17,iq,3,2010-04-16,15,6,6,False,0
MLP · raw + multiscale,17,iq,3,2010-04-23,16,8,6,False,2
MLP · raw + multiscale,17,iq,3,2010-04-30,17,4,5,False,1
MLP · raw + multiscale,17,iq,3,2010-05-07,18,2,8,False,6
MLP · raw + multiscale,17,iq,3,2010-05-14,19,7,9,False,2
MLP · raw + multiscale,17,iq,3,2010-05-21,20,6,8,False,2
MLP · raw + multiscale,17,iq,3,2010-05-28,21,5,8,False,3
MLP · raw + multiscale,17,iq,3,2010-06-04,22,8,8,False,0
MLP · raw + multiscale,17,iq,3,2010-06-11,23,1,7,False,6
MLP · raw + multiscale,17,iq,3,2010-06-18,24,1,5,False,4
MLP · raw + multiscale,17,iq,3,2010-06-25,25,4,5,False,1
MLP · raw + multiscale,42,iq,1,2007-07-02,27,3,1,False,2
MLP · raw + multiscale,42,iq,1,2007-07-09,28,4,1,False,3
MLP · raw + multiscale,42,iq,1,2007-07-16,29,1,0,False,1
MLP · raw + multiscale,42,iq,1,2007-07-23,30,8,0,False,8
MLP · raw + multiscale,42,iq,1,2007-07-30,31,5,0,False,5
MLP · raw + multiscale,42,iq,1,2007-08-06,32,3,0,False,3
MLP · raw + multiscale,42,iq,1,2007-08-13,33,2,0,False,2
MLP · raw + multiscale,42,iq,1,2007-08-20,34,7,0,False,7
MLP · raw + multiscale,42,iq,1,2007-08-27,35,1,0,False,1
MLP · raw + multiscale,42,iq,1,2007-09-03,36,6,1,False,5
MLP · raw + multiscale,42,iq,1,2007-09-10,37,7,0,False,7
MLP · raw + multiscale,42,iq,1,2007-09-17,38,5,1,False,4
MLP · raw + multiscale,42,iq,1,2007-09-24,39,2,3,False,1
MLP · raw + multiscale,42,iq,1,2007-10-01,40,6,1,False,5
MLP · raw + multiscale,42,iq,1,2007-10-08,41,11,6,False,5
MLP · raw + multiscale,42,iq,1,2007-10-15,42,6,2,False,4
MLP · raw + multiscale,42,iq,1,2007-10-22,43,3,9,False,6
MLP · raw + multiscale,42,iq,1,2007-10-29,44,11,6,False,5
MLP · raw + multiscale,42,iq,1,2007-11-05,45,11,10,False,1
MLP · raw + multiscale,42,iq,1,2007-11-12,46,5,13,False,8
MLP · raw + multiscale,42,iq,1,2007-11-19,47,4,16,False,12
MLP · raw + multiscale,42,iq,1,2007-11-26,48,9,13,False,4
MLP · raw + multiscale,42,iq,1,2007-12-03,49,23,18,True,5
MLP · raw + multiscale,42,iq,1,2007-12-10,50,28,9,True,19
MLP · raw + multiscale,42,iq,1,2007-12-17,51,26,13,True,13
MLP · raw + multiscale,42,iq,1,2007-12-24,52,7,16,False,9
MLP · raw + multiscale,42,iq,1,2008-01-01,1,29,22,True,7
MLP · raw + multiscale,42,iq,1,2008-01-08,2,58,24,True,34
MLP · raw + multiscale,42,iq,1,2008-01-15,3,26,13,True,13
MLP · raw + multiscale,42,iq,1,2008-01-22,4,38,22,True,16
MLP · raw + multiscale,42,iq,1,2008-01-29,5,35,17,True,18
MLP · raw + multiscale,42,iq,1,2008-02-05,6,37,13,True,24
MLP · raw + multiscale,42,iq,1,2008-02-12,7,20,10,True,10
MLP · raw + multiscale,42,iq,1,2008-02-19,8,29,7,True,22
MLP · raw + multiscale,42,iq,1,2008-02-26,9,25,11,True,14
MLP · raw + multiscale,42,iq,1,2008-03-04,10,23,11,True,12
MLP · raw + multiscale,42,iq,1,2008-03-11,11,9,6,False,3
MLP · raw + multiscale,42,iq,1,2008-03-18,12,3,10,False,7
MLP · raw + multiscale,42,iq,1,2008-03-25,13,6,6,False,0
MLP · raw + multiscale,42,iq,1,2008-04-01,14,6,6,False,0
MLP · raw + multiscale,42,iq,1,2008-04-08,15,3,8,False,5
MLP · raw + multiscale,42,iq,1,2008-04-15,16,1,6,False,5
MLP · raw + multiscale,42,iq,1,2008-04-22,17,3,12,False,9
MLP · raw + multiscale,42,iq,1,2008-04-29,18,1,8,False,7
MLP · raw + multiscale,42,iq,1,2008-05-06,19,1,5,False,4
MLP · raw + multiscale,42,iq,1,2008-05-13,20,0,9,False,9
MLP · raw + multiscale,42,iq,1,2008-05-20,21,2,3,False,1
MLP · raw + multiscale,42,iq,1,2008-05-27,22,1,5,False,4
MLP · raw + multiscale,42,iq,1,2008-06-03,23,1,1,False,0
MLP · raw + multiscale,42,iq,1,2008-06-10,24,0,1,False,1
MLP · raw + multiscale,42,iq,1,2008-06-17,25,0,0,False,0
MLP · raw + multiscale,42,iq,1,2008-06-24,26,1,0,False,1
MLP · raw + multiscale,42,iq,2,2008-07-01,27,0,0,False,0
MLP · raw + multiscale,42,iq,2,2008-07-08,28,3,1,False,2
MLP · raw + multiscale,42,iq,2,2008-07-15,29,3,0,False,3
MLP · raw + multiscale,42,iq,2,2008-07-22,30,1,0,False,1
MLP · raw + multiscale,42,iq,2,2008-07-29,31,5,0,False,5
MLP · raw + multiscale,42,iq,2,2008-08-05,32,2,0,False,2
MLP · raw + multiscale,42,iq,2,2008-08-12,33,5,1,False,4
MLP · raw + multiscale,42,iq,2,2008-08-19,34,5,0,False,5
MLP · raw + multiscale,42,iq,2,2008-08-26,35,5,0,False,5
MLP · raw + multiscale,42,iq,2,2008-09-02,36,9,1,False,8
MLP · raw + multiscale,42,iq,2,2008-09-09,37,17,1,False,16
MLP · raw + multiscale,42,iq,2,2008-09-16,38,19,1,True,18
MLP · raw + multiscale,42,iq,2,2008-09-23,39,25,2,True,23
MLP · raw + multiscale,42,iq,2,2008-09-30,40,45,5,True,40
MLP · raw + multiscale,42,iq,2,2008-10-07,41,34,1,True,33
MLP · raw + multiscale,42,iq,2,2008-10-14,42,63,5,True,58
MLP · raw + multiscale,42,iq,2,2008-10-21,43,44,4,True,40
MLP · raw + multiscale,42,iq,2,2008-10-28,44,50,2,True,48
MLP · raw + multiscale,42,iq,2,2008-11-04,45,35,7,True,28
MLP · raw + multiscale,42,iq,2,2008-11-11,46,16,9,False,7
MLP · raw + multiscale,42,iq,2,2008-11-18,47,16,5,False,11
MLP · raw + multiscale,42,iq,2,2008-11-25,48,13,5,False,8
MLP · raw + multiscale,42,iq,2,2008-12-02,49,9,4,False,5
MLP · raw + multiscale,42,iq,2,2008-12-09,50,15,4,False,11
MLP · raw + multiscale,42,iq,2,2008-12-16,51,4,2,False,2
MLP · raw + multiscale,42,iq,2,2008-12-23,52,0,5,False,5
MLP · raw + multiscale,42,iq,2,2009-01-01,1,1,8,False,7
MLP · raw + multiscale,42,iq,2,2009-01-08,2,10,4,False,6
MLP · raw + multiscale,42,iq,2,2009-01-15,3,11,5,False,6
MLP · raw + multiscale,42,iq,2,2009-01-22,4,29,7,True,22
MLP · raw + multiscale,42,iq,2,2009-01-29,5,35,8,True,27
MLP · raw + multiscale,42,iq,2,2009-02-05,6,30,9,True,21
MLP · raw + multiscale,42,iq,2,2009-02-12,7,20,13,True,7
MLP · raw + multiscale,42,iq,2,2009-02-19,8,21,12,True,9
MLP · raw + multiscale,42,iq,2,2009-02-26,9,12,11,False,1
MLP · raw + multiscale,42,iq,2,2009-03-05,10,9,9,False,0
MLP · raw + multiscale,42,iq,2,2009-03-12,11,11,11,False,0
MLP · raw + multiscale,42,iq,2,2009-03-19,12,9,11,False,2
MLP · raw + multiscale,42,iq,2,2009-03-26,13,5,14,False,9
MLP · raw + multiscale,42,iq,2,2009-04-02,14,11,13,False,2
MLP · raw + multiscale,42,iq,2,2009-04-09,15,3,11,False,8
MLP · raw + multiscale,42,iq,2,2009-04-16,16,5,14,False,9
MLP · raw + multiscale,42,iq,2,2009-04-23,17,5,13,False,8
MLP · raw + multiscale,42,iq,2,2009-04-30,18,4,11,False,7
MLP · raw + multiscale,42,iq,2,2009-05-07,19,4,11,False,7
MLP · raw + multiscale,42,iq,2,2009-05-14,20,1,10,False,9
MLP · raw + multiscale,42,iq,2,2009-05-21,21,0,8,False,8
MLP · raw + multiscale,42,iq,2,2009-05-28,22,2,11,False,9
MLP · raw + multiscale,42,iq,2,2009-06-04,23,3,10,False,7
MLP · raw + multiscale,42,iq,2,2009-06-11,24,3,6,False,3
MLP · raw + multiscale,42,iq,2,2009-06-18,25,5,6,False,1
MLP · raw + multiscale,42,iq,2,2009-06-25,26,2,5,False,3
MLP · raw + multiscale,42,iq,3,2009-07-02,27,1,2,False,1
MLP · raw + multiscale,42,iq,3,2009-07-09,28,2,1,False,1
MLP · raw + multiscale,42,iq,3,2009-07-16,29,0,0,False,0
MLP · raw + multiscale,42,iq,3,2009-07-23,30,0,0,False,0
MLP · raw + multiscale,42,iq,3,2009-07-30,31,3,1,False,2
MLP · raw + multiscale,42,iq,3,2009-08-06,32,5,0,False,5
MLP · raw + multiscale,42,iq,3,2009-08-13,33,5,0,False,5
MLP · raw + multiscale,42,iq,3,2009-08-20,34,7,1,False,6
MLP · raw + multiscale,42,iq,3,2009-08-27,35,5,2,False,3
MLP · raw + multiscale,42,iq,3,2009-09-03,36,2,1,False,1
MLP · raw + multiscale,42,iq,3,2009-09-10,37,2,3,False,1
MLP · raw + multiscale,42,iq,3,2009-09-17,38,2,2,False,0
MLP · raw + multiscale,42,iq,3,2009-09-24,39,0,7,False,7
MLP · raw + multiscale,42,iq,3,2009-10-01,40,2,5,False,3
MLP · raw + multiscale,42,iq,3,2009-10-08,41,1,5,False,4
MLP · raw + multiscale,42,iq,3,2009-10-15,42,1,7,False,6
MLP · raw + multiscale,42,iq,3,2009-10-22,43,2,9,False,7
MLP · raw + multiscale,42,iq,3,2009-10-29,44,2,3,False,1
MLP · raw + multiscale,42,iq,3,2009-11-05,45,3,8,False,5
MLP · raw + multiscale,42,iq,3,2009-11-12,46,9,13,False,4
MLP · raw + multiscale,42,iq,3,2009-11-19,47,5,8,False,3
MLP · raw + multiscale,42,iq,3,2009-11-26,48,5,9,False,4
MLP · raw + multiscale,42,iq,3,2009-12-03,49,4,7,False,3
MLP · raw + multiscale,42,iq,3,2009-12-10,50,4,8,False,4
MLP · raw + multiscale,42,iq,3,2009-12-17,51,1,4,False,3
MLP · raw + multiscale,42,iq,3,2009-12-24,52,0,1,False,1
MLP · raw + multiscale,42,iq,3,2010-01-01,53,0,2,False,2
MLP · raw + multiscale,42,iq,3,2010-01-08,1,10,2,False,8
MLP · raw + multiscale,42,iq,3,2010-01-15,2,9,3,False,6
MLP · raw + multiscale,42,iq,3,2010-01-22,3,17,10,False,7
MLP · raw + multiscale,42,iq,3,2010-01-29,4,16,7,False,9
MLP · raw + multiscale,42,iq,3,2010-02-05,5,11,1,False,10
MLP · raw + multiscale,42,iq,3,2010-02-12,6,12,3,False,9
MLP · raw + multiscale,42,iq,3,2010-02-19,7,19,2,False,17
MLP · raw + multiscale,42,iq,3,2010-02-26,8,15,2,False,13
MLP · raw + multiscale,42,iq,3,2010-03-05,9,12,5,False,7
MLP · raw + multiscale,42,iq,3,2010-03-12,10,12,4,False,8
MLP · raw + multiscale,42,iq,3,2010-03-19,11,16,5,False,11
MLP · raw + multiscale,42,iq,3,2010-03-26,12,9,4,False,5
MLP · raw + multiscale,42,iq,3,2010-04-02,13,4,4,False,0
MLP · raw + multiscale,42,iq,3,2010-04-09,14,9,4,False,5
MLP · raw + multiscale,42,iq,3,2010-04-16,15,6,4,False,2
MLP · raw + multiscale,42,iq,3,2010-04-23,16,8,5,False,3
MLP · raw + multiscale,42,iq,3,2010-04-30,17,4,6,False,2
MLP · raw + multiscale,42,iq,3,2010-05-07,18,2,7,False,5
MLP · raw + multiscale,42,iq,3,2010-05-14,19,7,10,False,3
MLP · raw + multiscale,42,iq,3,2010-05-21,20,6,9,False,3
MLP · raw + multiscale,42,iq,3,2010-05-28,21,5,8,False,3
MLP · raw + multiscale,42,iq,3,2010-06-04,22,8,8,False,0
MLP · raw + multiscale,42,iq,3,2010-06-11,23,1,7,False,6
MLP · raw + multiscale,42,iq,3,2010-06-18,24,1,6,False,5
MLP · raw + multiscale,42,iq,3,2010-06-25,25,4,5,False,1
MLP · raw + multiscale,73,iq,1,2007-07-02,27,3,1,False,2
MLP · raw + multiscale,73,iq,1,2007-07-09,28,4,2,False,2
MLP · raw + multiscale,73,iq,1,2007-07-16,29,1,0,False,1
MLP · raw + multiscale,73,iq,1,2007-07-23,30,8,0,False,8
MLP · raw + multiscale,73,iq,1,2007-07-30,31,5,0,False,5
MLP · raw + multiscale,73,iq,1,2007-08-06,32,3,0,False,3
MLP · raw + multiscale,73,iq,1,2007-08-13,33,2,0,False,2
MLP · raw + multiscale,73,iq,1,2007-08-20,34,7,0,False,7
MLP · raw + multiscale,73,iq,1,2007-08-27,35,1,0,False,1
MLP · raw + multiscale,73,iq,1,2007-09-03,36,6,0,False,6
MLP · raw + multiscale,73,iq,1,2007-09-10,37,7,0,False,7
MLP · raw + multiscale,73,iq,1,2007-09-17,38,5,0,False,5
MLP · raw + multiscale,73,iq,1,2007-09-24,39,2,4,False,2
MLP · raw + multiscale,73,iq,1,2007-10-01,40,6,3,False,3
MLP · raw + multiscale,73,iq,1,2007-10-08,41,11,6,False,5
MLP · raw + multiscale,73,iq,1,2007-10-15,42,6,3,False,3
MLP · raw + multiscale,73,iq,1,2007-10-22,43,3,9,False,6
MLP · raw + multiscale,73,iq,1,2007-10-29,44,11,6,False,5
MLP · raw + multiscale,73,iq,1,2007-11-05,45,11,11,False,0
MLP · raw + multiscale,73,iq,1,2007-11-12,46,5,15,False,10
MLP · raw + multiscale,73,iq,1,2007-11-19,47,4,18,False,14
MLP · raw + multiscale,73,iq,1,2007-11-26,48,9,15,False,6
MLP · raw + multiscale,73,iq,1,2007-12-03,49,23,19,True,4
MLP · raw + multiscale,73,iq,1,2007-12-10,50,28,11,True,17
MLP · raw + multiscale,73,iq,1,2007-12-17,51,26,14,True,12
MLP · raw + multiscale,73,iq,1,2007-12-24,52,7,16,False,9
MLP · raw + multiscale,73,iq,1,2008-01-01,1,29,22,True,7
MLP · raw + multiscale,73,iq,1,2008-01-08,2,58,23,True,35
MLP · raw + multiscale,73,iq,1,2008-01-15,3,26,14,True,12
MLP · raw + multiscale,73,iq,1,2008-01-22,4,38,20,True,18
MLP · raw + multiscale,73,iq,1,2008-01-29,5,35,18,True,17
MLP · raw + multiscale,73,iq,1,2008-02-05,6,37,9,True,28
MLP · raw + multiscale,73,iq,1,2008-02-12,7,20,8,True,12
MLP · raw + multiscale,73,iq,1,2008-02-19,8,29,11,True,18
MLP · raw + multiscale,73,iq,1,2008-02-26,9,25,11,True,14
MLP · raw + multiscale,73,iq,1,2008-03-04,10,23,9,True,14
MLP · raw + multiscale,73,iq,1,2008-03-11,11,9,6,False,3
MLP · raw + multiscale,73,iq,1,2008-03-18,12,3,10,False,7
MLP · raw + multiscale,73,iq,1,2008-03-25,13,6,7,False,1
MLP · raw + multiscale,73,iq,1,2008-04-01,14,6,7,False,1
MLP · raw + multiscale,73,iq,1,2008-04-08,15,3,9,False,6
MLP · raw + multiscale,73,iq,1,2008-04-15,16,1,7,False,6
MLP · raw + multiscale,73,iq,1,2008-04-22,17,3,12,False,9
MLP · raw + multiscale,73,iq,1,2008-04-29,18,1,7,False,6
MLP · raw + multiscale,73,iq,1,2008-05-06,19,1,7,False,6
MLP · raw + multiscale,73,iq,1,2008-05-13,20,0,9,False,9
MLP · raw + multiscale,73,iq,1,2008-05-20,21,2,4,False,2
MLP · raw + multiscale,73,iq,1,2008-05-27,22,1,5,False,4
MLP · raw + multiscale,73,iq,1,2008-06-03,23,1,2,False,1
MLP · raw + multiscale,73,iq,1,2008-06-10,24,0,4,False,4
MLP · raw + multiscale,73,iq,1,2008-06-17,25,0,0,False,0
MLP · raw + multiscale,73,iq,1,2008-06-24,26,1,0,False,1
MLP · raw + multiscale,73,iq,2,2008-07-01,27,0,0,False,0
MLP · raw + multiscale,73,iq,2,2008-07-08,28,3,0,False,3
MLP · raw + multiscale,73,iq,2,2008-07-15,29,3,0,False,3
MLP · raw + multiscale,73,iq,2,2008-07-22,30,1,0,False,1
MLP · raw + multiscale,73,iq,2,2008-07-29,31,5,0,False,5
MLP · raw + multiscale,73,iq,2,2008-08-05,32,2,0,False,2
MLP · raw + multiscale,73,iq,2,2008-08-12,33,5,0,False,5
MLP · raw + multiscale,73,iq,2,2008-08-19,34,5,0,False,5
MLP · raw + multiscale,73,iq,2,2008-08-26,35,5,0,False,5
MLP · raw + multiscale,73,iq,2,2008-09-02,36,9,1,False,8
MLP · raw + multiscale,73,iq,2,2008-09-09,37,17,0,False,17
MLP · raw + multiscale,73,iq,2,2008-09-16,38,19,5,True,14
MLP · raw + multiscale,73,iq,2,2008-09-23,39,25,4,True,21
MLP · raw + multiscale,73,iq,2,2008-09-30,40,45,6,True,39
MLP · raw + multiscale,73,iq,2,2008-10-07,41,34,1,True,33
MLP · raw + multiscale,73,iq,2,2008-10-14,42,63,8,True,55
MLP · raw + multiscale,73,iq,2,2008-10-21,43,44,9,True,35
MLP · raw + multiscale,73,iq,2,2008-10-28,44,50,8,True,42
MLP · raw + multiscale,73,iq,2,2008-11-04,45,35,18,True,17
MLP · raw + multiscale,73,iq,2,2008-11-11,46,16,15,False,1
MLP · raw + multiscale,73,iq,2,2008-11-18,47,16,9,False,7
MLP · raw + multiscale,73,iq,2,2008-11-25,48,13,8,False,5
MLP · raw + multiscale,73,iq,2,2008-12-02,49,9,5,False,4
MLP · raw + multiscale,73,iq,2,2008-12-09,50,15,7,False,8
MLP · raw + multiscale,73,iq,2,2008-12-16,51,4,4,False,0
MLP · raw + multiscale,73,iq,2,2008-12-23,52,0,8,False,8
MLP · raw + multiscale,73,iq,2,2009-01-01,1,1,13,False,12
MLP · raw + multiscale,73,iq,2,2009-01-08,2,10,8,False,2
MLP · raw + multiscale,73,iq,2,2009-01-15,3,11,7,False,4
MLP · raw + multiscale,73,iq,2,2009-01-22,4,29,12,True,17
MLP · raw + multiscale,73,iq,2,2009-01-29,5,35,15,True,20
MLP · raw + multiscale,73,iq,2,2009-02-05,6,30,13,True,17
MLP · raw + multiscale,73,iq,2,2009-02-12,7,20,15,True,5
MLP · raw + multiscale,73,iq,2,2009-02-19,8,21,19,True,2
MLP · raw + multiscale,73,iq,2,2009-02-26,9,12,14,False,2
MLP · raw + multiscale,73,iq,2,2009-03-05,10,9,13,False,4
MLP · raw + multiscale,73,iq,2,2009-03-12,11,11,14,False,3
MLP · raw + multiscale,73,iq,2,2009-03-19,12,9,16,False,7
MLP · raw + multiscale,73,iq,2,2009-03-26,13,5,17,False,12
MLP · raw + multiscale,73,iq,2,2009-04-02,14,11,18,False,7
MLP · raw + multiscale,73,iq,2,2009-04-09,15,3,14,False,11
MLP · raw + multiscale,73,iq,2,2009-04-16,16,5,16,False,11
MLP · raw + multiscale,73,iq,2,2009-04-23,17,5,18,False,13
MLP · raw + multiscale,73,iq,2,2009-04-30,18,4,13,False,9
MLP · raw + multiscale,73,iq,2,2009-05-07,19,4,16,False,12
MLP · raw + multiscale,73,iq,2,2009-05-14,20,1,16,False,15
MLP · raw + multiscale,73,iq,2,2009-05-21,21,0,11,False,11
MLP · raw + multiscale,73,iq,2,2009-05-28,22,2,16,False,14
MLP · raw + multiscale,73,iq,2,2009-06-04,23,3,14,False,11
MLP · raw + multiscale,73,iq,2,2009-06-11,24,3,9,False,6
MLP · raw + multiscale,73,iq,2,2009-06-18,25,5,8,False,3
MLP · raw + multiscale,73,iq,2,2009-06-25,26,2,6,False,4
MLP · raw + multiscale,73,iq,3,2009-07-02,27,1,3,False,2
MLP · raw + multiscale,73,iq,3,2009-07-09,28,2,1,False,1
MLP · raw + multiscale,73,iq,3,2009-07-16,29,0,0,False,0
MLP · raw + multiscale,73,iq,3,2009-07-23,30,0,0,False,0
MLP · raw + multiscale,73,iq,3,2009-07-30,31,3,0,False,3
MLP · raw + multiscale,73,iq,3,2009-08-06,32,5,0,False,5
MLP · raw + multiscale,73,iq,3,2009-08-13,33,5,0,False,5
MLP · raw + multiscale,73,iq,3,2009-08-20,34,7,3,False,4
MLP · raw + multiscale,73,iq,3,2009-08-27,35,5,2,False,3
MLP · raw + multiscale,73,iq,3,2009-09-03,36,2,2,False,0
MLP · raw + multiscale,73,iq,3,2009-09-10,37,2,3,False,1
MLP · raw + multiscale,73,iq,3,2009-09-17,38,2,4,False,2
MLP · raw + multiscale,73,iq,3,2009-09-24,39,0,7,False,7
MLP · raw + multiscale,73,iq,3,2009-10-01,40,2,3,False,1
MLP · raw + multiscale,73,iq,3,2009-10-08,41,1,3,False,2
MLP · raw + multiscale,73,iq,3,2009-10-15,42,1,5,False,4
MLP · raw + multiscale,73,iq,3,2009-10-22,43,2,8,False,6
MLP · raw + multiscale,73,iq,3,2009-10-29,44,2,4,False,2
MLP · raw + multiscale,73,iq,3,2009-11-05,45,3,10,False,7
MLP · raw + multiscale,73,iq,3,2009-11-12,46,9,14,False,5
MLP · raw + multiscale,73,iq,3,2009-11-19,47,5,7,False,2
MLP · raw + multiscale,73,iq,3,2009-11-26,48,5,7,False,2
MLP · raw + multiscale,73,iq,3,2009-12-03,49,4,5,False,1
MLP · raw + multiscale,73,iq,3,2009-12-10,50,4,9,False,5
MLP · raw + multiscale,73,iq,3,2009-12-17,51,1,7,False,6
MLP · raw + multiscale,73,iq,3,2009-12-24,52,0,3,False,3
MLP · raw + multiscale,73,iq,3,2010-01-01,53,0,5,False,5
MLP · raw + multiscale,73,iq,3,2010-01-08,1,10,5,False,5
MLP · raw + multiscale,73,iq,3,2010-01-15,2,9,3,False,6
MLP · raw + multiscale,73,iq,3,2010-01-22,3,17,8,False,9
MLP · raw + multiscale,73,iq,3,2010-01-29,4,16,8,False,8
MLP · raw + multiscale,73,iq,3,2010-02-05,5,11,3,False,8
MLP · raw + multiscale,73,iq,3,2010-02-12,6,12,4,False,8
MLP · raw + multiscale,73,iq,3,2010-02-19,7,19,5,False,14
MLP · raw + multiscale,73,iq,3,2010-02-26,8,15,6,False,9
MLP · raw + multiscale,73,iq,3,2010-03-05,9,12,7,False,5
MLP · raw + multiscale,73,iq,3,2010-03-12,10,12,8,False,4
MLP · raw + multiscale,73,iq,3,2010-03-19,11,16,8,False,8
MLP · raw + multiscale,73,iq,3,2010-03-26,12,9,6,False,3
MLP · raw + multiscale,73,iq,3,2010-04-02,13,4,7,False,3
MLP · raw + multiscale,73,iq,3,2010-04-09,14,9,7,False,2
MLP · raw + multiscale,73,iq,3,2010-04-16,15,6,6,False,0
MLP · raw + multiscale,73,iq,3,2010-04-23,16,8,7,False,1
MLP · raw + multiscale,73,iq,3,2010-04-30,17,4,6,False,2
MLP · raw + multiscale,73,iq,3,2010-05-07,18,2,8,False,6
MLP · raw + multiscale,73,iq,3,2010-05-14,19,7,10,False,3
MLP · raw + multiscale,73,iq,3,2010-05-21,20,6,9,False,3
MLP · raw + multiscale,73,iq,3,2010-05-28,21,5,7,False,2
MLP · raw + multiscale,73,iq,3,2010-06-04,22,8,8,False,0
MLP · raw + multiscale,73,iq,3,2010-06-11,23,1,8,False,7
MLP · raw + multiscale,73,iq,3,2010-06-18,24,1,7,False,6
MLP · raw + multiscale,73,iq,3,2010-06-25,25,4,4,False,0
MLP · multiscale,17,sj,1,2005-04-30,17,4,7,False,3
MLP · multiscale,17,sj,1,2005-05-07,18,2,5,False,3
MLP · multiscale,17,sj,1,2005-05-14,19,6,5,False,1
MLP · multiscale,17,sj,1,2005-05-21,20,3,6,False,3
MLP · multiscale,17,sj,1,2005-05-28,21,4,5,False,1
MLP · multiscale,17,sj,1,2005-06-04,22,10,5,False,5
MLP · multiscale,17,sj,1,2005-06-11,23,12,10,False,2
MLP · multiscale,17,sj,1,2005-06-18,24,21,9,False,12
MLP · multiscale,17,sj,1,2005-06-25,25,26,9,False,17
MLP · multiscale,17,sj,1,2005-07-02,26,21,10,False,11
MLP · multiscale,17,sj,1,2005-07-09,27,30,10,False,20
MLP · multiscale,17,sj,1,2005-07-16,28,45,8,False,37
MLP · multiscale,17,sj,1,2005-07-23,29,56,11,False,45
MLP · multiscale,17,sj,1,2005-07-30,30,75,11,True,64
MLP · multiscale,17,sj,1,2005-08-06,31,83,10,True,73
MLP · multiscale,17,sj,1,2005-08-13,32,82,11,True,71
MLP · multiscale,17,sj,1,2005-08-20,33,126,16,True,110
MLP · multiscale,17,sj,1,2005-08-27,34,119,18,True,101
MLP · multiscale,17,sj,1,2005-09-03,35,137,23,True,114
MLP · multiscale,17,sj,1,2005-09-10,36,131,14,True,117
MLP · multiscale,17,sj,1,2005-09-17,37,112,10,True,102
MLP · multiscale,17,sj,1,2005-09-24,38,82,9,True,73
MLP · multiscale,17,sj,1,2005-10-01,39,73,4,True,69
MLP · multiscale,17,sj,1,2005-10-08,40,43,9,False,34
MLP · multiscale,17,sj,1,2005-10-15,41,55,12,False,43
MLP · multiscale,17,sj,1,2005-10-22,42,55,12,False,43
MLP · multiscale,17,sj,1,2005-10-29,43,53,9,False,44
MLP · multiscale,17,sj,1,2005-11-05,44,46,11,False,35
MLP · multiscale,17,sj,1,2005-11-12,45,43,13,False,30
MLP · multiscale,17,sj,1,2005-11-19,46,29,11,False,18
MLP · multiscale,17,sj,1,2005-11-26,47,22,14,False,8
MLP · multiscale,17,sj,1,2005-12-03,48,26,19,False,7
MLP · multiscale,17,sj,1,2005-12-10,49,13,20,False,7
MLP · multiscale,17,sj,1,2005-12-17,50,17,18,False,1
MLP · multiscale,17,sj,1,2005-12-24,51,8,13,False,5
MLP · multiscale,17,sj,1,2006-01-01,52,13,12,False,1
MLP · multiscale,17,sj,1,2006-01-08,1,10,11,False,1
MLP · multiscale,17,sj,1,2006-01-15,2,17,11,False,6
MLP · multiscale,17,sj,1,2006-01-22,3,19,9,False,10
MLP · multiscale,17,sj,1,2006-01-29,4,9,8,False,1
MLP · multiscale,17,sj,1,2006-02-05,5,9,5,False,4
MLP · multiscale,17,sj,1,2006-02-12,6,9,3,False,6
MLP · multiscale,17,sj,1,2006-02-19,7,3,5,False,2
MLP · multiscale,17,sj,1,2006-02-26,8,7,4,False,3
MLP · multiscale,17,sj,1,2006-03-05,9,7,2,False,5
MLP · multiscale,17,sj,1,2006-03-12,10,0,1,False,1
MLP · multiscale,17,sj,1,2006-03-19,11,2,1,False,1
MLP · multiscale,17,sj,1,2006-03-26,12,3,0,False,3
MLP · multiscale,17,sj,1,2006-04-02,13,3,0,False,3
MLP · multiscale,17,sj,1,2006-04-09,14,1,0,False,1
MLP · multiscale,17,sj,1,2006-04-16,15,3,0,False,3
MLP · multiscale,17,sj,1,2006-04-23,16,3,1,False,2
MLP · multiscale,17,sj,2,2006-04-30,17,3,6,False,3
MLP · multiscale,17,sj,2,2006-05-07,18,7,6,False,1
MLP · multiscale,17,sj,2,2006-05-14,19,3,4,False,1
MLP · multiscale,17,sj,2,2006-05-21,20,5,5,False,0
MLP · multiscale,17,sj,2,2006-05-28,21,11,6,False,5
MLP · multiscale,17,sj,2,2006-06-04,22,5,6,False,1
MLP · multiscale,17,sj,2,2006-06-11,23,5,8,False,3
MLP · multiscale,17,sj,2,2006-06-18,24,6,9,False,3
MLP · multiscale,17,sj,2,2006-06-25,25,6,8,False,2
MLP · multiscale,17,sj,2,2006-07-02,26,4,8,False,4
MLP · multiscale,17,sj,2,2006-07-09,27,4,10,False,6
MLP · multiscale,17,sj,2,2006-07-16,28,8,11,False,3
MLP · multiscale,17,sj,2,2006-07-23,29,14,10,False,4
MLP · multiscale,17,sj,2,2006-07-30,30,12,11,False,1
MLP · multiscale,17,sj,2,2006-08-06,31,16,10,False,6
MLP · multiscale,17,sj,2,2006-08-13,32,10,13,False,3
MLP · multiscale,17,sj,2,2006-08-20,33,16,15,False,1
MLP · multiscale,17,sj,2,2006-08-27,34,18,24,False,6
MLP · multiscale,17,sj,2,2006-09-03,35,15,18,False,3
MLP · multiscale,17,sj,2,2006-09-10,36,23,16,False,7
MLP · multiscale,17,sj,2,2006-09-17,37,17,22,False,5
MLP · multiscale,17,sj,2,2006-09-24,38,33,27,False,6
MLP · multiscale,17,sj,2,2006-10-01,39,15,37,False,22
MLP · multiscale,17,sj,2,2006-10-08,40,13,43,False,30
MLP · multiscale,17,sj,2,2006-10-15,41,11,39,False,28
MLP · multiscale,17,sj,2,2006-10-22,42,14,30,False,16
MLP · multiscale,17,sj,2,2006-10-29,43,17,20,False,3
MLP · multiscale,17,sj,2,2006-11-05,44,19,29,False,10
MLP · multiscale,17,sj,2,2006-11-12,45,20,33,False,13
MLP · multiscale,17,sj,2,2006-11-19,46,12,34,False,22
MLP · multiscale,17,sj,2,2006-11-26,47,21,16,False,5
MLP · multiscale,17,sj,2,2006-12-03,48,7,13,False,6
MLP · multiscale,17,sj,2,2006-12-10,49,19,14,False,5
MLP · multiscale,17,sj,2,2006-12-17,50,10,16,False,6
MLP · multiscale,17,sj,2,2006-12-24,51,13,12,False,1
MLP · multiscale,17,sj,2,2007-01-01,1,10,13,False,3
MLP · multiscale,17,sj,2,2007-01-08,2,8,11,False,3
MLP · multiscale,17,sj,2,2007-01-15,3,21,9,False,12
MLP · multiscale,17,sj,2,2007-01-22,4,11,10,False,1
MLP · multiscale,17,sj,2,2007-01-29,5,9,10,False,1
MLP · multiscale,17,sj,2,2007-02-05,6,14,11,False,3
MLP · multiscale,17,sj,2,2007-02-12,7,14,14,False,0
MLP · multiscale,17,sj,2,2007-02-19,8,15,14,False,1
MLP · multiscale,17,sj,2,2007-02-26,9,18,13,False,5
MLP · multiscale,17,sj,2,2007-03-05,10,16,13,False,3
MLP · multiscale,17,sj,2,2007-03-12,11,12,10,False,2
MLP · multiscale,17,sj,2,2007-03-19,12,20,9,False,11
MLP · multiscale,17,sj,2,2007-03-26,13,8,8,False,0
MLP · multiscale,17,sj,2,2007-04-02,14,3,6,False,3
MLP · multiscale,17,sj,2,2007-04-09,15,13,6,False,7
MLP · multiscale,17,sj,2,2007-04-16,16,4,7,False,3
MLP · multiscale,17,sj,2,2007-04-23,17,1,10,False,9
MLP · multiscale,17,sj,3,2007-04-30,18,10,8,False,2
MLP · multiscale,17,sj,3,2007-05-07,19,8,4,False,4
MLP · multiscale,17,sj,3,2007-05-14,20,13,3,False,10
MLP · multiscale,17,sj,3,2007-05-21,21,10,6,False,4
MLP · multiscale,17,sj,3,2007-05-28,22,21,11,False,10
MLP · multiscale,17,sj,3,2007-06-04,23,18,11,False,7
MLP · multiscale,17,sj,3,2007-06-11,24,21,11,False,10
MLP · multiscale,17,sj,3,2007-06-18,25,34,13,False,21
MLP · multiscale,17,sj,3,2007-06-25,26,25,12,False,13
MLP · multiscale,17,sj,3,2007-07-02,27,34,13,False,21
MLP · multiscale,17,sj,3,2007-07-09,28,33,13,False,20
MLP · multiscale,17,sj,3,2007-07-16,29,40,14,False,26
MLP · multiscale,17,sj,3,2007-07-23,30,42,15,False,27
MLP · multiscale,17,sj,3,2007-07-30,31,36,37,False,1
MLP · multiscale,17,sj,3,2007-08-06,32,72,59,True,13
MLP · multiscale,17,sj,3,2007-08-13,33,75,54,True,21
MLP · multiscale,17,sj,3,2007-08-20,34,76,78,True,2
MLP · multiscale,17,sj,3,2007-08-27,35,92,83,True,9
MLP · multiscale,17,sj,3,2007-09-03,36,71,127,True,56
MLP · multiscale,17,sj,3,2007-09-10,37,112,155,True,43
MLP · multiscale,17,sj,3,2007-09-17,38,106,160,True,54
MLP · multiscale,17,sj,3,2007-09-24,39,101,175,True,74
MLP · multiscale,17,sj,3,2007-10-01,40,170,135,True,35
MLP · multiscale,17,sj,3,2007-10-08,41,135,113,True,22
MLP · multiscale,17,sj,3,2007-10-15,42,106,136,True,30
MLP · multiscale,17,sj,3,2007-10-22,43,68,146,False,78
MLP · multiscale,17,sj,3,2007-10-29,44,48,138,False,90
MLP · multiscale,17,sj,3,2007-11-05,45,48,128,False,80
MLP · multiscale,17,sj,3,2007-11-12,46,26,105,False,79
MLP · multiscale,17,sj,3,2007-11-19,47,33,95,False,62
MLP · multiscale,17,sj,3,2007-11-26,48,29,114,False,85
MLP · multiscale,17,sj,3,2007-12-03,49,17,110,False,93
MLP · multiscale,17,sj,3,2007-12-10,50,12,16,False,4
MLP · multiscale,17,sj,3,2007-12-17,51,13,19,False,6
MLP · multiscale,17,sj,3,2007-12-24,52,17,17,False,0
MLP · multiscale,17,sj,3,2008-01-01,1,15,13,False,2
MLP · multiscale,17,sj,3,2008-01-08,2,14,14,False,0
MLP · multiscale,17,sj,3,2008-01-15,3,15,13,False,2
MLP · multiscale,17,sj,3,2008-01-22,4,10,11,False,1
MLP · multiscale,17,sj,3,2008-01-29,5,9,12,False,3
MLP · multiscale,17,sj,3,2008-02-05,6,2,11,False,9
MLP · multiscale,17,sj,3,2008-02-12,7,6,10,False,4
MLP · multiscale,17,sj,3,2008-02-19,8,8,9,False,1
MLP · multiscale,17,sj,3,2008-02-26,9,5,8,False,3
MLP · multiscale,17,sj,3,2008-03-04,10,1,5,False,4
MLP · multiscale,17,sj,3,2008-03-11,11,2,3,False,1
MLP · multiscale,17,sj,3,2008-03-18,12,3,1,False,2
MLP · multiscale,17,sj,3,2008-03-25,13,4,0,False,4
MLP · multiscale,17,sj,3,2008-04-01,14,3,0,False,3
MLP · multiscale,17,sj,3,2008-04-08,15,1,0,False,1
MLP · multiscale,17,sj,3,2008-04-15,16,3,0,False,3
MLP · multiscale,17,sj,3,2008-04-22,17,5,0,False,5
MLP · multiscale,42,sj,1,2005-04-30,17,4,7,False,3
MLP · multiscale,42,sj,1,2005-05-07,18,2,5,False,3
MLP · multiscale,42,sj,1,2005-05-14,19,6,6,False,0
MLP · multiscale,42,sj,1,2005-05-21,20,3,7,False,4
MLP · multiscale,42,sj,1,2005-05-28,21,4,8,False,4
MLP · multiscale,42,sj,1,2005-06-04,22,10,7,False,3
MLP · multiscale,42,sj,1,2005-06-11,23,12,8,False,4
MLP · multiscale,42,sj,1,2005-06-18,24,21,9,False,12
MLP · multiscale,42,sj,1,2005-06-25,25,26,10,False,16
MLP · multiscale,42,sj,1,2005-07-02,26,21,10,False,11
MLP · multiscale,42,sj,1,2005-07-09,27,30,12,False,18
MLP · multiscale,42,sj,1,2005-07-16,28,45,11,False,34
MLP · multiscale,42,sj,1,2005-07-23,29,56,13,False,43
MLP · multiscale,42,sj,1,2005-07-30,30,75,13,True,62
MLP · multiscale,42,sj,1,2005-08-06,31,83,12,True,71
MLP · multiscale,42,sj,1,2005-08-13,32,82,13,True,69
MLP · multiscale,42,sj,1,2005-08-20,33,126,15,True,111
MLP · multiscale,42,sj,1,2005-08-27,34,119,17,True,102
MLP · multiscale,42,sj,1,2005-09-03,35,137,16,True,121
MLP · multiscale,42,sj,1,2005-09-10,36,131,14,True,117
MLP · multiscale,42,sj,1,2005-09-17,37,112,11,True,101
MLP · multiscale,42,sj,1,2005-09-24,38,82,9,True,73
MLP · multiscale,42,sj,1,2005-10-01,39,73,7,True,66
MLP · multiscale,42,sj,1,2005-10-08,40,43,10,False,33
MLP · multiscale,42,sj,1,2005-10-15,41,55,11,False,44
MLP · multiscale,42,sj,1,2005-10-22,42,55,12,False,43
MLP · multiscale,42,sj,1,2005-10-29,43,53,12,False,41
MLP · multiscale,42,sj,1,2005-11-05,44,46,19,False,27
MLP · multiscale,42,sj,1,2005-11-12,45,43,24,False,19
MLP · multiscale,42,sj,1,2005-11-19,46,29,28,False,1
MLP · multiscale,42,sj,1,2005-11-26,47,22,20,False,2
MLP · multiscale,42,sj,1,2005-12-03,48,26,31,False,5
MLP · multiscale,42,sj,1,2005-12-10,49,13,23,False,10
MLP · multiscale,42,sj,1,2005-12-17,50,17,23,False,6
MLP · multiscale,42,sj,1,2005-12-24,51,8,12,False,4
MLP · multiscale,42,sj,1,2006-01-01,52,13,12,False,1
MLP · multiscale,42,sj,1,2006-01-08,1,10,12,False,2
MLP · multiscale,42,sj,1,2006-01-15,2,17,11,False,6
MLP · multiscale,42,sj,1,2006-01-22,3,19,10,False,9
MLP · multiscale,42,sj,1,2006-01-29,4,9,9,False,0
MLP · multiscale,42,sj,1,2006-02-05,5,9,6,False,3
MLP · multiscale,42,sj,1,2006-02-12,6,9,4,False,5
MLP · multiscale,42,sj,1,2006-02-19,7,3,4,False,1
MLP · multiscale,42,sj,1,2006-02-26,8,7,4,False,3
MLP · multiscale,42,sj,1,2006-03-05,9,7,3,False,4
MLP · multiscale,42,sj,1,2006-03-12,10,0,2,False,2
MLP · multiscale,42,sj,1,2006-03-19,11,2,2,False,0
MLP · multiscale,42,sj,1,2006-03-26,12,3,1,False,2
MLP · multiscale,42,sj,1,2006-04-02,13,3,0,False,3
MLP · multiscale,42,sj,1,2006-04-09,14,1,0,False,1
MLP · multiscale,42,sj,1,2006-04-16,15,3,0,False,3
MLP · multiscale,42,sj,1,2006-04-23,16,3,3,False,0
MLP · multiscale,42,sj,2,2006-04-30,17,3,7,False,4
MLP · multiscale,42,sj,2,2006-05-07,18,7,6,False,1
MLP · multiscale,42,sj,2,2006-05-14,19,3,4,False,1
MLP · multiscale,42,sj,2,2006-05-21,20,5,5,False,0
MLP · multiscale,42,sj,2,2006-05-28,21,11,7,False,4
MLP · multiscale,42,sj,2,2006-06-04,22,5,8,False,3
MLP · multiscale,42,sj,2,2006-06-11,23,5,9,False,4
MLP · multiscale,42,sj,2,2006-06-18,24,6,9,False,3
MLP · multiscale,42,sj,2,2006-06-25,25,6,6,False,0
MLP · multiscale,42,sj,2,2006-07-02,26,4,5,False,1
MLP · multiscale,42,sj,2,2006-07-09,27,4,9,False,5
MLP · multiscale,42,sj,2,2006-07-16,28,8,13,False,5
MLP · multiscale,42,sj,2,2006-07-23,29,14,13,False,1
MLP · multiscale,42,sj,2,2006-07-30,30,12,14,False,2
MLP · multiscale,42,sj,2,2006-08-06,31,16,13,False,3
MLP · multiscale,42,sj,2,2006-08-13,32,10,16,False,6
MLP · multiscale,42,sj,2,2006-08-20,33,16,20,False,4
MLP · multiscale,42,sj,2,2006-08-27,34,18,43,False,25
MLP · multiscale,42,sj,2,2006-09-03,35,15,22,False,7
MLP · multiscale,42,sj,2,2006-09-10,36,23,22,False,1
MLP · multiscale,42,sj,2,2006-09-17,37,17,34,False,17
MLP · multiscale,42,sj,2,2006-09-24,38,33,43,False,10
MLP · multiscale,42,sj,2,2006-10-01,39,15,53,False,38
MLP · multiscale,42,sj,2,2006-10-08,40,13,61,False,48
MLP · multiscale,42,sj,2,2006-10-15,41,11,60,False,49
MLP · multiscale,42,sj,2,2006-10-22,42,14,50,False,36
MLP · multiscale,42,sj,2,2006-10-29,43,17,37,False,20
MLP · multiscale,42,sj,2,2006-11-05,44,19,64,False,45
MLP · multiscale,42,sj,2,2006-11-12,45,20,59,False,39
MLP · multiscale,42,sj,2,2006-11-19,46,12,61,False,49
MLP · multiscale,42,sj,2,2006-11-26,47,21,39,False,18
MLP · multiscale,42,sj,2,2006-12-03,48,7,22,False,15
MLP · multiscale,42,sj,2,2006-12-10,49,19,17,False,2
MLP · multiscale,42,sj,2,2006-12-17,50,10,36,False,26
MLP · multiscale,42,sj,2,2006-12-24,51,13,16,False,3
MLP · multiscale,42,sj,2,2007-01-01,1,10,15,False,5
MLP · multiscale,42,sj,2,2007-01-08,2,8,15,False,7
MLP · multiscale,42,sj,2,2007-01-15,3,21,14,False,7
MLP · multiscale,42,sj,2,2007-01-22,4,11,13,False,2
MLP · multiscale,42,sj,2,2007-01-29,5,9,13,False,4
MLP · multiscale,42,sj,2,2007-02-05,6,14,12,False,2
MLP · multiscale,42,sj,2,2007-02-12,7,14,13,False,1
MLP · multiscale,42,sj,2,2007-02-19,8,15,12,False,3
MLP · multiscale,42,sj,2,2007-02-26,9,18,12,False,6
MLP · multiscale,42,sj,2,2007-03-05,10,16,12,False,4
MLP · multiscale,42,sj,2,2007-03-12,11,12,9,False,3
MLP · multiscale,42,sj,2,2007-03-19,12,20,8,False,12
MLP · multiscale,42,sj,2,2007-03-26,13,8,6,False,2
MLP · multiscale,42,sj,2,2007-04-02,14,3,4,False,1
MLP · multiscale,42,sj,2,2007-04-09,15,13,3,False,10
MLP · multiscale,42,sj,2,2007-04-16,16,4,7,False,3
MLP · multiscale,42,sj,2,2007-04-23,17,1,9,False,8
MLP · multiscale,42,sj,3,2007-04-30,18,10,10,False,0
MLP · multiscale,42,sj,3,2007-05-07,19,8,6,False,2
MLP · multiscale,42,sj,3,2007-05-14,20,13,8,False,5
MLP · multiscale,42,sj,3,2007-05-21,21,10,9,False,1
MLP · multiscale,42,sj,3,2007-05-28,22,21,11,False,10
MLP · multiscale,42,sj,3,2007-06-04,23,18,12,False,6
MLP · multiscale,42,sj,3,2007-06-11,24,21,12,False,9
MLP · multiscale,42,sj,3,2007-06-18,25,34,12,False,22
MLP · multiscale,42,sj,3,2007-06-25,26,25,12,False,13
MLP · multiscale,42,sj,3,2007-07-02,27,34,14,False,20
MLP · multiscale,42,sj,3,2007-07-09,28,33,15,False,18
MLP · multiscale,42,sj,3,2007-07-16,29,40,18,False,22
MLP · multiscale,42,sj,3,2007-07-23,30,42,20,False,22
MLP · multiscale,42,sj,3,2007-07-30,31,36,52,False,16
MLP · multiscale,42,sj,3,2007-08-06,32,72,78,True,6
MLP · multiscale,42,sj,3,2007-08-13,33,75,60,True,15
MLP · multiscale,42,sj,3,2007-08-20,34,76,83,True,7
MLP · multiscale,42,sj,3,2007-08-27,35,92,103,True,11
MLP · multiscale,42,sj,3,2007-09-03,36,71,117,True,46
MLP · multiscale,42,sj,3,2007-09-10,37,112,146,True,34
MLP · multiscale,42,sj,3,2007-09-17,38,106,152,True,46
MLP · multiscale,42,sj,3,2007-09-24,39,101,158,True,57
MLP · multiscale,42,sj,3,2007-10-01,40,170,135,True,35
MLP · multiscale,42,sj,3,2007-10-08,41,135,124,True,11
MLP · multiscale,42,sj,3,2007-10-15,42,106,141,True,35
MLP · multiscale,42,sj,3,2007-10-22,43,68,146,False,78
MLP · multiscale,42,sj,3,2007-10-29,44,48,135,False,87
MLP · multiscale,42,sj,3,2007-11-05,45,48,128,False,80
MLP · multiscale,42,sj,3,2007-11-12,46,26,117,False,91
MLP · multiscale,42,sj,3,2007-11-19,47,33,95,False,62
MLP · multiscale,42,sj,3,2007-11-26,48,29,126,False,97
MLP · multiscale,42,sj,3,2007-12-03,49,17,117,False,100
MLP · multiscale,42,sj,3,2007-12-10,50,12,18,False,6
MLP · multiscale,42,sj,3,2007-12-17,51,13,26,False,13
MLP · multiscale,42,sj,3,2007-12-24,52,17,29,False,12
MLP · multiscale,42,sj,3,2008-01-01,1,15,22,False,7
MLP · multiscale,42,sj,3,2008-01-08,2,14,14,False,0
MLP · multiscale,42,sj,3,2008-01-15,3,15,14,False,1
MLP · multiscale,42,sj,3,2008-01-22,4,10,13,False,3
MLP · multiscale,42,sj,3,2008-01-29,5,9,12,False,3
MLP · multiscale,42,sj,3,2008-02-05,6,2,11,False,9
MLP · multiscale,42,sj,3,2008-02-12,7,6,10,False,4
MLP · multiscale,42,sj,3,2008-02-19,8,8,10,False,2
MLP · multiscale,42,sj,3,2008-02-26,9,5,9,False,4
MLP · multiscale,42,sj,3,2008-03-04,10,1,7,False,6
MLP · multiscale,42,sj,3,2008-03-11,11,2,5,False,3
MLP · multiscale,42,sj,3,2008-03-18,12,3,5,False,2
MLP · multiscale,42,sj,3,2008-03-25,13,4,3,False,1
MLP · multiscale,42,sj,3,2008-04-01,14,3,2,False,1
MLP · multiscale,42,sj,3,2008-04-08,15,1,1,False,0
MLP · multiscale,42,sj,3,2008-04-15,16,3,4,False,1
MLP · multiscale,42,sj,3,2008-04-22,17,5,1,False,4
MLP · multiscale,73,sj,1,2005-04-30,17,4,9,False,5
MLP · multiscale,73,sj,1,2005-05-07,18,2,6,False,4
MLP · multiscale,73,sj,1,2005-05-14,19,6,8,False,2
MLP · multiscale,73,sj,1,2005-05-21,20,3,8,False,5
MLP · multiscale,73,sj,1,2005-05-28,21,4,7,False,3
MLP · multiscale,73,sj,1,2005-06-04,22,10,6,False,4
MLP · multiscale,73,sj,1,2005-06-11,23,12,10,False,2
MLP · multiscale,73,sj,1,2005-06-18,24,21,10,False,11
MLP · multiscale,73,sj,1,2005-06-25,25,26,10,False,16
MLP · multiscale,73,sj,1,2005-07-02,26,21,11,False,10
MLP · multiscale,73,sj,1,2005-07-09,27,30,12,False,18
MLP · multiscale,73,sj,1,2005-07-16,28,45,13,False,32
MLP · multiscale,73,sj,1,2005-07-23,29,56,14,False,42
MLP · multiscale,73,sj,1,2005-07-30,30,75,15,True,60
MLP · multiscale,73,sj,1,2005-08-06,31,83,15,True,68
MLP · multiscale,73,sj,1,2005-08-13,32,82,15,True,67
MLP · multiscale,73,sj,1,2005-08-20,33,126,17,True,109
MLP · multiscale,73,sj,1,2005-08-27,34,119,21,True,98
MLP · multiscale,73,sj,1,2005-09-03,35,137,29,True,108
MLP · multiscale,73,sj,1,2005-09-10,36,131,26,True,105
MLP · multiscale,73,sj,1,2005-09-17,37,112,21,True,91
MLP · multiscale,73,sj,1,2005-09-24,38,82,22,True,60
MLP · multiscale,73,sj,1,2005-10-01,39,73,14,True,59
MLP · multiscale,73,sj,1,2005-10-08,40,43,23,False,20
MLP · multiscale,73,sj,1,2005-10-15,41,55,29,False,26
MLP · multiscale,73,sj,1,2005-10-22,42,55,29,False,26
MLP · multiscale,73,sj,1,2005-10-29,43,53,15,False,38
MLP · multiscale,73,sj,1,2005-11-05,44,46,25,False,21
MLP · multiscale,73,sj,1,2005-11-12,45,43,37,False,6
MLP · multiscale,73,sj,1,2005-11-19,46,29,38,False,9
MLP · multiscale,73,sj,1,2005-11-26,47,22,28,False,6
MLP · multiscale,73,sj,1,2005-12-03,48,26,39,False,13
MLP · multiscale,73,sj,1,2005-12-10,49,13,41,False,28
MLP · multiscale,73,sj,1,2005-12-17,50,17,37,False,20
MLP · multiscale,73,sj,1,2005-12-24,51,8,28,False,20
MLP · multiscale,73,sj,1,2006-01-01,52,13,19,False,6
MLP · multiscale,73,sj,1,2006-01-08,1,10,16,False,6
MLP · multiscale,73,sj,1,2006-01-15,2,17,13,False,4
MLP · multiscale,73,sj,1,2006-01-22,3,19,11,False,8
MLP · multiscale,73,sj,1,2006-01-29,4,9,11,False,2
MLP · multiscale,73,sj,1,2006-02-05,5,9,10,False,1
MLP · multiscale,73,sj,1,2006-02-12,6,9,8,False,1
MLP · multiscale,73,sj,1,2006-02-19,7,3,8,False,5
MLP · multiscale,73,sj,1,2006-02-26,8,7,6,False,1
MLP · multiscale,73,sj,1,2006-03-05,9,7,6,False,1
MLP · multiscale,73,sj,1,2006-03-12,10,0,3,False,3
MLP · multiscale,73,sj,1,2006-03-19,11,2,4,False,2
MLP · multiscale,73,sj,1,2006-03-26,12,3,5,False,2
MLP · multiscale,73,sj,1,2006-04-02,13,3,0,False,3
MLP · multiscale,73,sj,1,2006-04-09,14,1,2,False,1
MLP · multiscale,73,sj,1,2006-04-16,15,3,3,False,0
MLP · multiscale,73,sj,1,2006-04-23,16,3,4,False,1
MLP · multiscale,73,sj,2,2006-04-30,17,3,9,False,6
MLP · multiscale,73,sj,2,2006-05-07,18,7,7,False,0
MLP · multiscale,73,sj,2,2006-05-14,19,3,5,False,2
MLP · multiscale,73,sj,2,2006-05-21,20,5,5,False,0
MLP · multiscale,73,sj,2,2006-05-28,21,11,7,False,4
MLP · multiscale,73,sj,2,2006-06-04,22,5,9,False,4
MLP · multiscale,73,sj,2,2006-06-11,23,5,11,False,6
MLP · multiscale,73,sj,2,2006-06-18,24,6,11,False,5
MLP · multiscale,73,sj,2,2006-06-25,25,6,10,False,4
MLP · multiscale,73,sj,2,2006-07-02,26,4,11,False,7
MLP · multiscale,73,sj,2,2006-07-09,27,4,12,False,8
MLP · multiscale,73,sj,2,2006-07-16,28,8,14,False,6
MLP · multiscale,73,sj,2,2006-07-23,29,14,13,False,1
MLP · multiscale,73,sj,2,2006-07-30,30,12,14,False,2
MLP · multiscale,73,sj,2,2006-08-06,31,16,13,False,3
MLP · multiscale,73,sj,2,2006-08-13,32,10,16,False,6
MLP · multiscale,73,sj,2,2006-08-20,33,16,18,False,2
MLP · multiscale,73,sj,2,2006-08-27,34,18,35,False,17
MLP · multiscale,73,sj,2,2006-09-03,35,15,18,False,3
MLP · multiscale,73,sj,2,2006-09-10,36,23,19,False,4
MLP · multiscale,73,sj,2,2006-09-17,37,17,24,False,7
MLP · multiscale,73,sj,2,2006-09-24,38,33,25,False,8
MLP · multiscale,73,sj,2,2006-10-01,39,15,40,False,25
MLP · multiscale,73,sj,2,2006-10-08,40,13,45,False,32
MLP · multiscale,73,sj,2,2006-10-15,41,11,36,False,25
MLP · multiscale,73,sj,2,2006-10-22,42,14,27,False,13
MLP · multiscale,73,sj,2,2006-10-29,43,17,21,False,4
MLP · multiscale,73,sj,2,2006-11-05,44,19,43,False,24
MLP · multiscale,73,sj,2,2006-11-12,45,20,49,False,29
MLP · multiscale,73,sj,2,2006-11-19,46,12,58,False,46
MLP · multiscale,73,sj,2,2006-11-26,47,21,31,False,10
MLP · multiscale,73,sj,2,2006-12-03,48,7,18,False,11
MLP · multiscale,73,sj,2,2006-12-10,49,19,16,False,3
MLP · multiscale,73,sj,2,2006-12-17,50,10,25,False,15
MLP · multiscale,73,sj,2,2006-12-24,51,13,15,False,2
MLP · multiscale,73,sj,2,2007-01-01,1,10,14,False,4
MLP · multiscale,73,sj,2,2007-01-08,2,8,13,False,5
MLP · multiscale,73,sj,2,2007-01-15,3,21,13,False,8
MLP · multiscale,73,sj,2,2007-01-22,4,11,12,False,1
MLP · multiscale,73,sj,2,2007-01-29,5,9,13,False,4
MLP · multiscale,73,sj,2,2007-02-05,6,14,13,False,1
MLP · multiscale,73,sj,2,2007-02-12,7,14,15,False,1
MLP · multiscale,73,sj,2,2007-02-19,8,15,14,False,1
MLP · multiscale,73,sj,2,2007-02-26,9,18,14,False,4
MLP · multiscale,73,sj,2,2007-03-05,10,16,15,False,1
MLP · multiscale,73,sj,2,2007-03-12,11,12,12,False,0
MLP · multiscale,73,sj,2,2007-03-19,12,20,11,False,9
MLP · multiscale,73,sj,2,2007-03-26,13,8,10,False,2
MLP · multiscale,73,sj,2,2007-04-02,14,3,9,False,6
MLP · multiscale,73,sj,2,2007-04-09,15,13,9,False,4
MLP · multiscale,73,sj,2,2007-04-16,16,4,10,False,6
MLP · multiscale,73,sj,2,2007-04-23,17,1,13,False,12
MLP · multiscale,73,sj,3,2007-04-30,18,10,9,False,1
MLP · multiscale,73,sj,3,2007-05-07,19,8,5,False,3
MLP · multiscale,73,sj,3,2007-05-14,20,13,7,False,6
MLP · multiscale,73,sj,3,2007-05-21,21,10,8,False,2
MLP · multiscale,73,sj,3,2007-05-28,22,21,11,False,10
MLP · multiscale,73,sj,3,2007-06-04,23,18,11,False,7
MLP · multiscale,73,sj,3,2007-06-11,24,21,13,False,8
MLP · multiscale,73,sj,3,2007-06-18,25,34,14,False,20
MLP · multiscale,73,sj,3,2007-06-25,26,25,14,False,11
MLP · multiscale,73,sj,3,2007-07-02,27,34,14,False,20
MLP · multiscale,73,sj,3,2007-07-09,28,33,15,False,18
MLP · multiscale,73,sj,3,2007-07-16,29,40,15,False,25
MLP · multiscale,73,sj,3,2007-07-23,30,42,16,False,26
MLP · multiscale,73,sj,3,2007-07-30,31,36,31,False,5
MLP · multiscale,73,sj,3,2007-08-06,32,72,60,True,12
MLP · multiscale,73,sj,3,2007-08-13,33,75,67,True,8
MLP · multiscale,73,sj,3,2007-08-20,34,76,91,True,15
MLP · multiscale,73,sj,3,2007-08-27,35,92,103,True,11
MLP · multiscale,73,sj,3,2007-09-03,36,71,136,True,65
MLP · multiscale,73,sj,3,2007-09-10,37,112,163,True,51
MLP · multiscale,73,sj,3,2007-09-17,38,106,175,True,69
MLP · multiscale,73,sj,3,2007-09-24,39,101,194,True,93
MLP · multiscale,73,sj,3,2007-10-01,40,170,158,True,12
MLP · multiscale,73,sj,3,2007-10-08,41,135,135,True,0
MLP · multiscale,73,sj,3,2007-10-15,42,106,135,True,29
MLP · multiscale,73,sj,3,2007-10-22,43,68,161,False,93
MLP · multiscale,73,sj,3,2007-10-29,44,48,151,False,103
MLP · multiscale,73,sj,3,2007-11-05,45,48,155,False,107
MLP · multiscale,73,sj,3,2007-11-12,46,26,113,False,87
MLP · multiscale,73,sj,3,2007-11-19,47,33,114,False,81
MLP · multiscale,73,sj,3,2007-11-26,48,29,127,False,98
MLP · multiscale,73,sj,3,2007-12-03,49,17,139,False,122
MLP · multiscale,73,sj,3,2007-12-10,50,12,21,False,9
MLP · multiscale,73,sj,3,2007-12-17,51,13,26,False,13
MLP · multiscale,73,sj,3,2007-12-24,52,17,28,False,11
MLP · multiscale,73,sj,3,2008-01-01,1,15,18,False,3
MLP · multiscale,73,sj,3,2008-01-08,2,14,14,False,0
MLP · multiscale,73,sj,3,2008-01-15,3,15,14,False,1
MLP · multiscale,73,sj,3,2008-01-22,4,10,13,False,3
MLP · multiscale,73,sj,3,2008-01-29,5,9,12,False,3
MLP · multiscale,73,sj,3,2008-02-05,6,2,12,False,10
MLP · multiscale,73,sj,3,2008-02-12,7,6,11,False,5
MLP · multiscale,73,sj,3,2008-02-19,8,8,11,False,3
MLP · multiscale,73,sj,3,2008-02-26,9,5,9,False,4
MLP · multiscale,73,sj,3,2008-03-04,10,1,7,False,6
MLP · multiscale,73,sj,3,2008-03-11,11,2,5,False,3
MLP · multiscale,73,sj,3,2008-03-18,12,3,4,False,1
MLP · multiscale,73,sj,3,2008-03-25,13,4,2,False,2
MLP · multiscale,73,sj,3,2008-04-01,14,3,2,False,1
MLP · multiscale,73,sj,3,2008-04-08,15,1,3,False,2
MLP · multiscale,73,sj,3,2008-04-15,16,3,2,False,1
MLP · multiscale,73,sj,3,2008-04-22,17,5,2,False,3
MLP · multiscale,17,iq,1,2007-07-02,27,3,1,False,2
MLP · multiscale,17,iq,1,2007-07-09,28,4,1,False,3
MLP · multiscale,17,iq,1,2007-07-16,29,1,1,False,0
MLP · multiscale,17,iq,1,2007-07-23,30,8,1,False,7
MLP · multiscale,17,iq,1,2007-07-30,31,5,1,False,4
MLP · multiscale,17,iq,1,2007-08-06,32,3,1,False,2
MLP · multiscale,17,iq,1,2007-08-13,33,2,0,False,2
MLP · multiscale,17,iq,1,2007-08-20,34,7,0,False,7
MLP · multiscale,17,iq,1,2007-08-27,35,1,0,False,1
MLP · multiscale,17,iq,1,2007-09-03,36,6,0,False,6
MLP · multiscale,17,iq,1,2007-09-10,37,7,0,False,7
MLP · multiscale,17,iq,1,2007-09-17,38,5,2,False,3
MLP · multiscale,17,iq,1,2007-09-24,39,2,4,False,2
MLP · multiscale,17,iq,1,2007-10-01,40,6,4,False,2
MLP · multiscale,17,iq,1,2007-10-08,41,11,6,False,5
MLP · multiscale,17,iq,1,2007-10-15,42,6,7,False,1
MLP · multiscale,17,iq,1,2007-10-22,43,3,7,False,4
MLP · multiscale,17,iq,1,2007-10-29,44,11,7,False,4
MLP · multiscale,17,iq,1,2007-11-05,45,11,10,False,1
MLP · multiscale,17,iq,1,2007-11-12,46,5,13,False,8
MLP · multiscale,17,iq,1,2007-11-19,47,4,12,False,8
MLP · multiscale,17,iq,1,2007-11-26,48,9,9,False,0
MLP · multiscale,17,iq,1,2007-12-03,49,23,11,True,12
MLP · multiscale,17,iq,1,2007-12-10,50,28,10,True,18
MLP · multiscale,17,iq,1,2007-12-17,51,26,10,True,16
MLP · multiscale,17,iq,1,2007-12-24,52,7,11,False,4
MLP · multiscale,17,iq,1,2008-01-01,1,29,9,True,20
MLP · multiscale,17,iq,1,2008-01-08,2,58,10,True,48
MLP · multiscale,17,iq,1,2008-01-15,3,26,12,True,14
MLP · multiscale,17,iq,1,2008-01-22,4,38,9,True,29
MLP · multiscale,17,iq,1,2008-01-29,5,35,11,True,24
MLP · multiscale,17,iq,1,2008-02-05,6,37,10,True,27
MLP · multiscale,17,iq,1,2008-02-12,7,20,7,True,13
MLP · multiscale,17,iq,1,2008-02-19,8,29,9,True,20
MLP · multiscale,17,iq,1,2008-02-26,9,25,8,True,17
MLP · multiscale,17,iq,1,2008-03-04,10,23,8,True,15
MLP · multiscale,17,iq,1,2008-03-11,11,9,9,False,0
MLP · multiscale,17,iq,1,2008-03-18,12,3,6,False,3
MLP · multiscale,17,iq,1,2008-03-25,13,6,9,False,3
MLP · multiscale,17,iq,1,2008-04-01,14,6,7,False,1
MLP · multiscale,17,iq,1,2008-04-08,15,3,6,False,3
MLP · multiscale,17,iq,1,2008-04-15,16,1,5,False,4
MLP · multiscale,17,iq,1,2008-04-22,17,3,8,False,5
MLP · multiscale,17,iq,1,2008-04-29,18,1,6,False,5
MLP · multiscale,17,iq,1,2008-05-06,19,1,9,False,8
MLP · multiscale,17,iq,1,2008-05-13,20,0,6,False,6
MLP · multiscale,17,iq,1,2008-05-20,21,2,4,False,2
MLP · multiscale,17,iq,1,2008-05-27,22,1,3,False,2
MLP · multiscale,17,iq,1,2008-06-03,23,1,2,False,1
MLP · multiscale,17,iq,1,2008-06-10,24,0,1,False,1
MLP · multiscale,17,iq,1,2008-06-17,25,0,1,False,1
MLP · multiscale,17,iq,1,2008-06-24,26,1,1,False,0
MLP · multiscale,17,iq,2,2008-07-01,27,0,1,False,1
MLP · multiscale,17,iq,2,2008-07-08,28,3,1,False,2
MLP · multiscale,17,iq,2,2008-07-15,29,3,1,False,2
MLP · multiscale,17,iq,2,2008-07-22,30,1,1,False,0
MLP · multiscale,17,iq,2,2008-07-29,31,5,1,False,4
MLP · multiscale,17,iq,2,2008-08-05,32,2,0,False,2
MLP · multiscale,17,iq,2,2008-08-12,33,5,1,False,4
MLP · multiscale,17,iq,2,2008-08-19,34,5,1,False,4
MLP · multiscale,17,iq,2,2008-08-26,35,5,1,False,4
MLP · multiscale,17,iq,2,2008-09-02,36,9,2,False,7
MLP · multiscale,17,iq,2,2008-09-09,37,17,1,False,16
MLP · multiscale,17,iq,2,2008-09-16,38,19,4,True,15
MLP · multiscale,17,iq,2,2008-09-23,39,25,5,True,20
MLP · multiscale,17,iq,2,2008-09-30,40,45,8,True,37
MLP · multiscale,17,iq,2,2008-10-07,41,34,7,True,27
MLP · multiscale,17,iq,2,2008-10-14,42,63,9,True,54
MLP · multiscale,17,iq,2,2008-10-21,43,44,9,True,35
MLP · multiscale,17,iq,2,2008-10-28,44,50,6,True,44
MLP · multiscale,17,iq,2,2008-11-04,45,35,9,True,26
MLP · multiscale,17,iq,2,2008-11-11,46,16,11,False,5
MLP · multiscale,17,iq,2,2008-11-18,47,16,9,False,7
MLP · multiscale,17,iq,2,2008-11-25,48,13,8,False,5
MLP · multiscale,17,iq,2,2008-12-02,49,9,6,False,3
MLP · multiscale,17,iq,2,2008-12-09,50,15,5,False,10
MLP · multiscale,17,iq,2,2008-12-16,51,4,9,False,5
MLP · multiscale,17,iq,2,2008-12-23,52,0,10,False,10
MLP · multiscale,17,iq,2,2009-01-01,1,1,13,False,12
MLP · multiscale,17,iq,2,2009-01-08,2,10,10,False,0
MLP · multiscale,17,iq,2,2009-01-15,3,11,7,False,4
MLP · multiscale,17,iq,2,2009-01-22,4,29,11,True,18
MLP · multiscale,17,iq,2,2009-01-29,5,35,15,True,20
MLP · multiscale,17,iq,2,2009-02-05,6,30,14,True,16
MLP · multiscale,17,iq,2,2009-02-12,7,20,17,True,3
MLP · multiscale,17,iq,2,2009-02-19,8,21,19,True,2
MLP · multiscale,17,iq,2,2009-02-26,9,12,16,False,4
MLP · multiscale,17,iq,2,2009-03-05,10,9,15,False,6
MLP · multiscale,17,iq,2,2009-03-12,11,11,13,False,2
MLP · multiscale,17,iq,2,2009-03-19,12,9,12,False,3
MLP · multiscale,17,iq,2,2009-03-26,13,5,15,False,10
MLP · multiscale,17,iq,2,2009-04-02,14,11,15,False,4
MLP · multiscale,17,iq,2,2009-04-09,15,3,15,False,12
MLP · multiscale,17,iq,2,2009-04-16,16,5,14,False,9
MLP · multiscale,17,iq,2,2009-04-23,17,5,14,False,9
MLP · multiscale,17,iq,2,2009-04-30,18,4,12,False,8
MLP · multiscale,17,iq,2,2009-05-07,19,4,16,False,12
MLP · multiscale,17,iq,2,2009-05-14,20,1,15,False,14
MLP · multiscale,17,iq,2,2009-05-21,21,0,11,False,11
MLP · multiscale,17,iq,2,2009-05-28,22,2,11,False,9
MLP · multiscale,17,iq,2,2009-06-04,23,3,8,False,5
MLP · multiscale,17,iq,2,2009-06-11,24,3,6,False,3
MLP · multiscale,17,iq,2,2009-06-18,25,5,7,False,2
MLP · multiscale,17,iq,2,2009-06-25,26,2,4,False,2
MLP · multiscale,17,iq,3,2009-07-02,27,1,2,False,1
MLP · multiscale,17,iq,3,2009-07-09,28,2,2,False,0
MLP · multiscale,17,iq,3,2009-07-16,29,0,2,False,2
MLP · multiscale,17,iq,3,2009-07-23,30,0,2,False,2
MLP · multiscale,17,iq,3,2009-07-30,31,3,2,False,1
MLP · multiscale,17,iq,3,2009-08-06,32,5,1,False,4
MLP · multiscale,17,iq,3,2009-08-13,33,5,3,False,2
MLP · multiscale,17,iq,3,2009-08-20,34,7,3,False,4
MLP · multiscale,17,iq,3,2009-08-27,35,5,3,False,2
MLP · multiscale,17,iq,3,2009-09-03,36,2,3,False,1
MLP · multiscale,17,iq,3,2009-09-10,37,2,3,False,1
MLP · multiscale,17,iq,3,2009-09-17,38,2,10,False,8
MLP · multiscale,17,iq,3,2009-09-24,39,0,11,False,11
MLP · multiscale,17,iq,3,2009-10-01,40,2,13,False,11
MLP · multiscale,17,iq,3,2009-10-08,41,1,14,False,13
MLP · multiscale,17,iq,3,2009-10-15,42,1,13,False,12
MLP · multiscale,17,iq,3,2009-10-22,43,2,14,False,12
MLP · multiscale,17,iq,3,2009-10-29,44,2,11,False,9
MLP · multiscale,17,iq,3,2009-11-05,45,3,15,False,12
MLP · multiscale,17,iq,3,2009-11-12,46,9,12,False,3
MLP · multiscale,17,iq,3,2009-11-19,47,5,14,False,9
MLP · multiscale,17,iq,3,2009-11-26,48,5,8,False,3
MLP · multiscale,17,iq,3,2009-12-03,49,4,6,False,2
MLP · multiscale,17,iq,3,2009-12-10,50,4,6,False,2
MLP · multiscale,17,iq,3,2009-12-17,51,1,5,False,4
MLP · multiscale,17,iq,3,2009-12-24,52,0,3,False,3
MLP · multiscale,17,iq,3,2010-01-01,53,0,5,False,5
MLP · multiscale,17,iq,3,2010-01-08,1,10,8,False,2
MLP · multiscale,17,iq,3,2010-01-15,2,9,13,False,4
MLP · multiscale,17,iq,3,2010-01-22,3,17,15,False,2
MLP · multiscale,17,iq,3,2010-01-29,4,16,16,False,0
MLP · multiscale,17,iq,3,2010-02-05,5,11,3,False,8
MLP · multiscale,17,iq,3,2010-02-12,6,12,3,False,9
MLP · multiscale,17,iq,3,2010-02-19,7,19,3,False,16
MLP · multiscale,17,iq,3,2010-02-26,8,15,4,False,11
MLP · multiscale,17,iq,3,2010-03-05,9,12,6,False,6
MLP · multiscale,17,iq,3,2010-03-12,10,12,4,False,8
MLP · multiscale,17,iq,3,2010-03-19,11,16,4,False,12
MLP · multiscale,17,iq,3,2010-03-26,12,9,4,False,5
MLP · multiscale,17,iq,3,2010-04-02,13,4,4,False,0
MLP · multiscale,17,iq,3,2010-04-09,14,9,4,False,5
MLP · multiscale,17,iq,3,2010-04-16,15,6,3,False,3
MLP · multiscale,17,iq,3,2010-04-23,16,8,3,False,5
MLP · multiscale,17,iq,3,2010-04-30,17,4,4,False,0
MLP · multiscale,17,iq,3,2010-05-07,18,2,4,False,2
MLP · multiscale,17,iq,3,2010-05-14,19,7,4,False,3
MLP · multiscale,17,iq,3,2010-05-21,20,6,6,False,0
MLP · multiscale,17,iq,3,2010-05-28,21,5,8,False,3
MLP · multiscale,17,iq,3,2010-06-04,22,8,7,False,1
MLP · multiscale,17,iq,3,2010-06-11,23,1,8,False,7
MLP · multiscale,17,iq,3,2010-06-18,24,1,4,False,3
MLP · multiscale,17,iq,3,2010-06-25,25,4,5,False,1
MLP · multiscale,42,iq,1,2007-07-02,27,3,2,False,1
MLP · multiscale,42,iq,1,2007-07-09,28,4,2,False,2
MLP · multiscale,42,iq,1,2007-07-16,29,1,2,False,1
MLP · multiscale,42,iq,1,2007-07-23,30,8,2,False,6
MLP · multiscale,42,iq,1,2007-07-30,31,5,2,False,3
MLP · multiscale,42,iq,1,2007-08-06,32,3,2,False,1
MLP · multiscale,42,iq,1,2007-08-13,33,2,1,False,1
MLP · multiscale,42,iq,1,2007-08-20,34,7,0,False,7
MLP · multiscale,42,iq,1,2007-08-27,35,1,0,False,1
MLP · multiscale,42,iq,1,2007-09-03,36,6,0,False,6
MLP · multiscale,42,iq,1,2007-09-10,37,7,0,False,7
MLP · multiscale,42,iq,1,2007-09-17,38,5,3,False,2
MLP · multiscale,42,iq,1,2007-09-24,39,2,4,False,2
MLP · multiscale,42,iq,1,2007-10-01,40,6,6,False,0
MLP · multiscale,42,iq,1,2007-10-08,41,11,9,False,2
MLP · multiscale,42,iq,1,2007-10-15,42,6,9,False,3
MLP · multiscale,42,iq,1,2007-10-22,43,3,8,False,5
MLP · multiscale,42,iq,1,2007-10-29,44,11,8,False,3
MLP · multiscale,42,iq,1,2007-11-05,45,11,11,False,0
MLP · multiscale,42,iq,1,2007-11-12,46,5,15,False,10
MLP · multiscale,42,iq,1,2007-11-19,47,4,14,False,10
MLP · multiscale,42,iq,1,2007-11-26,48,9,11,False,2
MLP · multiscale,42,iq,1,2007-12-03,49,23,13,True,10
MLP · multiscale,42,iq,1,2007-12-10,50,28,11,True,17
MLP · multiscale,42,iq,1,2007-12-17,51,26,13,True,13
MLP · multiscale,42,iq,1,2007-12-24,52,7,14,False,7
MLP · multiscale,42,iq,1,2008-01-01,1,29,11,True,18
MLP · multiscale,42,iq,1,2008-01-08,2,58,11,True,47
MLP · multiscale,42,iq,1,2008-01-15,3,26,13,True,13
MLP · multiscale,42,iq,1,2008-01-22,4,38,10,True,28
MLP · multiscale,42,iq,1,2008-01-29,5,35,12,True,23
MLP · multiscale,42,iq,1,2008-02-05,6,37,10,True,27
MLP · multiscale,42,iq,1,2008-02-12,7,20,7,True,13
MLP · multiscale,42,iq,1,2008-02-19,8,29,9,True,20
MLP · multiscale,42,iq,1,2008-02-26,9,25,8,True,17
MLP · multiscale,42,iq,1,2008-03-04,10,23,8,True,15
MLP · multiscale,42,iq,1,2008-03-11,11,9,9,False,0
MLP · multiscale,42,iq,1,2008-03-18,12,3,5,False,2
MLP · multiscale,42,iq,1,2008-03-25,13,6,9,False,3
MLP · multiscale,42,iq,1,2008-04-01,14,6,7,False,1
MLP · multiscale,42,iq,1,2008-04-08,15,3,6,False,3
MLP · multiscale,42,iq,1,2008-04-15,16,1,5,False,4
MLP · multiscale,42,iq,1,2008-04-22,17,3,9,False,6
MLP · multiscale,42,iq,1,2008-04-29,18,1,7,False,6
MLP · multiscale,42,iq,1,2008-05-06,19,1,10,False,9
MLP · multiscale,42,iq,1,2008-05-13,20,0,7,False,7
MLP · multiscale,42,iq,1,2008-05-20,21,2,4,False,2
MLP · multiscale,42,iq,1,2008-05-27,22,1,4,False,3
MLP · multiscale,42,iq,1,2008-06-03,23,1,2,False,1
MLP · multiscale,42,iq,1,2008-06-10,24,0,2,False,2
MLP · multiscale,42,iq,1,2008-06-17,25,0,2,False,2
MLP · multiscale,42,iq,1,2008-06-24,26,1,2,False,1
MLP · multiscale,42,iq,2,2008-07-01,27,0,0,False,0
MLP · multiscale,42,iq,2,2008-07-08,28,3,0,False,3
MLP · multiscale,42,iq,2,2008-07-15,29,3,0,False,3
MLP · multiscale,42,iq,2,2008-07-22,30,1,1,False,0
MLP · multiscale,42,iq,2,2008-07-29,31,5,0,False,5
MLP · multiscale,42,iq,2,2008-08-05,32,2,0,False,2
MLP · multiscale,42,iq,2,2008-08-12,33,5,0,False,5
MLP · multiscale,42,iq,2,2008-08-19,34,5,1,False,4
MLP · multiscale,42,iq,2,2008-08-26,35,5,1,False,4
MLP · multiscale,42,iq,2,2008-09-02,36,9,2,False,7
MLP · multiscale,42,iq,2,2008-09-09,37,17,1,False,16
MLP · multiscale,42,iq,2,2008-09-16,38,19,3,True,16
MLP · multiscale,42,iq,2,2008-09-23,39,25,5,True,20
MLP · multiscale,42,iq,2,2008-09-30,40,45,8,True,37
MLP · multiscale,42,iq,2,2008-10-07,41,34,6,True,28
MLP · multiscale,42,iq,2,2008-10-14,42,63,7,True,56
MLP · multiscale,42,iq,2,2008-10-21,43,44,7,True,37
MLP · multiscale,42,iq,2,2008-10-28,44,50,5,True,45
MLP · multiscale,42,iq,2,2008-11-04,45,35,9,True,26
MLP · multiscale,42,iq,2,2008-11-11,46,16,11,False,5
MLP · multiscale,42,iq,2,2008-11-18,47,16,9,False,7
MLP · multiscale,42,iq,2,2008-11-25,48,13,8,False,5
MLP · multiscale,42,iq,2,2008-12-02,49,9,5,False,4
MLP · multiscale,42,iq,2,2008-12-09,50,15,5,False,10
MLP · multiscale,42,iq,2,2008-12-16,51,4,10,False,6
MLP · multiscale,42,iq,2,2008-12-23,52,0,11,False,11
MLP · multiscale,42,iq,2,2009-01-01,1,1,14,False,13
MLP · multiscale,42,iq,2,2009-01-08,2,10,12,False,2
MLP · multiscale,42,iq,2,2009-01-15,3,11,9,False,2
MLP · multiscale,42,iq,2,2009-01-22,4,29,12,True,17
MLP · multiscale,42,iq,2,2009-01-29,5,35,17,True,18
MLP · multiscale,42,iq,2,2009-02-05,6,30,15,True,15
MLP · multiscale,42,iq,2,2009-02-12,7,20,17,True,3
MLP · multiscale,42,iq,2,2009-02-19,8,21,19,True,2
MLP · multiscale,42,iq,2,2009-02-26,9,12,16,False,4
MLP · multiscale,42,iq,2,2009-03-05,10,9,16,False,7
MLP · multiscale,42,iq,2,2009-03-12,11,11,12,False,1
MLP · multiscale,42,iq,2,2009-03-19,12,9,12,False,3
MLP · multiscale,42,iq,2,2009-03-26,13,5,15,False,10
MLP · multiscale,42,iq,2,2009-04-02,14,11,15,False,4
MLP · multiscale,42,iq,2,2009-04-09,15,3,15,False,12
MLP · multiscale,42,iq,2,2009-04-16,16,5,14,False,9
MLP · multiscale,42,iq,2,2009-04-23,17,5,14,False,9
MLP · multiscale,42,iq,2,2009-04-30,18,4,10,False,6
MLP · multiscale,42,iq,2,2009-05-07,19,4,16,False,12
MLP · multiscale,42,iq,2,2009-05-14,20,1,15,False,14
MLP · multiscale,42,iq,2,2009-05-21,21,0,10,False,10
MLP · multiscale,42,iq,2,2009-05-28,22,2,11,False,9
MLP · multiscale,42,iq,2,2009-06-04,23,3,8,False,5
MLP · multiscale,42,iq,2,2009-06-11,24,3,5,False,2
MLP · multiscale,42,iq,2,2009-06-18,25,5,7,False,2
MLP · multiscale,42,iq,2,2009-06-25,26,2,5,False,3
MLP · multiscale,42,iq,3,2009-07-02,27,1,3,False,2
MLP · multiscale,42,iq,3,2009-07-09,28,2,3,False,1
MLP · multiscale,42,iq,3,2009-07-16,29,0,3,False,3
MLP · multiscale,42,iq,3,2009-07-23,30,0,2,False,2
MLP · multiscale,42,iq,3,2009-07-30,31,3,2,False,1
MLP · multiscale,42,iq,3,2009-08-06,32,5,2,False,3
MLP · multiscale,42,iq,3,2009-08-13,33,5,3,False,2
MLP · multiscale,42,iq,3,2009-08-20,34,7,3,False,4
MLP · multiscale,42,iq,3,2009-08-27,35,5,4,False,1
MLP · multiscale,42,iq,3,2009-09-03,36,2,3,False,1
MLP · multiscale,42,iq,3,2009-09-10,37,2,4,False,2
MLP · multiscale,42,iq,3,2009-09-17,38,2,9,False,7
MLP · multiscale,42,iq,3,2009-09-24,39,0,9,False,9
MLP · multiscale,42,iq,3,2009-10-01,40,2,13,False,11
MLP · multiscale,42,iq,3,2009-10-08,41,1,15,False,14
MLP · multiscale,42,iq,3,2009-10-15,42,1,15,False,14
MLP · multiscale,42,iq,3,2009-10-22,43,2,14,False,12
MLP · multiscale,42,iq,3,2009-10-29,44,2,12,False,10
MLP · multiscale,42,iq,3,2009-11-05,45,3,14,False,11
MLP · multiscale,42,iq,3,2009-11-12,46,9,10,False,1
MLP · multiscale,42,iq,3,2009-11-19,47,5,12,False,7
MLP · multiscale,42,iq,3,2009-11-26,48,5,6,False,1
MLP · multiscale,42,iq,3,2009-12-03,49,4,4,False,0
MLP · multiscale,42,iq,3,2009-12-10,50,4,4,False,0
MLP · multiscale,42,iq,3,2009-12-17,51,1,4,False,3
MLP · multiscale,42,iq,3,2009-12-24,52,0,3,False,3
MLP · multiscale,42,iq,3,2010-01-01,53,0,4,False,4
MLP · multiscale,42,iq,3,2010-01-08,1,10,5,False,5
MLP · multiscale,42,iq,3,2010-01-15,2,9,10,False,1
MLP · multiscale,42,iq,3,2010-01-22,3,17,13,False,4
MLP · multiscale,42,iq,3,2010-01-29,4,16,15,False,1
MLP · multiscale,42,iq,3,2010-02-05,5,11,3,False,8
MLP · multiscale,42,iq,3,2010-02-12,6,12,3,False,9
MLP · multiscale,42,iq,3,2010-02-19,7,19,3,False,16
MLP · multiscale,42,iq,3,2010-02-26,8,15,3,False,12
MLP · multiscale,42,iq,3,2010-03-05,9,12,4,False,8
MLP · multiscale,42,iq,3,2010-03-12,10,12,3,False,9
MLP · multiscale,42,iq,3,2010-03-19,11,16,3,False,13
MLP · multiscale,42,iq,3,2010-03-26,12,9,3,False,6
MLP · multiscale,42,iq,3,2010-04-02,13,4,3,False,1
MLP · multiscale,42,iq,3,2010-04-09,14,9,3,False,6
MLP · multiscale,42,iq,3,2010-04-16,15,6,3,False,3
MLP · multiscale,42,iq,3,2010-04-23,16,8,3,False,5
MLP · multiscale,42,iq,3,2010-04-30,17,4,3,False,1
MLP · multiscale,42,iq,3,2010-05-07,18,2,3,False,1
MLP · multiscale,42,iq,3,2010-05-14,19,7,3,False,4
MLP · multiscale,42,iq,3,2010-05-21,20,6,4,False,2
MLP · multiscale,42,iq,3,2010-05-28,21,5,5,False,0
MLP · multiscale,42,iq,3,2010-06-04,22,8,6,False,2
MLP · multiscale,42,iq,3,2010-06-11,23,1,7,False,6
MLP · multiscale,42,iq,3,2010-06-18,24,1,4,False,3
MLP · multiscale,42,iq,3,2010-06-25,25,4,5,False,1
MLP · multiscale,73,iq,1,2007-07-02,27,3,2,False,1
MLP · multiscale,73,iq,1,2007-07-09,28,4,1,False,3
MLP · multiscale,73,iq,1,2007-07-16,29,1,2,False,1
MLP · multiscale,73,iq,1,2007-07-23,30,8,3,False,5
MLP · multiscale,73,iq,1,2007-07-30,31,5,2,False,3
MLP · multiscale,73,iq,1,2007-08-06,32,3,2,False,1
MLP · multiscale,73,iq,1,2007-08-13,33,2,0,False,2
MLP · multiscale,73,iq,1,2007-08-20,34,7,0,False,7
MLP · multiscale,73,iq,1,2007-08-27,35,1,0,False,1
MLP · multiscale,73,iq,1,2007-09-03,36,6,0,False,6
MLP · multiscale,73,iq,1,2007-09-10,37,7,0,False,7
MLP · multiscale,73,iq,1,2007-09-17,38,5,5,False,0
MLP · multiscale,73,iq,1,2007-09-24,39,2,7,False,5
MLP · multiscale,73,iq,1,2007-10-01,40,6,8,False,2
MLP · multiscale,73,iq,1,2007-10-08,41,11,12,False,1
MLP · multiscale,73,iq,1,2007-10-15,42,6,12,False,6
MLP · multiscale,73,iq,1,2007-10-22,43,3,12,False,9
MLP · multiscale,73,iq,1,2007-10-29,44,11,11,False,0
MLP · multiscale,73,iq,1,2007-11-05,45,11,14,False,3
MLP · multiscale,73,iq,1,2007-11-12,46,5,18,False,13
MLP · multiscale,73,iq,1,2007-11-19,47,4,17,False,13
MLP · multiscale,73,iq,1,2007-11-26,48,9,13,False,4
MLP · multiscale,73,iq,1,2007-12-03,49,23,15,True,8
MLP · multiscale,73,iq,1,2007-12-10,50,28,12,True,16
MLP · multiscale,73,iq,1,2007-12-17,51,26,12,True,14
MLP · multiscale,73,iq,1,2007-12-24,52,7,14,False,7
MLP · multiscale,73,iq,1,2008-01-01,1,29,11,True,18
MLP · multiscale,73,iq,1,2008-01-08,2,58,11,True,47
MLP · multiscale,73,iq,1,2008-01-15,3,26,15,True,11
MLP · multiscale,73,iq,1,2008-01-22,4,38,13,True,25
MLP · multiscale,73,iq,1,2008-01-29,5,35,14,True,21
MLP · multiscale,73,iq,1,2008-02-05,6,37,12,True,25
MLP · multiscale,73,iq,1,2008-02-12,7,20,9,True,11
MLP · multiscale,73,iq,1,2008-02-19,8,29,12,True,17
MLP · multiscale,73,iq,1,2008-02-26,9,25,10,True,15
MLP · multiscale,73,iq,1,2008-03-04,10,23,11,True,12
MLP · multiscale,73,iq,1,2008-03-11,11,9,12,False,3
MLP · multiscale,73,iq,1,2008-03-18,12,3,8,False,5
MLP · multiscale,73,iq,1,2008-03-25,13,6,11,False,5
MLP · multiscale,73,iq,1,2008-04-01,14,6,9,False,3
MLP · multiscale,73,iq,1,2008-04-08,15,3,9,False,6
MLP · multiscale,73,iq,1,2008-04-15,16,1,8,False,7
MLP · multiscale,73,iq,1,2008-04-22,17,3,11,False,8
MLP · multiscale,73,iq,1,2008-04-29,18,1,10,False,9
MLP · multiscale,73,iq,1,2008-05-06,19,1,12,False,11
MLP · multiscale,73,iq,1,2008-05-13,20,0,8,False,8
MLP · multiscale,73,iq,1,2008-05-20,21,2,6,False,4
MLP · multiscale,73,iq,1,2008-05-27,22,1,6,False,5
MLP · multiscale,73,iq,1,2008-06-03,23,1,4,False,3
MLP · multiscale,73,iq,1,2008-06-10,24,0,3,False,3
MLP · multiscale,73,iq,1,2008-06-17,25,0,1,False,1
MLP · multiscale,73,iq,1,2008-06-24,26,1,1,False,0
MLP · multiscale,73,iq,2,2008-07-01,27,0,0,False,0
MLP · multiscale,73,iq,2,2008-07-08,28,3,0,False,3
MLP · multiscale,73,iq,2,2008-07-15,29,3,0,False,3
MLP · multiscale,73,iq,2,2008-07-22,30,1,0,False,1
MLP · multiscale,73,iq,2,2008-07-29,31,5,0,False,5
MLP · multiscale,73,iq,2,2008-08-05,32,2,0,False,2
MLP · multiscale,73,iq,2,2008-08-12,33,5,0,False,5
MLP · multiscale,73,iq,2,2008-08-19,34,5,0,False,5
MLP · multiscale,73,iq,2,2008-08-26,35,5,0,False,5
MLP · multiscale,73,iq,2,2008-09-02,36,9,1,False,8
MLP · multiscale,73,iq,2,2008-09-09,37,17,1,False,16
MLP · multiscale,73,iq,2,2008-09-16,38,19,4,True,15
MLP · multiscale,73,iq,2,2008-09-23,39,25,5,True,20
MLP · multiscale,73,iq,2,2008-09-30,40,45,7,True,38
MLP · multiscale,73,iq,2,2008-10-07,41,34,7,True,27
MLP · multiscale,73,iq,2,2008-10-14,42,63,9,True,54
MLP · multiscale,73,iq,2,2008-10-21,43,44,10,True,34
MLP · multiscale,73,iq,2,2008-10-28,44,50,8,True,42
MLP · multiscale,73,iq,2,2008-11-04,45,35,10,True,25
MLP · multiscale,73,iq,2,2008-11-11,46,16,12,False,4
MLP · multiscale,73,iq,2,2008-11-18,47,16,10,False,6
MLP · multiscale,73,iq,2,2008-11-25,48,13,9,False,4
MLP · multiscale,73,iq,2,2008-12-02,49,9,6,False,3
MLP · multiscale,73,iq,2,2008-12-09,50,15,7,False,8
MLP · multiscale,73,iq,2,2008-12-16,51,4,10,False,6
MLP · multiscale,73,iq,2,2008-12-23,52,0,10,False,10
MLP · multiscale,73,iq,2,2009-01-01,1,1,13,False,12
MLP · multiscale,73,iq,2,2009-01-08,2,10,10,False,0
MLP · multiscale,73,iq,2,2009-01-15,3,11,9,False,2
MLP · multiscale,73,iq,2,2009-01-22,4,29,12,True,17
MLP · multiscale,73,iq,2,2009-01-29,5,35,17,True,18
MLP · multiscale,73,iq,2,2009-02-05,6,30,16,True,14
MLP · multiscale,73,iq,2,2009-02-12,7,20,17,True,3
MLP · multiscale,73,iq,2,2009-02-19,8,21,18,True,3
MLP · multiscale,73,iq,2,2009-02-26,9,12,16,False,4
MLP · multiscale,73,iq,2,2009-03-05,10,9,16,False,7
MLP · multiscale,73,iq,2,2009-03-12,11,11,14,False,3
MLP · multiscale,73,iq,2,2009-03-19,12,9,13,False,4
MLP · multiscale,73,iq,2,2009-03-26,13,5,16,False,11
MLP · multiscale,73,iq,2,2009-04-02,14,11,16,False,5
MLP · multiscale,73,iq,2,2009-04-09,15,3,16,False,13
MLP · multiscale,73,iq,2,2009-04-16,16,5,15,False,10
MLP · multiscale,73,iq,2,2009-04-23,17,5,15,False,10
MLP · multiscale,73,iq,2,2009-04-30,18,4,12,False,8
MLP · multiscale,73,iq,2,2009-05-07,19,4,18,False,14
MLP · multiscale,73,iq,2,2009-05-14,20,1,17,False,16
MLP · multiscale,73,iq,2,2009-05-21,21,0,12,False,12
MLP · multiscale,73,iq,2,2009-05-28,22,2,12,False,10
MLP · multiscale,73,iq,2,2009-06-04,23,3,9,False,6
MLP · multiscale,73,iq,2,2009-06-11,24,3,8,False,5
MLP · multiscale,73,iq,2,2009-06-18,25,5,8,False,3
MLP · multiscale,73,iq,2,2009-06-25,26,2,7,False,5
MLP · multiscale,73,iq,3,2009-07-02,27,1,1,False,0
MLP · multiscale,73,iq,3,2009-07-09,28,2,1,False,1
MLP · multiscale,73,iq,3,2009-07-16,29,0,1,False,1
MLP · multiscale,73,iq,3,2009-07-23,30,0,1,False,1
MLP · multiscale,73,iq,3,2009-07-30,31,3,1,False,2
MLP · multiscale,73,iq,3,2009-08-06,32,5,1,False,4
MLP · multiscale,73,iq,3,2009-08-13,33,5,1,False,4
MLP · multiscale,73,iq,3,2009-08-20,34,7,1,False,6
MLP · multiscale,73,iq,3,2009-08-27,35,5,2,False,3
MLP · multiscale,73,iq,3,2009-09-03,36,2,2,False,0
MLP · multiscale,73,iq,3,2009-09-10,37,2,2,False,0
MLP · multiscale,73,iq,3,2009-09-17,38,2,5,False,3
MLP · multiscale,73,iq,3,2009-09-24,39,0,8,False,8
MLP · multiscale,73,iq,3,2009-10-01,40,2,8,False,6
MLP · multiscale,73,iq,3,2009-10-08,41,1,9,False,8
MLP · multiscale,73,iq,3,2009-10-15,42,1,7,False,6
MLP · multiscale,73,iq,3,2009-10-22,43,2,8,False,6
MLP · multiscale,73,iq,3,2009-10-29,44,2,6,False,4
MLP · multiscale,73,iq,3,2009-11-05,45,3,9,False,6
MLP · multiscale,73,iq,3,2009-11-12,46,9,6,False,3
MLP · multiscale,73,iq,3,2009-11-19,47,5,8,False,3
MLP · multiscale,73,iq,3,2009-11-26,48,5,5,False,0
MLP · multiscale,73,iq,3,2009-12-03,49,4,3,False,1
MLP · multiscale,73,iq,3,2009-12-10,50,4,3,False,1
MLP · multiscale,73,iq,3,2009-12-17,51,1,3,False,2
MLP · multiscale,73,iq,3,2009-12-24,52,0,2,False,2
MLP · multiscale,73,iq,3,2010-01-01,53,0,3,False,3
MLP · multiscale,73,iq,3,2010-01-08,1,10,7,False,3
MLP · multiscale,73,iq,3,2010-01-15,2,9,10,False,1
MLP · multiscale,73,iq,3,2010-01-22,3,17,10,False,7
MLP · multiscale,73,iq,3,2010-01-29,4,16,12,False,4
MLP · multiscale,73,iq,3,2010-02-05,5,11,2,False,9
MLP · multiscale,73,iq,3,2010-02-12,6,12,3,False,9
MLP · multiscale,73,iq,3,2010-02-19,7,19,3,False,16
MLP · multiscale,73,iq,3,2010-02-26,8,15,4,False,11
MLP · multiscale,73,iq,3,2010-03-05,9,12,5,False,7
MLP · multiscale,73,iq,3,2010-03-12,10,12,3,False,9
MLP · multiscale,73,iq,3,2010-03-19,11,16,4,False,12
MLP · multiscale,73,iq,3,2010-03-26,12,9,3,False,6
MLP · multiscale,73,iq,3,2010-04-02,13,4,4,False,0
MLP · multiscale,73,iq,3,2010-04-09,14,9,4,False,5
MLP · multiscale,73,iq,3,2010-04-16,15,6,3,False,3
MLP · multiscale,73,iq,3,2010-04-23,16,8,3,False,5
MLP · multiscale,73,iq,3,2010-04-30,17,4,3,False,1
MLP · multiscale,73,iq,3,2010-05-07,18,2,5,False,3
MLP · multiscale,73,iq,3,2010-05-14,19,7,3,False,4
MLP · multiscale,73,iq,3,2010-05-21,20,6,6,False,0
MLP · multiscale,73,iq,3,2010-05-28,21,5,7,False,2
MLP · multiscale,73,iq,3,2010-06-04,22,8,5,False,3
MLP · multiscale,73,iq,3,2010-06-11,23,1,6,False,5
MLP · multiscale,73,iq,3,2010-06-18,24,1,3,False,2
MLP · multiscale,73,iq,3,2010-06-25,25,4,3,False,1
Blend · ½ trees + ½ MLP,17,sj,1,2005-04-30,17,4,7,False,3
Blend · ½ trees + ½ MLP,17,sj,1,2005-05-07,18,2,6,False,4
Blend · ½ trees + ½ MLP,17,sj,1,2005-05-14,19,6,6,False,0
Blend · ½ trees + ½ MLP,17,sj,1,2005-05-21,20,3,7,False,4
Blend · ½ trees + ½ MLP,17,sj,1,2005-05-28,21,4,8,False,4
Blend · ½ trees + ½ MLP,17,sj,1,2005-06-04,22,10,10,False,0
Blend · ½ trees + ½ MLP,17,sj,1,2005-06-11,23,12,16,False,4
Blend · ½ trees + ½ MLP,17,sj,1,2005-06-18,24,21,17,False,4
Blend · ½ trees + ½ MLP,17,sj,1,2005-06-25,25,26,20,False,6
Blend · ½ trees + ½ MLP,17,sj,1,2005-07-02,26,21,22,False,1
Blend · ½ trees + ½ MLP,17,sj,1,2005-07-09,27,30,27,False,3
Blend · ½ trees + ½ MLP,17,sj,1,2005-07-16,28,45,23,False,22
Blend · ½ trees + ½ MLP,17,sj,1,2005-07-23,29,56,26,False,30
Blend · ½ trees + ½ MLP,17,sj,1,2005-07-30,30,75,28,True,47
Blend · ½ trees + ½ MLP,17,sj,1,2005-08-06,31,83,30,True,53
Blend · ½ trees + ½ MLP,17,sj,1,2005-08-13,32,82,32,True,50
Blend · ½ trees + ½ MLP,17,sj,1,2005-08-20,33,126,31,True,95
Blend · ½ trees + ½ MLP,17,sj,1,2005-08-27,34,119,31,True,88
Blend · ½ trees + ½ MLP,17,sj,1,2005-09-03,35,137,35,True,102
Blend · ½ trees + ½ MLP,17,sj,1,2005-09-10,36,131,30,True,101
Blend · ½ trees + ½ MLP,17,sj,1,2005-09-17,37,112,33,True,79
Blend · ½ trees + ½ MLP,17,sj,1,2005-09-24,38,82,34,True,48
Blend · ½ trees + ½ MLP,17,sj,1,2005-10-01,39,73,32,True,41
Blend · ½ trees + ½ MLP,17,sj,1,2005-10-08,40,43,30,False,13
Blend · ½ trees + ½ MLP,17,sj,1,2005-10-15,41,55,34,False,21
Blend · ½ trees + ½ MLP,17,sj,1,2005-10-22,42,55,31,False,24
Blend · ½ trees + ½ MLP,17,sj,1,2005-10-29,43,53,33,False,20
Blend · ½ trees + ½ MLP,17,sj,1,2005-11-05,44,46,32,False,14
Blend · ½ trees + ½ MLP,17,sj,1,2005-11-12,45,43,31,False,12
Blend · ½ trees + ½ MLP,17,sj,1,2005-11-19,46,29,29,False,0
Blend · ½ trees + ½ MLP,17,sj,1,2005-11-26,47,22,29,False,7
Blend · ½ trees + ½ MLP,17,sj,1,2005-12-03,48,26,26,False,0
Blend · ½ trees + ½ MLP,17,sj,1,2005-12-10,49,13,24,False,11
Blend · ½ trees + ½ MLP,17,sj,1,2005-12-17,50,17,19,False,2
Blend · ½ trees + ½ MLP,17,sj,1,2005-12-24,51,8,15,False,7
Blend · ½ trees + ½ MLP,17,sj,1,2006-01-01,52,13,13,False,0
Blend · ½ trees + ½ MLP,17,sj,1,2006-01-08,1,10,14,False,4
Blend · ½ trees + ½ MLP,17,sj,1,2006-01-15,2,17,14,False,3
Blend · ½ trees + ½ MLP,17,sj,1,2006-01-22,3,19,12,False,7
Blend · ½ trees + ½ MLP,17,sj,1,2006-01-29,4,9,11,False,2
Blend · ½ trees + ½ MLP,17,sj,1,2006-02-05,5,9,9,False,0
Blend · ½ trees + ½ MLP,17,sj,1,2006-02-12,6,9,7,False,2
Blend · ½ trees + ½ MLP,17,sj,1,2006-02-19,7,3,8,False,5
Blend · ½ trees + ½ MLP,17,sj,1,2006-02-26,8,7,7,False,0
Blend · ½ trees + ½ MLP,17,sj,1,2006-03-05,9,7,5,False,2
Blend · ½ trees + ½ MLP,17,sj,1,2006-03-12,10,0,5,False,5
Blend · ½ trees + ½ MLP,17,sj,1,2006-03-19,11,2,5,False,3
Blend · ½ trees + ½ MLP,17,sj,1,2006-03-26,12,3,4,False,1
Blend · ½ trees + ½ MLP,17,sj,1,2006-04-02,13,3,4,False,1
Blend · ½ trees + ½ MLP,17,sj,1,2006-04-09,14,1,3,False,2
Blend · ½ trees + ½ MLP,17,sj,1,2006-04-16,15,3,3,False,0
Blend · ½ trees + ½ MLP,17,sj,1,2006-04-23,16,3,3,False,0
Blend · ½ trees + ½ MLP,17,sj,2,2006-04-30,17,3,5,False,2
Blend · ½ trees + ½ MLP,17,sj,2,2006-05-07,18,7,5,False,2
Blend · ½ trees + ½ MLP,17,sj,2,2006-05-14,19,3,4,False,1
Blend · ½ trees + ½ MLP,17,sj,2,2006-05-21,20,5,5,False,0
Blend · ½ trees + ½ MLP,17,sj,2,2006-05-28,21,11,6,False,5
Blend · ½ trees + ½ MLP,17,sj,2,2006-06-04,22,5,7,False,2
Blend · ½ trees + ½ MLP,17,sj,2,2006-06-11,23,5,8,False,3
Blend · ½ trees + ½ MLP,17,sj,2,2006-06-18,24,6,9,False,3
Blend · ½ trees + ½ MLP,17,sj,2,2006-06-25,25,6,9,False,3
Blend · ½ trees + ½ MLP,17,sj,2,2006-07-02,26,4,10,False,6
Blend · ½ trees + ½ MLP,17,sj,2,2006-07-09,27,4,13,False,9
Blend · ½ trees + ½ MLP,17,sj,2,2006-07-16,28,8,18,False,10
Blend · ½ trees + ½ MLP,17,sj,2,2006-07-23,29,14,20,False,6
Blend · ½ trees + ½ MLP,17,sj,2,2006-07-30,30,12,20,False,8
Blend · ½ trees + ½ MLP,17,sj,2,2006-08-06,31,16,21,False,5
Blend · ½ trees + ½ MLP,17,sj,2,2006-08-13,32,10,26,False,16
Blend · ½ trees + ½ MLP,17,sj,2,2006-08-20,33,16,26,False,10
Blend · ½ trees + ½ MLP,17,sj,2,2006-08-27,34,18,30,False,12
Blend · ½ trees + ½ MLP,17,sj,2,2006-09-03,35,15,27,False,12
Blend · ½ trees + ½ MLP,17,sj,2,2006-09-10,36,23,27,False,4
Blend · ½ trees + ½ MLP,17,sj,2,2006-09-17,37,17,28,False,11
Blend · ½ trees + ½ MLP,17,sj,2,2006-09-24,38,33,30,False,3
Blend · ½ trees + ½ MLP,17,sj,2,2006-10-01,39,15,35,False,20
Blend · ½ trees + ½ MLP,17,sj,2,2006-10-08,40,13,38,False,25
Blend · ½ trees + ½ MLP,17,sj,2,2006-10-15,41,11,35,False,24
Blend · ½ trees + ½ MLP,17,sj,2,2006-10-22,42,14,31,False,17
Blend · ½ trees + ½ MLP,17,sj,2,2006-10-29,43,17,26,False,9
Blend · ½ trees + ½ MLP,17,sj,2,2006-11-05,44,19,33,False,14
Blend · ½ trees + ½ MLP,17,sj,2,2006-11-12,45,20,32,False,12
Blend · ½ trees + ½ MLP,17,sj,2,2006-11-19,46,12,31,False,19
Blend · ½ trees + ½ MLP,17,sj,2,2006-11-26,47,21,20,False,1
Blend · ½ trees + ½ MLP,17,sj,2,2006-12-03,48,7,19,False,12
Blend · ½ trees + ½ MLP,17,sj,2,2006-12-10,49,19,17,False,2
Blend · ½ trees + ½ MLP,17,sj,2,2006-12-17,50,10,17,False,7
Blend · ½ trees + ½ MLP,17,sj,2,2006-12-24,51,13,15,False,2
Blend · ½ trees + ½ MLP,17,sj,2,2007-01-01,1,10,15,False,5
Blend · ½ trees + ½ MLP,17,sj,2,2007-01-08,2,8,12,False,4
Blend · ½ trees + ½ MLP,17,sj,2,2007-01-15,3,21,11,False,10
Blend · ½ trees + ½ MLP,17,sj,2,2007-01-22,4,11,12,False,1
Blend · ½ trees + ½ MLP,17,sj,2,2007-01-29,5,9,12,False,3
Blend · ½ trees + ½ MLP,17,sj,2,2007-02-05,6,14,11,False,3
Blend · ½ trees + ½ MLP,17,sj,2,2007-02-12,7,14,12,False,2
Blend · ½ trees + ½ MLP,17,sj,2,2007-02-19,8,15,12,False,3
Blend · ½ trees + ½ MLP,17,sj,2,2007-02-26,9,18,11,False,7
Blend · ½ trees + ½ MLP,17,sj,2,2007-03-05,10,16,10,False,6
Blend · ½ trees + ½ MLP,17,sj,2,2007-03-12,11,12,9,False,3
Blend · ½ trees + ½ MLP,17,sj,2,2007-03-19,12,20,7,False,13
Blend · ½ trees + ½ MLP,17,sj,2,2007-03-26,13,8,7,False,1
Blend · ½ trees + ½ MLP,17,sj,2,2007-04-02,14,3,5,False,2
Blend · ½ trees + ½ MLP,17,sj,2,2007-04-09,15,13,6,False,7
Blend · ½ trees + ½ MLP,17,sj,2,2007-04-16,16,4,6,False,2
Blend · ½ trees + ½ MLP,17,sj,2,2007-04-23,17,1,8,False,7
Blend · ½ trees + ½ MLP,17,sj,3,2007-04-30,18,10,7,False,3
Blend · ½ trees + ½ MLP,17,sj,3,2007-05-07,19,8,6,False,2
Blend · ½ trees + ½ MLP,17,sj,3,2007-05-14,20,13,6,False,7
Blend · ½ trees + ½ MLP,17,sj,3,2007-05-21,21,10,7,False,3
Blend · ½ trees + ½ MLP,17,sj,3,2007-05-28,22,21,10,False,11
Blend · ½ trees + ½ MLP,17,sj,3,2007-06-04,23,18,11,False,7
Blend · ½ trees + ½ MLP,17,sj,3,2007-06-11,24,21,11,False,10
Blend · ½ trees + ½ MLP,17,sj,3,2007-06-18,25,34,13,False,21
Blend · ½ trees + ½ MLP,17,sj,3,2007-06-25,26,25,14,False,11
Blend · ½ trees + ½ MLP,17,sj,3,2007-07-02,27,34,27,False,7
Blend · ½ trees + ½ MLP,17,sj,3,2007-07-09,28,33,35,False,2
Blend · ½ trees + ½ MLP,17,sj,3,2007-07-16,29,40,39,False,1
Blend · ½ trees + ½ MLP,17,sj,3,2007-07-23,30,42,40,False,2
Blend · ½ trees + ½ MLP,17,sj,3,2007-07-30,31,36,56,False,20
Blend · ½ trees + ½ MLP,17,sj,3,2007-08-06,32,72,69,True,3
Blend · ½ trees + ½ MLP,17,sj,3,2007-08-13,33,75,59,True,16
Blend · ½ trees + ½ MLP,17,sj,3,2007-08-20,34,76,63,True,13
Blend · ½ trees + ½ MLP,17,sj,3,2007-08-27,35,92,74,True,18
Blend · ½ trees + ½ MLP,17,sj,3,2007-09-03,36,71,98,True,27
Blend · ½ trees + ½ MLP,17,sj,3,2007-09-10,37,112,110,True,2
Blend · ½ trees + ½ MLP,17,sj,3,2007-09-17,38,106,113,True,7
Blend · ½ trees + ½ MLP,17,sj,3,2007-09-24,39,101,119,True,18
Blend · ½ trees + ½ MLP,17,sj,3,2007-10-01,40,170,98,True,72
Blend · ½ trees + ½ MLP,17,sj,3,2007-10-08,41,135,82,True,53
Blend · ½ trees + ½ MLP,17,sj,3,2007-10-15,42,106,98,True,8
Blend · ½ trees + ½ MLP,17,sj,3,2007-10-22,43,68,101,False,33
Blend · ½ trees + ½ MLP,17,sj,3,2007-10-29,44,48,94,False,46
Blend · ½ trees + ½ MLP,17,sj,3,2007-11-05,45,48,82,False,34
Blend · ½ trees + ½ MLP,17,sj,3,2007-11-12,46,26,67,False,41
Blend · ½ trees + ½ MLP,17,sj,3,2007-11-19,47,33,59,False,26
Blend · ½ trees + ½ MLP,17,sj,3,2007-11-26,48,29,67,False,38
Blend · ½ trees + ½ MLP,17,sj,3,2007-12-03,49,17,64,False,47
Blend · ½ trees + ½ MLP,17,sj,3,2007-12-10,50,12,16,False,4
Blend · ½ trees + ½ MLP,17,sj,3,2007-12-17,51,13,16,False,3
Blend · ½ trees + ½ MLP,17,sj,3,2007-12-24,52,17,15,False,2
Blend · ½ trees + ½ MLP,17,sj,3,2008-01-01,1,15,13,False,2
Blend · ½ trees + ½ MLP,17,sj,3,2008-01-08,2,14,13,False,1
Blend · ½ trees + ½ MLP,17,sj,3,2008-01-15,3,15,13,False,2
Blend · ½ trees + ½ MLP,17,sj,3,2008-01-22,4,10,11,False,1
Blend · ½ trees + ½ MLP,17,sj,3,2008-01-29,5,9,11,False,2
Blend · ½ trees + ½ MLP,17,sj,3,2008-02-05,6,2,11,False,9
Blend · ½ trees + ½ MLP,17,sj,3,2008-02-12,7,6,10,False,4
Blend · ½ trees + ½ MLP,17,sj,3,2008-02-19,8,8,8,False,0
Blend · ½ trees + ½ MLP,17,sj,3,2008-02-26,9,5,8,False,3
Blend · ½ trees + ½ MLP,17,sj,3,2008-03-04,10,1,6,False,5
Blend · ½ trees + ½ MLP,17,sj,3,2008-03-11,11,2,4,False,2
Blend · ½ trees + ½ MLP,17,sj,3,2008-03-18,12,3,3,False,0
Blend · ½ trees + ½ MLP,17,sj,3,2008-03-25,13,4,3,False,1
Blend · ½ trees + ½ MLP,17,sj,3,2008-04-01,14,3,2,False,1
Blend · ½ trees + ½ MLP,17,sj,3,2008-04-08,15,1,2,False,1
Blend · ½ trees + ½ MLP,17,sj,3,2008-04-15,16,3,2,False,1
Blend · ½ trees + ½ MLP,17,sj,3,2008-04-22,17,5,2,False,3
Blend · ½ trees + ½ MLP,42,sj,1,2005-04-30,17,4,7,False,3
Blend · ½ trees + ½ MLP,42,sj,1,2005-05-07,18,2,6,False,4
Blend · ½ trees + ½ MLP,42,sj,1,2005-05-14,19,6,6,False,0
Blend · ½ trees + ½ MLP,42,sj,1,2005-05-21,20,3,7,False,4
Blend · ½ trees + ½ MLP,42,sj,1,2005-05-28,21,4,10,False,6
Blend · ½ trees + ½ MLP,42,sj,1,2005-06-04,22,10,11,False,1
Blend · ½ trees + ½ MLP,42,sj,1,2005-06-11,23,12,15,False,3
Blend · ½ trees + ½ MLP,42,sj,1,2005-06-18,24,21,17,False,4
Blend · ½ trees + ½ MLP,42,sj,1,2005-06-25,25,26,20,False,6
Blend · ½ trees + ½ MLP,42,sj,1,2005-07-02,26,21,22,False,1
Blend · ½ trees + ½ MLP,42,sj,1,2005-07-09,27,30,28,False,2
Blend · ½ trees + ½ MLP,42,sj,1,2005-07-16,28,45,25,False,20
Blend · ½ trees + ½ MLP,42,sj,1,2005-07-23,29,56,27,False,29
Blend · ½ trees + ½ MLP,42,sj,1,2005-07-30,30,75,29,True,46
Blend · ½ trees + ½ MLP,42,sj,1,2005-08-06,31,83,31,True,52
Blend · ½ trees + ½ MLP,42,sj,1,2005-08-13,32,82,33,True,49
Blend · ½ trees + ½ MLP,42,sj,1,2005-08-20,33,126,30,True,96
Blend · ½ trees + ½ MLP,42,sj,1,2005-08-27,34,119,31,True,88
Blend · ½ trees + ½ MLP,42,sj,1,2005-09-03,35,137,31,True,106
Blend · ½ trees + ½ MLP,42,sj,1,2005-09-10,36,131,30,True,101
Blend · ½ trees + ½ MLP,42,sj,1,2005-09-17,37,112,33,True,79
Blend · ½ trees + ½ MLP,42,sj,1,2005-09-24,38,82,34,True,48
Blend · ½ trees + ½ MLP,42,sj,1,2005-10-01,39,73,33,True,40
Blend · ½ trees + ½ MLP,42,sj,1,2005-10-08,40,43,30,False,13
Blend · ½ trees + ½ MLP,42,sj,1,2005-10-15,41,55,33,False,22
Blend · ½ trees + ½ MLP,42,sj,1,2005-10-22,42,55,31,False,24
Blend · ½ trees + ½ MLP,42,sj,1,2005-10-29,43,53,35,False,18
Blend · ½ trees + ½ MLP,42,sj,1,2005-11-05,44,46,36,False,10
Blend · ½ trees + ½ MLP,42,sj,1,2005-11-12,45,43,37,False,6
Blend · ½ trees + ½ MLP,42,sj,1,2005-11-19,46,29,37,False,8
Blend · ½ trees + ½ MLP,42,sj,1,2005-11-26,47,22,32,False,10
Blend · ½ trees + ½ MLP,42,sj,1,2005-12-03,48,26,32,False,6
Blend · ½ trees + ½ MLP,42,sj,1,2005-12-10,49,13,25,False,12
Blend · ½ trees + ½ MLP,42,sj,1,2005-12-17,50,17,21,False,4
Blend · ½ trees + ½ MLP,42,sj,1,2005-12-24,51,8,14,False,6
Blend · ½ trees + ½ MLP,42,sj,1,2006-01-01,52,13,13,False,0
Blend · ½ trees + ½ MLP,42,sj,1,2006-01-08,1,10,14,False,4
Blend · ½ trees + ½ MLP,42,sj,1,2006-01-15,2,17,14,False,3
Blend · ½ trees + ½ MLP,42,sj,1,2006-01-22,3,19,12,False,7
Blend · ½ trees + ½ MLP,42,sj,1,2006-01-29,4,9,12,False,3
Blend · ½ trees + ½ MLP,42,sj,1,2006-02-05,5,9,9,False,0
Blend · ½ trees + ½ MLP,42,sj,1,2006-02-12,6,9,8,False,1
Blend · ½ trees + ½ MLP,42,sj,1,2006-02-19,7,3,7,False,4
Blend · ½ trees + ½ MLP,42,sj,1,2006-02-26,8,7,7,False,0
Blend · ½ trees + ½ MLP,42,sj,1,2006-03-05,9,7,6,False,1
Blend · ½ trees + ½ MLP,42,sj,1,2006-03-12,10,0,5,False,5
Blend · ½ trees + ½ MLP,42,sj,1,2006-03-19,11,2,5,False,3
Blend · ½ trees + ½ MLP,42,sj,1,2006-03-26,12,3,4,False,1
Blend · ½ trees + ½ MLP,42,sj,1,2006-04-02,13,3,4,False,1
Blend · ½ trees + ½ MLP,42,sj,1,2006-04-09,14,1,3,False,2
Blend · ½ trees + ½ MLP,42,sj,1,2006-04-16,15,3,3,False,0
Blend · ½ trees + ½ MLP,42,sj,1,2006-04-23,16,3,4,False,1
Blend · ½ trees + ½ MLP,42,sj,2,2006-04-30,17,3,5,False,2
Blend · ½ trees + ½ MLP,42,sj,2,2006-05-07,18,7,5,False,2
Blend · ½ trees + ½ MLP,42,sj,2,2006-05-14,19,3,4,False,1
Blend · ½ trees + ½ MLP,42,sj,2,2006-05-21,20,5,5,False,0
Blend · ½ trees + ½ MLP,42,sj,2,2006-05-28,21,11,7,False,4
Blend · ½ trees + ½ MLP,42,sj,2,2006-06-04,22,5,8,False,3
Blend · ½ trees + ½ MLP,42,sj,2,2006-06-11,23,5,9,False,4
Blend · ½ trees + ½ MLP,42,sj,2,2006-06-18,24,6,9,False,3
Blend · ½ trees + ½ MLP,42,sj,2,2006-06-25,25,6,8,False,2
Blend · ½ trees + ½ MLP,42,sj,2,2006-07-02,26,4,9,False,5
Blend · ½ trees + ½ MLP,42,sj,2,2006-07-09,27,4,12,False,8
Blend · ½ trees + ½ MLP,42,sj,2,2006-07-16,28,8,19,False,11
Blend · ½ trees + ½ MLP,42,sj,2,2006-07-23,29,14,21,False,7
Blend · ½ trees + ½ MLP,42,sj,2,2006-07-30,30,12,22,False,10
Blend · ½ trees + ½ MLP,42,sj,2,2006-08-06,31,16,22,False,6
Blend · ½ trees + ½ MLP,42,sj,2,2006-08-13,32,10,27,False,17
Blend · ½ trees + ½ MLP,42,sj,2,2006-08-20,33,16,28,False,12
Blend · ½ trees + ½ MLP,42,sj,2,2006-08-27,34,18,39,False,21
Blend · ½ trees + ½ MLP,42,sj,2,2006-09-03,35,15,29,False,14
Blend · ½ trees + ½ MLP,42,sj,2,2006-09-10,36,23,30,False,7
Blend · ½ trees + ½ MLP,42,sj,2,2006-09-17,37,17,34,False,17
Blend · ½ trees + ½ MLP,42,sj,2,2006-09-24,38,33,38,False,5
Blend · ½ trees + ½ MLP,42,sj,2,2006-10-01,39,15,43,False,28
Blend · ½ trees + ½ MLP,42,sj,2,2006-10-08,40,13,47,False,34
Blend · ½ trees + ½ MLP,42,sj,2,2006-10-15,41,11,46,False,35
Blend · ½ trees + ½ MLP,42,sj,2,2006-10-22,42,14,41,False,27
Blend · ½ trees + ½ MLP,42,sj,2,2006-10-29,43,17,35,False,18
Blend · ½ trees + ½ MLP,42,sj,2,2006-11-05,44,19,50,False,31
Blend · ½ trees + ½ MLP,42,sj,2,2006-11-12,45,20,45,False,25
Blend · ½ trees + ½ MLP,42,sj,2,2006-11-19,46,12,45,False,33
Blend · ½ trees + ½ MLP,42,sj,2,2006-11-26,47,21,31,False,10
Blend · ½ trees + ½ MLP,42,sj,2,2006-12-03,48,7,23,False,16
Blend · ½ trees + ½ MLP,42,sj,2,2006-12-10,49,19,18,False,1
Blend · ½ trees + ½ MLP,42,sj,2,2006-12-17,50,10,27,False,17
Blend · ½ trees + ½ MLP,42,sj,2,2006-12-24,51,13,17,False,4
Blend · ½ trees + ½ MLP,42,sj,2,2007-01-01,1,10,16,False,6
Blend · ½ trees + ½ MLP,42,sj,2,2007-01-08,2,8,14,False,6
Blend · ½ trees + ½ MLP,42,sj,2,2007-01-15,3,21,14,False,7
Blend · ½ trees + ½ MLP,42,sj,2,2007-01-22,4,11,13,False,2
Blend · ½ trees + ½ MLP,42,sj,2,2007-01-29,5,9,13,False,4
Blend · ½ trees + ½ MLP,42,sj,2,2007-02-05,6,14,12,False,2
Blend · ½ trees + ½ MLP,42,sj,2,2007-02-12,7,14,12,False,2
Blend · ½ trees + ½ MLP,42,sj,2,2007-02-19,8,15,11,False,4
Blend · ½ trees + ½ MLP,42,sj,2,2007-02-26,9,18,10,False,8
Blend · ½ trees + ½ MLP,42,sj,2,2007-03-05,10,16,9,False,7
Blend · ½ trees + ½ MLP,42,sj,2,2007-03-12,11,12,8,False,4
Blend · ½ trees + ½ MLP,42,sj,2,2007-03-19,12,20,7,False,13
Blend · ½ trees + ½ MLP,42,sj,2,2007-03-26,13,8,6,False,2
Blend · ½ trees + ½ MLP,42,sj,2,2007-04-02,14,3,4,False,1
Blend · ½ trees + ½ MLP,42,sj,2,2007-04-09,15,13,4,False,9
Blend · ½ trees + ½ MLP,42,sj,2,2007-04-16,16,4,6,False,2
Blend · ½ trees + ½ MLP,42,sj,2,2007-04-23,17,1,8,False,7
Blend · ½ trees + ½ MLP,42,sj,3,2007-04-30,18,10,8,False,2
Blend · ½ trees + ½ MLP,42,sj,3,2007-05-07,19,8,7,False,1
Blend · ½ trees + ½ MLP,42,sj,3,2007-05-14,20,13,8,False,5
Blend · ½ trees + ½ MLP,42,sj,3,2007-05-21,21,10,9,False,1
Blend · ½ trees + ½ MLP,42,sj,3,2007-05-28,22,21,10,False,11
Blend · ½ trees + ½ MLP,42,sj,3,2007-06-04,23,18,12,False,6
Blend · ½ trees + ½ MLP,42,sj,3,2007-06-11,24,21,12,False,9
Blend · ½ trees + ½ MLP,42,sj,3,2007-06-18,25,34,13,False,21
Blend · ½ trees + ½ MLP,42,sj,3,2007-06-25,26,25,14,False,11
Blend · ½ trees + ½ MLP,42,sj,3,2007-07-02,27,34,27,False,7
Blend · ½ trees + ½ MLP,42,sj,3,2007-07-09,28,33,36,False,3
Blend · ½ trees + ½ MLP,42,sj,3,2007-07-16,29,40,41,False,1
Blend · ½ trees + ½ MLP,42,sj,3,2007-07-23,30,42,43,False,1
Blend · ½ trees + ½ MLP,42,sj,3,2007-07-30,31,36,63,False,27
Blend · ½ trees + ½ MLP,42,sj,3,2007-08-06,32,72,78,True,6
Blend · ½ trees + ½ MLP,42,sj,3,2007-08-13,33,75,62,True,13
Blend · ½ trees + ½ MLP,42,sj,3,2007-08-20,34,76,65,True,11
Blend · ½ trees + ½ MLP,42,sj,3,2007-08-27,35,92,84,True,8
Blend · ½ trees + ½ MLP,42,sj,3,2007-09-03,36,71,93,True,22
Blend · ½ trees + ½ MLP,42,sj,3,2007-09-10,37,112,105,True,7
Blend · ½ trees + ½ MLP,42,sj,3,2007-09-17,38,106,109,True,3
Blend · ½ trees + ½ MLP,42,sj,3,2007-09-24,39,101,110,True,9
Blend · ½ trees + ½ MLP,42,sj,3,2007-10-01,40,170,98,True,72
Blend · ½ trees + ½ MLP,42,sj,3,2007-10-08,41,135,88,True,47
Blend · ½ trees + ½ MLP,42,sj,3,2007-10-15,42,106,100,True,6
Blend · ½ trees + ½ MLP,42,sj,3,2007-10-22,43,68,101,False,33
Blend · ½ trees + ½ MLP,42,sj,3,2007-10-29,44,48,92,False,44
Blend · ½ trees + ½ MLP,42,sj,3,2007-11-05,45,48,82,False,34
Blend · ½ trees + ½ MLP,42,sj,3,2007-11-12,46,26,73,False,47
Blend · ½ trees + ½ MLP,42,sj,3,2007-11-19,47,33,59,False,26
Blend · ½ trees + ½ MLP,42,sj,3,2007-11-26,48,29,73,False,44
Blend · ½ trees + ½ MLP,42,sj,3,2007-12-03,49,17,67,False,50
Blend · ½ trees + ½ MLP,42,sj,3,2007-12-10,50,12,17,False,5
Blend · ½ trees + ½ MLP,42,sj,3,2007-12-17,51,13,20,False,7
Blend · ½ trees + ½ MLP,42,sj,3,2007-12-24,52,17,21,False,4
Blend · ½ trees + ½ MLP,42,sj,3,2008-01-01,1,15,17,False,2
Blend · ½ trees + ½ MLP,42,sj,3,2008-01-08,2,14,13,False,1
Blend · ½ trees + ½ MLP,42,sj,3,2008-01-15,3,15,13,False,2
Blend · ½ trees + ½ MLP,42,sj,3,2008-01-22,4,10,12,False,2
Blend · ½ trees + ½ MLP,42,sj,3,2008-01-29,5,9,11,False,2
Blend · ½ trees + ½ MLP,42,sj,3,2008-02-05,6,2,11,False,9
Blend · ½ trees + ½ MLP,42,sj,3,2008-02-12,7,6,10,False,4
Blend · ½ trees + ½ MLP,42,sj,3,2008-02-19,8,8,9,False,1
Blend · ½ trees + ½ MLP,42,sj,3,2008-02-26,9,5,8,False,3
Blend · ½ trees + ½ MLP,42,sj,3,2008-03-04,10,1,7,False,6
Blend · ½ trees + ½ MLP,42,sj,3,2008-03-11,11,2,5,False,3
Blend · ½ trees + ½ MLP,42,sj,3,2008-03-18,12,3,5,False,2
Blend · ½ trees + ½ MLP,42,sj,3,2008-03-25,13,4,4,False,0
Blend · ½ trees + ½ MLP,42,sj,3,2008-04-01,14,3,3,False,0
Blend · ½ trees + ½ MLP,42,sj,3,2008-04-08,15,1,3,False,2
Blend · ½ trees + ½ MLP,42,sj,3,2008-04-15,16,3,4,False,1
Blend · ½ trees + ½ MLP,42,sj,3,2008-04-22,17,5,3,False,2
Blend · ½ trees + ½ MLP,73,sj,1,2005-04-30,17,4,8,False,4
Blend · ½ trees + ½ MLP,73,sj,1,2005-05-07,18,2,6,False,4
Blend · ½ trees + ½ MLP,73,sj,1,2005-05-14,19,6,7,False,1
Blend · ½ trees + ½ MLP,73,sj,1,2005-05-21,20,3,8,False,5
Blend · ½ trees + ½ MLP,73,sj,1,2005-05-28,21,4,9,False,5
Blend · ½ trees + ½ MLP,73,sj,1,2005-06-04,22,10,11,False,1
Blend · ½ trees + ½ MLP,73,sj,1,2005-06-11,23,12,16,False,4
Blend · ½ trees + ½ MLP,73,sj,1,2005-06-18,24,21,18,False,3
Blend · ½ trees + ½ MLP,73,sj,1,2005-06-25,25,26,20,False,6
Blend · ½ trees + ½ MLP,73,sj,1,2005-07-02,26,21,22,False,1
Blend · ½ trees + ½ MLP,73,sj,1,2005-07-09,27,30,28,False,2
Blend · ½ trees + ½ MLP,73,sj,1,2005-07-16,28,45,26,False,19
Blend · ½ trees + ½ MLP,73,sj,1,2005-07-23,29,56,28,False,28
Blend · ½ trees + ½ MLP,73,sj,1,2005-07-30,30,75,30,True,45
Blend · ½ trees + ½ MLP,73,sj,1,2005-08-06,31,83,32,True,51
Blend · ½ trees + ½ MLP,73,sj,1,2005-08-13,32,82,34,True,48
Blend · ½ trees + ½ MLP,73,sj,1,2005-08-20,33,126,31,True,95
Blend · ½ trees + ½ MLP,73,sj,1,2005-08-27,34,119,33,True,86
Blend · ½ trees + ½ MLP,73,sj,1,2005-09-03,35,137,38,True,99
Blend · ½ trees + ½ MLP,73,sj,1,2005-09-10,36,131,36,True,95
Blend · ½ trees + ½ MLP,73,sj,1,2005-09-17,37,112,38,True,74
Blend · ½ trees + ½ MLP,73,sj,1,2005-09-24,38,82,40,True,42
Blend · ½ trees + ½ MLP,73,sj,1,2005-10-01,39,73,37,True,36
Blend · ½ trees + ½ MLP,73,sj,1,2005-10-08,40,43,37,False,6
Blend · ½ trees + ½ MLP,73,sj,1,2005-10-15,41,55,42,False,13
Blend · ½ trees + ½ MLP,73,sj,1,2005-10-22,42,55,40,False,15
Blend · ½ trees + ½ MLP,73,sj,1,2005-10-29,43,53,36,False,17
Blend · ½ trees + ½ MLP,73,sj,1,2005-11-05,44,46,39,False,7
Blend · ½ trees + ½ MLP,73,sj,1,2005-11-12,45,43,43,False,0
Blend · ½ trees + ½ MLP,73,sj,1,2005-11-19,46,29,42,False,13
Blend · ½ trees + ½ MLP,73,sj,1,2005-11-26,47,22,36,False,14
Blend · ½ trees + ½ MLP,73,sj,1,2005-12-03,48,26,36,False,10
Blend · ½ trees + ½ MLP,73,sj,1,2005-12-10,49,13,34,False,21
Blend · ½ trees + ½ MLP,73,sj,1,2005-12-17,50,17,28,False,11
Blend · ½ trees + ½ MLP,73,sj,1,2005-12-24,51,8,22,False,14
Blend · ½ trees + ½ MLP,73,sj,1,2006-01-01,52,13,17,False,4
Blend · ½ trees + ½ MLP,73,sj,1,2006-01-08,1,10,16,False,6
Blend · ½ trees + ½ MLP,73,sj,1,2006-01-15,2,17,15,False,2
Blend · ½ trees + ½ MLP,73,sj,1,2006-01-22,3,19,13,False,6
Blend · ½ trees + ½ MLP,73,sj,1,2006-01-29,4,9,13,False,4
Blend · ½ trees + ½ MLP,73,sj,1,2006-02-05,5,9,11,False,2
Blend · ½ trees + ½ MLP,73,sj,1,2006-02-12,6,9,10,False,1
Blend · ½ trees + ½ MLP,73,sj,1,2006-02-19,7,3,9,False,6
Blend · ½ trees + ½ MLP,73,sj,1,2006-02-26,8,7,8,False,1
Blend · ½ trees + ½ MLP,73,sj,1,2006-03-05,9,7,7,False,0
Blend · ½ trees + ½ MLP,73,sj,1,2006-03-12,10,0,6,False,6
Blend · ½ trees + ½ MLP,73,sj,1,2006-03-19,11,2,6,False,4
Blend · ½ trees + ½ MLP,73,sj,1,2006-03-26,12,3,6,False,3
Blend · ½ trees + ½ MLP,73,sj,1,2006-04-02,13,3,4,False,1
Blend · ½ trees + ½ MLP,73,sj,1,2006-04-09,14,1,4,False,3
Blend · ½ trees + ½ MLP,73,sj,1,2006-04-16,15,3,5,False,2
Blend · ½ trees + ½ MLP,73,sj,1,2006-04-23,16,3,5,False,2
Blend · ½ trees + ½ MLP,73,sj,2,2006-04-30,17,3,6,False,3
Blend · ½ trees + ½ MLP,73,sj,2,2006-05-07,18,7,5,False,2
Blend · ½ trees + ½ MLP,73,sj,2,2006-05-14,19,3,5,False,2
Blend · ½ trees + ½ MLP,73,sj,2,2006-05-21,20,5,5,False,0
Blend · ½ trees + ½ MLP,73,sj,2,2006-05-28,21,11,7,False,4
Blend · ½ trees + ½ MLP,73,sj,2,2006-06-04,22,5,8,False,3
Blend · ½ trees + ½ MLP,73,sj,2,2006-06-11,23,5,10,False,5
Blend · ½ trees + ½ MLP,73,sj,2,2006-06-18,24,6,10,False,4
Blend · ½ trees + ½ MLP,73,sj,2,2006-06-25,25,6,10,False,4
Blend · ½ trees + ½ MLP,73,sj,2,2006-07-02,26,4,12,False,8
Blend · ½ trees + ½ MLP,73,sj,2,2006-07-09,27,4,14,False,10
Blend · ½ trees + ½ MLP,73,sj,2,2006-07-16,28,8,20,False,12
Blend · ½ trees + ½ MLP,73,sj,2,2006-07-23,29,14,21,False,7
Blend · ½ trees + ½ MLP,73,sj,2,2006-07-30,30,12,22,False,10
Blend · ½ trees + ½ MLP,73,sj,2,2006-08-06,31,16,22,False,6
Blend · ½ trees + ½ MLP,73,sj,2,2006-08-13,32,10,27,False,17
Blend · ½ trees + ½ MLP,73,sj,2,2006-08-20,33,16,27,False,11
Blend · ½ trees + ½ MLP,73,sj,2,2006-08-27,34,18,35,False,17
Blend · ½ trees + ½ MLP,73,sj,2,2006-09-03,35,15,27,False,12
Blend · ½ trees + ½ MLP,73,sj,2,2006-09-10,36,23,28,False,5
Blend · ½ trees + ½ MLP,73,sj,2,2006-09-17,37,17,29,False,12
Blend · ½ trees + ½ MLP,73,sj,2,2006-09-24,38,33,29,False,4
Blend · ½ trees + ½ MLP,73,sj,2,2006-10-01,39,15,36,False,21
Blend · ½ trees + ½ MLP,73,sj,2,2006-10-08,40,13,39,False,26
Blend · ½ trees + ½ MLP,73,sj,2,2006-10-15,41,11,34,False,23
Blend · ½ trees + ½ MLP,73,sj,2,2006-10-22,42,14,30,False,16
Blend · ½ trees + ½ MLP,73,sj,2,2006-10-29,43,17,27,False,10
Blend · ½ trees + ½ MLP,73,sj,2,2006-11-05,44,19,40,False,21
Blend · ½ trees + ½ MLP,73,sj,2,2006-11-12,45,20,40,False,20
Blend · ½ trees + ½ MLP,73,sj,2,2006-11-19,46,12,43,False,31
Blend · ½ trees + ½ MLP,73,sj,2,2006-11-26,47,21,27,False,6
Blend · ½ trees + ½ MLP,73,sj,2,2006-12-03,48,7,21,False,14
Blend · ½ trees + ½ MLP,73,sj,2,2006-12-10,49,19,18,False,1
Blend · ½ trees + ½ MLP,73,sj,2,2006-12-17,50,10,21,False,11
Blend · ½ trees + ½ MLP,73,sj,2,2006-12-24,51,13,16,False,3
Blend · ½ trees + ½ MLP,73,sj,2,2007-01-01,1,10,16,False,6
Blend · ½ trees + ½ MLP,73,sj,2,2007-01-08,2,8,13,False,5
Blend · ½ trees + ½ MLP,73,sj,2,2007-01-15,3,21,13,False,8
Blend · ½ trees + ½ MLP,73,sj,2,2007-01-22,4,11,13,False,2
Blend · ½ trees + ½ MLP,73,sj,2,2007-01-29,5,9,13,False,4
Blend · ½ trees + ½ MLP,73,sj,2,2007-02-05,6,14,12,False,2
Blend · ½ trees + ½ MLP,73,sj,2,2007-02-12,7,14,13,False,1
Blend · ½ trees + ½ MLP,73,sj,2,2007-02-19,8,15,12,False,3
Blend · ½ trees + ½ MLP,73,sj,2,2007-02-26,9,18,11,False,7
Blend · ½ trees + ½ MLP,73,sj,2,2007-03-05,10,16,11,False,5
Blend · ½ trees + ½ MLP,73,sj,2,2007-03-12,11,12,10,False,2
Blend · ½ trees + ½ MLP,73,sj,2,2007-03-19,12,20,8,False,12
Blend · ½ trees + ½ MLP,73,sj,2,2007-03-26,13,8,8,False,0
Blend · ½ trees + ½ MLP,73,sj,2,2007-04-02,14,3,7,False,4
Blend · ½ trees + ½ MLP,73,sj,2,2007-04-09,15,13,7,False,6
Blend · ½ trees + ½ MLP,73,sj,2,2007-04-16,16,4,8,False,4
Blend · ½ trees + ½ MLP,73,sj,2,2007-04-23,17,1,10,False,9
Blend · ½ trees + ½ MLP,73,sj,3,2007-04-30,18,10,7,False,3
Blend · ½ trees + ½ MLP,73,sj,3,2007-05-07,19,8,6,False,2
Blend · ½ trees + ½ MLP,73,sj,3,2007-05-14,20,13,8,False,5
Blend · ½ trees + ½ MLP,73,sj,3,2007-05-21,21,10,8,False,2
Blend · ½ trees + ½ MLP,73,sj,3,2007-05-28,22,21,10,False,11
Blend · ½ trees + ½ MLP,73,sj,3,2007-06-04,23,18,11,False,7
Blend · ½ trees + ½ MLP,73,sj,3,2007-06-11,24,21,12,False,9
Blend · ½ trees + ½ MLP,73,sj,3,2007-06-18,25,34,14,False,20
Blend · ½ trees + ½ MLP,73,sj,3,2007-06-25,26,25,15,False,10
Blend · ½ trees + ½ MLP,73,sj,3,2007-07-02,27,34,27,False,7
Blend · ½ trees + ½ MLP,73,sj,3,2007-07-09,28,33,36,False,3
Blend · ½ trees + ½ MLP,73,sj,3,2007-07-16,29,40,40,False,0
Blend · ½ trees + ½ MLP,73,sj,3,2007-07-23,30,42,41,False,1
Blend · ½ trees + ½ MLP,73,sj,3,2007-07-30,31,36,53,False,17
Blend · ½ trees + ½ MLP,73,sj,3,2007-08-06,32,72,69,True,3
Blend · ½ trees + ½ MLP,73,sj,3,2007-08-13,33,75,66,True,9
Blend · ½ trees + ½ MLP,73,sj,3,2007-08-20,34,76,69,True,7
Blend · ½ trees + ½ MLP,73,sj,3,2007-08-27,35,92,84,True,8
Blend · ½ trees + ½ MLP,73,sj,3,2007-09-03,36,71,102,True,31
Blend · ½ trees + ½ MLP,73,sj,3,2007-09-10,37,112,114,True,2
Blend · ½ trees + ½ MLP,73,sj,3,2007-09-17,38,106,120,True,14
Blend · ½ trees + ½ MLP,73,sj,3,2007-09-24,39,101,128,True,27
Blend · ½ trees + ½ MLP,73,sj,3,2007-10-01,40,170,109,True,61
Blend · ½ trees + ½ MLP,73,sj,3,2007-10-08,41,135,93,True,42
Blend · ½ trees + ½ MLP,73,sj,3,2007-10-15,42,106,97,True,9
Blend · ½ trees + ½ MLP,73,sj,3,2007-10-22,43,68,109,False,41
Blend · ½ trees + ½ MLP,73,sj,3,2007-10-29,44,48,100,False,52
Blend · ½ trees + ½ MLP,73,sj,3,2007-11-05,45,48,95,False,47
Blend · ½ trees + ½ MLP,73,sj,3,2007-11-12,46,26,71,False,45
Blend · ½ trees + ½ MLP,73,sj,3,2007-11-19,47,33,69,False,36
Blend · ½ trees + ½ MLP,73,sj,3,2007-11-26,48,29,73,False,44
Blend · ½ trees + ½ MLP,73,sj,3,2007-12-03,49,17,78,False,61
Blend · ½ trees + ½ MLP,73,sj,3,2007-12-10,50,12,18,False,6
Blend · ½ trees + ½ MLP,73,sj,3,2007-12-17,51,13,20,False,7
Blend · ½ trees + ½ MLP,73,sj,3,2007-12-24,52,17,20,False,3
Blend · ½ trees + ½ MLP,73,sj,3,2008-01-01,1,15,15,False,0
Blend · ½ trees + ½ MLP,73,sj,3,2008-01-08,2,14,13,False,1
Blend · ½ trees + ½ MLP,73,sj,3,2008-01-15,3,15,13,False,2
Blend · ½ trees + ½ MLP,73,sj,3,2008-01-22,4,10,12,False,2
Blend · ½ trees + ½ MLP,73,sj,3,2008-01-29,5,9,11,False,2
Blend · ½ trees + ½ MLP,73,sj,3,2008-02-05,6,2,11,False,9
Blend · ½ trees + ½ MLP,73,sj,3,2008-02-12,7,6,10,False,4
Blend · ½ trees + ½ MLP,73,sj,3,2008-02-19,8,8,9,False,1
Blend · ½ trees + ½ MLP,73,sj,3,2008-02-26,9,5,8,False,3
Blend · ½ trees + ½ MLP,73,sj,3,2008-03-04,10,1,7,False,6
Blend · ½ trees + ½ MLP,73,sj,3,2008-03-11,11,2,5,False,3
Blend · ½ trees + ½ MLP,73,sj,3,2008-03-18,12,3,5,False,2
Blend · ½ trees + ½ MLP,73,sj,3,2008-03-25,13,4,4,False,0
Blend · ½ trees + ½ MLP,73,sj,3,2008-04-01,14,3,3,False,0
Blend · ½ trees + ½ MLP,73,sj,3,2008-04-08,15,1,4,False,3
Blend · ½ trees + ½ MLP,73,sj,3,2008-04-15,16,3,3,False,0
Blend · ½ trees + ½ MLP,73,sj,3,2008-04-22,17,5,3,False,2
Blend · ½ trees + ½ MLP,17,iq,1,2007-07-02,27,3,1,False,2
Blend · ½ trees + ½ MLP,17,iq,1,2007-07-09,28,4,1,False,3
Blend · ½ trees + ½ MLP,17,iq,1,2007-07-16,29,1,1,False,0
Blend · ½ trees + ½ MLP,17,iq,1,2007-07-23,30,8,1,False,7
Blend · ½ trees + ½ MLP,17,iq,1,2007-07-30,31,5,1,False,4
Blend · ½ trees + ½ MLP,17,iq,1,2007-08-06,32,3,1,False,2
Blend · ½ trees + ½ MLP,17,iq,1,2007-08-13,33,2,1,False,1
Blend · ½ trees + ½ MLP,17,iq,1,2007-08-20,34,7,1,False,6
Blend · ½ trees + ½ MLP,17,iq,1,2007-08-27,35,1,0,False,1
Blend · ½ trees + ½ MLP,17,iq,1,2007-09-03,36,6,1,False,5
Blend · ½ trees + ½ MLP,17,iq,1,2007-09-10,37,7,1,False,6
Blend · ½ trees + ½ MLP,17,iq,1,2007-09-17,38,5,2,False,3
Blend · ½ trees + ½ MLP,17,iq,1,2007-09-24,39,2,3,False,1
Blend · ½ trees + ½ MLP,17,iq,1,2007-10-01,40,6,4,False,2
Blend · ½ trees + ½ MLP,17,iq,1,2007-10-08,41,11,5,False,6
Blend · ½ trees + ½ MLP,17,iq,1,2007-10-15,42,6,6,False,0
Blend · ½ trees + ½ MLP,17,iq,1,2007-10-22,43,3,6,False,3
Blend · ½ trees + ½ MLP,17,iq,1,2007-10-29,44,11,6,False,5
Blend · ½ trees + ½ MLP,17,iq,1,2007-11-05,45,11,8,False,3
Blend · ½ trees + ½ MLP,17,iq,1,2007-11-12,46,5,10,False,5
Blend · ½ trees + ½ MLP,17,iq,1,2007-11-19,47,4,9,False,5
Blend · ½ trees + ½ MLP,17,iq,1,2007-11-26,48,9,8,False,1
Blend · ½ trees + ½ MLP,17,iq,1,2007-12-03,49,23,9,True,14
Blend · ½ trees + ½ MLP,17,iq,1,2007-12-10,50,28,8,True,20
Blend · ½ trees + ½ MLP,17,iq,1,2007-12-17,51,26,10,True,16
Blend · ½ trees + ½ MLP,17,iq,1,2007-12-24,52,7,10,False,3
Blend · ½ trees + ½ MLP,17,iq,1,2008-01-01,1,29,8,True,21
Blend · ½ trees + ½ MLP,17,iq,1,2008-01-08,2,58,8,True,50
Blend · ½ trees + ½ MLP,17,iq,1,2008-01-15,3,26,10,True,16
Blend · ½ trees + ½ MLP,17,iq,1,2008-01-22,4,38,8,True,30
Blend · ½ trees + ½ MLP,17,iq,1,2008-01-29,5,35,9,True,26
Blend · ½ trees + ½ MLP,17,iq,1,2008-02-05,6,37,8,True,29
Blend · ½ trees + ½ MLP,17,iq,1,2008-02-12,7,20,8,True,12
Blend · ½ trees + ½ MLP,17,iq,1,2008-02-19,8,29,8,True,21
Blend · ½ trees + ½ MLP,17,iq,1,2008-02-26,9,25,8,True,17
Blend · ½ trees + ½ MLP,17,iq,1,2008-03-04,10,23,7,True,16
Blend · ½ trees + ½ MLP,17,iq,1,2008-03-11,11,9,8,False,1
Blend · ½ trees + ½ MLP,17,iq,1,2008-03-18,12,3,6,False,3
Blend · ½ trees + ½ MLP,17,iq,1,2008-03-25,13,6,8,False,2
Blend · ½ trees + ½ MLP,17,iq,1,2008-04-01,14,6,7,False,1
Blend · ½ trees + ½ MLP,17,iq,1,2008-04-08,15,3,7,False,4
Blend · ½ trees + ½ MLP,17,iq,1,2008-04-15,16,1,6,False,5
Blend · ½ trees + ½ MLP,17,iq,1,2008-04-22,17,3,8,False,5
Blend · ½ trees + ½ MLP,17,iq,1,2008-04-29,18,1,7,False,6
Blend · ½ trees + ½ MLP,17,iq,1,2008-05-06,19,1,8,False,7
Blend · ½ trees + ½ MLP,17,iq,1,2008-05-13,20,0,6,False,6
Blend · ½ trees + ½ MLP,17,iq,1,2008-05-20,21,2,4,False,2
Blend · ½ trees + ½ MLP,17,iq,1,2008-05-27,22,1,4,False,3
Blend · ½ trees + ½ MLP,17,iq,1,2008-06-03,23,1,3,False,2
Blend · ½ trees + ½ MLP,17,iq,1,2008-06-10,24,0,3,False,3
Blend · ½ trees + ½ MLP,17,iq,1,2008-06-17,25,0,3,False,3
Blend · ½ trees + ½ MLP,17,iq,1,2008-06-24,26,1,3,False,2
Blend · ½ trees + ½ MLP,17,iq,2,2008-07-01,27,0,2,False,2
Blend · ½ trees + ½ MLP,17,iq,2,2008-07-08,28,3,2,False,1
Blend · ½ trees + ½ MLP,17,iq,2,2008-07-15,29,3,2,False,1
Blend · ½ trees + ½ MLP,17,iq,2,2008-07-22,30,1,2,False,1
Blend · ½ trees + ½ MLP,17,iq,2,2008-07-29,31,5,3,False,2
Blend · ½ trees + ½ MLP,17,iq,2,2008-08-05,32,2,2,False,0
Blend · ½ trees + ½ MLP,17,iq,2,2008-08-12,33,5,2,False,3
Blend · ½ trees + ½ MLP,17,iq,2,2008-08-19,34,5,2,False,3
Blend · ½ trees + ½ MLP,17,iq,2,2008-08-26,35,5,2,False,3
Blend · ½ trees + ½ MLP,17,iq,2,2008-09-02,36,9,3,False,6
Blend · ½ trees + ½ MLP,17,iq,2,2008-09-09,37,17,2,False,15
Blend · ½ trees + ½ MLP,17,iq,2,2008-09-16,38,19,4,True,15
Blend · ½ trees + ½ MLP,17,iq,2,2008-09-23,39,25,5,True,20
Blend · ½ trees + ½ MLP,17,iq,2,2008-09-30,40,45,7,True,38
Blend · ½ trees + ½ MLP,17,iq,2,2008-10-07,41,34,6,True,28
Blend · ½ trees + ½ MLP,17,iq,2,2008-10-14,42,63,7,True,56
Blend · ½ trees + ½ MLP,17,iq,2,2008-10-21,43,44,8,True,36
Blend · ½ trees + ½ MLP,17,iq,2,2008-10-28,44,50,7,True,43
Blend · ½ trees + ½ MLP,17,iq,2,2008-11-04,45,35,8,True,27
Blend · ½ trees + ½ MLP,17,iq,2,2008-11-11,46,16,9,False,7
Blend · ½ trees + ½ MLP,17,iq,2,2008-11-18,47,16,8,False,8
Blend · ½ trees + ½ MLP,17,iq,2,2008-11-25,48,13,7,False,6
Blend · ½ trees + ½ MLP,17,iq,2,2008-12-02,49,9,7,False,2
Blend · ½ trees + ½ MLP,17,iq,2,2008-12-09,50,15,6,False,9
Blend · ½ trees + ½ MLP,17,iq,2,2008-12-16,51,4,8,False,4
Blend · ½ trees + ½ MLP,17,iq,2,2008-12-23,52,0,9,False,9
Blend · ½ trees + ½ MLP,17,iq,2,2009-01-01,1,1,11,False,10
Blend · ½ trees + ½ MLP,17,iq,2,2009-01-08,2,10,8,False,2
Blend · ½ trees + ½ MLP,17,iq,2,2009-01-15,3,11,7,False,4
Blend · ½ trees + ½ MLP,17,iq,2,2009-01-22,4,29,9,True,20
Blend · ½ trees + ½ MLP,17,iq,2,2009-01-29,5,35,11,True,24
Blend · ½ trees + ½ MLP,17,iq,2,2009-02-05,6,30,10,True,20
Blend · ½ trees + ½ MLP,17,iq,2,2009-02-12,7,20,11,True,9
Blend · ½ trees + ½ MLP,17,iq,2,2009-02-19,8,21,13,True,8
Blend · ½ trees + ½ MLP,17,iq,2,2009-02-26,9,12,11,False,1
Blend · ½ trees + ½ MLP,17,iq,2,2009-03-05,10,9,11,False,2
Blend · ½ trees + ½ MLP,17,iq,2,2009-03-12,11,11,10,False,1
Blend · ½ trees + ½ MLP,17,iq,2,2009-03-19,12,9,9,False,0
Blend · ½ trees + ½ MLP,17,iq,2,2009-03-26,13,5,10,False,5
Blend · ½ trees + ½ MLP,17,iq,2,2009-04-02,14,11,11,False,0
Blend · ½ trees + ½ MLP,17,iq,2,2009-04-09,15,3,11,False,8
Blend · ½ trees + ½ MLP,17,iq,2,2009-04-16,16,5,10,False,5
Blend · ½ trees + ½ MLP,17,iq,2,2009-04-23,17,5,10,False,5
Blend · ½ trees + ½ MLP,17,iq,2,2009-04-30,18,4,9,False,5
Blend · ½ trees + ½ MLP,17,iq,2,2009-05-07,19,4,11,False,7
Blend · ½ trees + ½ MLP,17,iq,2,2009-05-14,20,1,10,False,9
Blend · ½ trees + ½ MLP,17,iq,2,2009-05-21,21,0,8,False,8
Blend · ½ trees + ½ MLP,17,iq,2,2009-05-28,22,2,8,False,6
Blend · ½ trees + ½ MLP,17,iq,2,2009-06-04,23,3,7,False,4
Blend · ½ trees + ½ MLP,17,iq,2,2009-06-11,24,3,6,False,3
Blend · ½ trees + ½ MLP,17,iq,2,2009-06-18,25,5,5,False,0
Blend · ½ trees + ½ MLP,17,iq,2,2009-06-25,26,2,3,False,1
Blend · ½ trees + ½ MLP,17,iq,3,2009-07-02,27,1,2,False,1
Blend · ½ trees + ½ MLP,17,iq,3,2009-07-09,28,2,2,False,0
Blend · ½ trees + ½ MLP,17,iq,3,2009-07-16,29,0,3,False,3
Blend · ½ trees + ½ MLP,17,iq,3,2009-07-23,30,0,3,False,3
Blend · ½ trees + ½ MLP,17,iq,3,2009-07-30,31,3,2,False,1
Blend · ½ trees + ½ MLP,17,iq,3,2009-08-06,32,5,2,False,3
Blend · ½ trees + ½ MLP,17,iq,3,2009-08-13,33,5,3,False,2
Blend · ½ trees + ½ MLP,17,iq,3,2009-08-20,34,7,3,False,4
Blend · ½ trees + ½ MLP,17,iq,3,2009-08-27,35,5,3,False,2
Blend · ½ trees + ½ MLP,17,iq,3,2009-09-03,36,2,4,False,2
Blend · ½ trees + ½ MLP,17,iq,3,2009-09-10,37,2,4,False,2
Blend · ½ trees + ½ MLP,17,iq,3,2009-09-17,38,2,7,False,5
Blend · ½ trees + ½ MLP,17,iq,3,2009-09-24,39,0,8,False,8
Blend · ½ trees + ½ MLP,17,iq,3,2009-10-01,40,2,10,False,8
Blend · ½ trees + ½ MLP,17,iq,3,2009-10-08,41,1,12,False,11
Blend · ½ trees + ½ MLP,17,iq,3,2009-10-15,42,1,11,False,10
Blend · ½ trees + ½ MLP,17,iq,3,2009-10-22,43,2,11,False,9
Blend · ½ trees + ½ MLP,17,iq,3,2009-10-29,44,2,11,False,9
Blend · ½ trees + ½ MLP,17,iq,3,2009-11-05,45,3,12,False,9
Blend · ½ trees + ½ MLP,17,iq,3,2009-11-12,46,9,10,False,1
Blend · ½ trees + ½ MLP,17,iq,3,2009-11-19,47,5,10,False,5
Blend · ½ trees + ½ MLP,17,iq,3,2009-11-26,48,5,7,False,2
Blend · ½ trees + ½ MLP,17,iq,3,2009-12-03,49,4,7,False,3
Blend · ½ trees + ½ MLP,17,iq,3,2009-12-10,50,4,8,False,4
Blend · ½ trees + ½ MLP,17,iq,3,2009-12-17,51,1,6,False,5
Blend · ½ trees + ½ MLP,17,iq,3,2009-12-24,52,0,5,False,5
Blend · ½ trees + ½ MLP,17,iq,3,2010-01-01,53,0,7,False,7
Blend · ½ trees + ½ MLP,17,iq,3,2010-01-08,1,10,9,False,1
Blend · ½ trees + ½ MLP,17,iq,3,2010-01-15,2,9,12,False,3
Blend · ½ trees + ½ MLP,17,iq,3,2010-01-22,3,17,12,False,5
Blend · ½ trees + ½ MLP,17,iq,3,2010-01-29,4,16,13,False,3
Blend · ½ trees + ½ MLP,17,iq,3,2010-02-05,5,11,6,False,5
Blend · ½ trees + ½ MLP,17,iq,3,2010-02-12,6,12,6,False,6
Blend · ½ trees + ½ MLP,17,iq,3,2010-02-19,7,19,7,False,12
Blend · ½ trees + ½ MLP,17,iq,3,2010-02-26,8,15,8,False,7
Blend · ½ trees + ½ MLP,17,iq,3,2010-03-05,9,12,7,False,5
Blend · ½ trees + ½ MLP,17,iq,3,2010-03-12,10,12,4,False,8
Blend · ½ trees + ½ MLP,17,iq,3,2010-03-19,11,16,4,False,12
Blend · ½ trees + ½ MLP,17,iq,3,2010-03-26,12,9,4,False,5
Blend · ½ trees + ½ MLP,17,iq,3,2010-04-02,13,4,4,False,0
Blend · ½ trees + ½ MLP,17,iq,3,2010-04-09,14,9,4,False,5
Blend · ½ trees + ½ MLP,17,iq,3,2010-04-16,15,6,4,False,2
Blend · ½ trees + ½ MLP,17,iq,3,2010-04-23,16,8,3,False,5
Blend · ½ trees + ½ MLP,17,iq,3,2010-04-30,17,4,4,False,0
Blend · ½ trees + ½ MLP,17,iq,3,2010-05-07,18,2,3,False,1
Blend · ½ trees + ½ MLP,17,iq,3,2010-05-14,19,7,4,False,3
Blend · ½ trees + ½ MLP,17,iq,3,2010-05-21,20,6,5,False,1
Blend · ½ trees + ½ MLP,17,iq,3,2010-05-28,21,5,6,False,1
Blend · ½ trees + ½ MLP,17,iq,3,2010-06-04,22,8,5,False,3
Blend · ½ trees + ½ MLP,17,iq,3,2010-06-11,23,1,6,False,5
Blend · ½ trees + ½ MLP,17,iq,3,2010-06-18,24,1,4,False,3
Blend · ½ trees + ½ MLP,17,iq,3,2010-06-25,25,4,5,False,1
Blend · ½ trees + ½ MLP,42,iq,1,2007-07-02,27,3,2,False,1
Blend · ½ trees + ½ MLP,42,iq,1,2007-07-09,28,4,2,False,2
Blend · ½ trees + ½ MLP,42,iq,1,2007-07-16,29,1,2,False,1
Blend · ½ trees + ½ MLP,42,iq,1,2007-07-23,30,8,2,False,6
Blend · ½ trees + ½ MLP,42,iq,1,2007-07-30,31,5,2,False,3
Blend · ½ trees + ½ MLP,42,iq,1,2007-08-06,32,3,2,False,1
Blend · ½ trees + ½ MLP,42,iq,1,2007-08-13,33,2,1,False,1
Blend · ½ trees + ½ MLP,42,iq,1,2007-08-20,34,7,1,False,6
Blend · ½ trees + ½ MLP,42,iq,1,2007-08-27,35,1,0,False,1
Blend · ½ trees + ½ MLP,42,iq,1,2007-09-03,36,6,1,False,5
Blend · ½ trees + ½ MLP,42,iq,1,2007-09-10,37,7,1,False,6
Blend · ½ trees + ½ MLP,42,iq,1,2007-09-17,38,5,2,False,3
Blend · ½ trees + ½ MLP,42,iq,1,2007-09-24,39,2,3,False,1
Blend · ½ trees + ½ MLP,42,iq,1,2007-10-01,40,6,5,False,1
Blend · ½ trees + ½ MLP,42,iq,1,2007-10-08,41,11,6,False,5
Blend · ½ trees + ½ MLP,42,iq,1,2007-10-15,42,6,7,False,1
Blend · ½ trees + ½ MLP,42,iq,1,2007-10-22,43,3,6,False,3
Blend · ½ trees + ½ MLP,42,iq,1,2007-10-29,44,11,6,False,5
Blend · ½ trees + ½ MLP,42,iq,1,2007-11-05,45,11,8,False,3
Blend · ½ trees + ½ MLP,42,iq,1,2007-11-12,46,5,11,False,6
Blend · ½ trees + ½ MLP,42,iq,1,2007-11-19,47,4,10,False,6
Blend · ½ trees + ½ MLP,42,iq,1,2007-11-26,48,9,9,False,0
Blend · ½ trees + ½ MLP,42,iq,1,2007-12-03,49,23,10,True,13
Blend · ½ trees + ½ MLP,42,iq,1,2007-12-10,50,28,9,True,19
Blend · ½ trees + ½ MLP,42,iq,1,2007-12-17,51,26,11,True,15
Blend · ½ trees + ½ MLP,42,iq,1,2007-12-24,52,7,11,False,4
Blend · ½ trees + ½ MLP,42,iq,1,2008-01-01,1,29,9,True,20
Blend · ½ trees + ½ MLP,42,iq,1,2008-01-08,2,58,9,True,49
Blend · ½ trees + ½ MLP,42,iq,1,2008-01-15,3,26,10,True,16
Blend · ½ trees + ½ MLP,42,iq,1,2008-01-22,4,38,9,True,29
Blend · ½ trees + ½ MLP,42,iq,1,2008-01-29,5,35,10,True,25
Blend · ½ trees + ½ MLP,42,iq,1,2008-02-05,6,37,8,True,29
Blend · ½ trees + ½ MLP,42,iq,1,2008-02-12,7,20,8,True,12
Blend · ½ trees + ½ MLP,42,iq,1,2008-02-19,8,29,8,True,21
Blend · ½ trees + ½ MLP,42,iq,1,2008-02-26,9,25,8,True,17
Blend · ½ trees + ½ MLP,42,iq,1,2008-03-04,10,23,7,True,16
Blend · ½ trees + ½ MLP,42,iq,1,2008-03-11,11,9,8,False,1
Blend · ½ trees + ½ MLP,42,iq,1,2008-03-18,12,3,6,False,3
Blend · ½ trees + ½ MLP,42,iq,1,2008-03-25,13,6,8,False,2
Blend · ½ trees + ½ MLP,42,iq,1,2008-04-01,14,6,7,False,1
Blend · ½ trees + ½ MLP,42,iq,1,2008-04-08,15,3,7,False,4
Blend · ½ trees + ½ MLP,42,iq,1,2008-04-15,16,1,6,False,5
Blend · ½ trees + ½ MLP,42,iq,1,2008-04-22,17,3,8,False,5
Blend · ½ trees + ½ MLP,42,iq,1,2008-04-29,18,1,7,False,6
Blend · ½ trees + ½ MLP,42,iq,1,2008-05-06,19,1,8,False,7
Blend · ½ trees + ½ MLP,42,iq,1,2008-05-13,20,0,6,False,6
Blend · ½ trees + ½ MLP,42,iq,1,2008-05-20,21,2,4,False,2
Blend · ½ trees + ½ MLP,42,iq,1,2008-05-27,22,1,4,False,3
Blend · ½ trees + ½ MLP,42,iq,1,2008-06-03,23,1,3,False,2
Blend · ½ trees + ½ MLP,42,iq,1,2008-06-10,24,0,3,False,3
Blend · ½ trees + ½ MLP,42,iq,1,2008-06-17,25,0,3,False,3
Blend · ½ trees + ½ MLP,42,iq,1,2008-06-24,26,1,3,False,2
Blend · ½ trees + ½ MLP,42,iq,2,2008-07-01,27,0,1,False,1
Blend · ½ trees + ½ MLP,42,iq,2,2008-07-08,28,3,1,False,2
Blend · ½ trees + ½ MLP,42,iq,2,2008-07-15,29,3,1,False,2
Blend · ½ trees + ½ MLP,42,iq,2,2008-07-22,30,1,2,False,1
Blend · ½ trees + ½ MLP,42,iq,2,2008-07-29,31,5,2,False,3
Blend · ½ trees + ½ MLP,42,iq,2,2008-08-05,32,2,2,False,0
Blend · ½ trees + ½ MLP,42,iq,2,2008-08-12,33,5,2,False,3
Blend · ½ trees + ½ MLP,42,iq,2,2008-08-19,34,5,2,False,3
Blend · ½ trees + ½ MLP,42,iq,2,2008-08-26,35,5,2,False,3
Blend · ½ trees + ½ MLP,42,iq,2,2008-09-02,36,9,3,False,6
Blend · ½ trees + ½ MLP,42,iq,2,2008-09-09,37,17,2,False,15
Blend · ½ trees + ½ MLP,42,iq,2,2008-09-16,38,19,4,True,15
Blend · ½ trees + ½ MLP,42,iq,2,2008-09-23,39,25,5,True,20
Blend · ½ trees + ½ MLP,42,iq,2,2008-09-30,40,45,7,True,38
Blend · ½ trees + ½ MLP,42,iq,2,2008-10-07,41,34,5,True,29
Blend · ½ trees + ½ MLP,42,iq,2,2008-10-14,42,63,6,True,57
Blend · ½ trees + ½ MLP,42,iq,2,2008-10-21,43,44,7,True,37
Blend · ½ trees + ½ MLP,42,iq,2,2008-10-28,44,50,6,True,44
Blend · ½ trees + ½ MLP,42,iq,2,2008-11-04,45,35,8,True,27
Blend · ½ trees + ½ MLP,42,iq,2,2008-11-11,46,16,9,False,7
Blend · ½ trees + ½ MLP,42,iq,2,2008-11-18,47,16,8,False,8
Blend · ½ trees + ½ MLP,42,iq,2,2008-11-25,48,13,7,False,6
Blend · ½ trees + ½ MLP,42,iq,2,2008-12-02,49,9,6,False,3
Blend · ½ trees + ½ MLP,42,iq,2,2008-12-09,50,15,6,False,9
Blend · ½ trees + ½ MLP,42,iq,2,2008-12-16,51,4,8,False,4
Blend · ½ trees + ½ MLP,42,iq,2,2008-12-23,52,0,10,False,10
Blend · ½ trees + ½ MLP,42,iq,2,2009-01-01,1,1,11,False,10
Blend · ½ trees + ½ MLP,42,iq,2,2009-01-08,2,10,9,False,1
Blend · ½ trees + ½ MLP,42,iq,2,2009-01-15,3,11,8,False,3
Blend · ½ trees + ½ MLP,42,iq,2,2009-01-22,4,29,9,True,20
Blend · ½ trees + ½ MLP,42,iq,2,2009-01-29,5,35,12,True,23
Blend · ½ trees + ½ MLP,42,iq,2,2009-02-05,6,30,11,True,19
Blend · ½ trees + ½ MLP,42,iq,2,2009-02-12,7,20,11,True,9
Blend · ½ trees + ½ MLP,42,iq,2,2009-02-19,8,21,13,True,8
Blend · ½ trees + ½ MLP,42,iq,2,2009-02-26,9,12,11,False,1
Blend · ½ trees + ½ MLP,42,iq,2,2009-03-05,10,9,12,False,3
Blend · ½ trees + ½ MLP,42,iq,2,2009-03-12,11,11,9,False,2
Blend · ½ trees + ½ MLP,42,iq,2,2009-03-19,12,9,9,False,0
Blend · ½ trees + ½ MLP,42,iq,2,2009-03-26,13,5,10,False,5
Blend · ½ trees + ½ MLP,42,iq,2,2009-04-02,14,11,11,False,0
Blend · ½ trees + ½ MLP,42,iq,2,2009-04-09,15,3,11,False,8
Blend · ½ trees + ½ MLP,42,iq,2,2009-04-16,16,5,10,False,5
Blend · ½ trees + ½ MLP,42,iq,2,2009-04-23,17,5,10,False,5
Blend · ½ trees + ½ MLP,42,iq,2,2009-04-30,18,4,8,False,4
Blend · ½ trees + ½ MLP,42,iq,2,2009-05-07,19,4,11,False,7
Blend · ½ trees + ½ MLP,42,iq,2,2009-05-14,20,1,10,False,9
Blend · ½ trees + ½ MLP,42,iq,2,2009-05-21,21,0,8,False,8
Blend · ½ trees + ½ MLP,42,iq,2,2009-05-28,22,2,8,False,6
Blend · ½ trees + ½ MLP,42,iq,2,2009-06-04,23,3,7,False,4
Blend · ½ trees + ½ MLP,42,iq,2,2009-06-11,24,3,5,False,2
Blend · ½ trees + ½ MLP,42,iq,2,2009-06-18,25,5,5,False,0
Blend · ½ trees + ½ MLP,42,iq,2,2009-06-25,26,2,4,False,2
Blend · ½ trees + ½ MLP,42,iq,3,2009-07-02,27,1,3,False,2
Blend · ½ trees + ½ MLP,42,iq,3,2009-07-09,28,2,3,False,1
Blend · ½ trees + ½ MLP,42,iq,3,2009-07-16,29,0,3,False,3
Blend · ½ trees + ½ MLP,42,iq,3,2009-07-23,30,0,3,False,3
Blend · ½ trees + ½ MLP,42,iq,3,2009-07-30,31,3,2,False,1
Blend · ½ trees + ½ MLP,42,iq,3,2009-08-06,32,5,2,False,3
Blend · ½ trees + ½ MLP,42,iq,3,2009-08-13,33,5,3,False,2
Blend · ½ trees + ½ MLP,42,iq,3,2009-08-20,34,7,3,False,4
Blend · ½ trees + ½ MLP,42,iq,3,2009-08-27,35,5,3,False,2
Blend · ½ trees + ½ MLP,42,iq,3,2009-09-03,36,2,4,False,2
Blend · ½ trees + ½ MLP,42,iq,3,2009-09-10,37,2,4,False,2
Blend · ½ trees + ½ MLP,42,iq,3,2009-09-17,38,2,7,False,5
Blend · ½ trees + ½ MLP,42,iq,3,2009-09-24,39,0,7,False,7
Blend · ½ trees + ½ MLP,42,iq,3,2009-10-01,40,2,10,False,8
Blend · ½ trees + ½ MLP,42,iq,3,2009-10-08,41,1,12,False,11
Blend · ½ trees + ½ MLP,42,iq,3,2009-10-15,42,1,12,False,11
Blend · ½ trees + ½ MLP,42,iq,3,2009-10-22,43,2,11,False,9
Blend · ½ trees + ½ MLP,42,iq,3,2009-10-29,44,2,11,False,9
Blend · ½ trees + ½ MLP,42,iq,3,2009-11-05,45,3,11,False,8
Blend · ½ trees + ½ MLP,42,iq,3,2009-11-12,46,9,9,False,0
Blend · ½ trees + ½ MLP,42,iq,3,2009-11-19,47,5,9,False,4
Blend · ½ trees + ½ MLP,42,iq,3,2009-11-26,48,5,6,False,1
Blend · ½ trees + ½ MLP,42,iq,3,2009-12-03,49,4,6,False,2
Blend · ½ trees + ½ MLP,42,iq,3,2009-12-10,50,4,7,False,3
Blend · ½ trees + ½ MLP,42,iq,3,2009-12-17,51,1,5,False,4
Blend · ½ trees + ½ MLP,42,iq,3,2009-12-24,52,0,5,False,5
Blend · ½ trees + ½ MLP,42,iq,3,2010-01-01,53,0,7,False,7
Blend · ½ trees + ½ MLP,42,iq,3,2010-01-08,1,10,8,False,2
Blend · ½ trees + ½ MLP,42,iq,3,2010-01-15,2,9,10,False,1
Blend · ½ trees + ½ MLP,42,iq,3,2010-01-22,3,17,11,False,6
Blend · ½ trees + ½ MLP,42,iq,3,2010-01-29,4,16,13,False,3
Blend · ½ trees + ½ MLP,42,iq,3,2010-02-05,5,11,6,False,5
Blend · ½ trees + ½ MLP,42,iq,3,2010-02-12,6,12,6,False,6
Blend · ½ trees + ½ MLP,42,iq,3,2010-02-19,7,19,7,False,12
Blend · ½ trees + ½ MLP,42,iq,3,2010-02-26,8,15,7,False,8
Blend · ½ trees + ½ MLP,42,iq,3,2010-03-05,9,12,6,False,6
Blend · ½ trees + ½ MLP,42,iq,3,2010-03-12,10,12,4,False,8
Blend · ½ trees + ½ MLP,42,iq,3,2010-03-19,11,16,4,False,12
Blend · ½ trees + ½ MLP,42,iq,3,2010-03-26,12,9,4,False,5
Blend · ½ trees + ½ MLP,42,iq,3,2010-04-02,13,4,4,False,0
Blend · ½ trees + ½ MLP,42,iq,3,2010-04-09,14,9,3,False,6
Blend · ½ trees + ½ MLP,42,iq,3,2010-04-16,15,6,4,False,2
Blend · ½ trees + ½ MLP,42,iq,3,2010-04-23,16,8,3,False,5
Blend · ½ trees + ½ MLP,42,iq,3,2010-04-30,17,4,3,False,1
Blend · ½ trees + ½ MLP,42,iq,3,2010-05-07,18,2,3,False,1
Blend · ½ trees + ½ MLP,42,iq,3,2010-05-14,19,7,3,False,4
Blend · ½ trees + ½ MLP,42,iq,3,2010-05-21,20,6,4,False,2
Blend · ½ trees + ½ MLP,42,iq,3,2010-05-28,21,5,4,False,1
Blend · ½ trees + ½ MLP,42,iq,3,2010-06-04,22,8,5,False,3
Blend · ½ trees + ½ MLP,42,iq,3,2010-06-11,23,1,5,False,4
Blend · ½ trees + ½ MLP,42,iq,3,2010-06-18,24,1,4,False,3
Blend · ½ trees + ½ MLP,42,iq,3,2010-06-25,25,4,5,False,1
Blend · ½ trees + ½ MLP,73,iq,1,2007-07-02,27,3,2,False,1
Blend · ½ trees + ½ MLP,73,iq,1,2007-07-09,28,4,1,False,3
Blend · ½ trees + ½ MLP,73,iq,1,2007-07-16,29,1,2,False,1
Blend · ½ trees + ½ MLP,73,iq,1,2007-07-23,30,8,2,False,6
Blend · ½ trees + ½ MLP,73,iq,1,2007-07-30,31,5,2,False,3
Blend · ½ trees + ½ MLP,73,iq,1,2007-08-06,32,3,2,False,1
Blend · ½ trees + ½ MLP,73,iq,1,2007-08-13,33,2,1,False,1
Blend · ½ trees + ½ MLP,73,iq,1,2007-08-20,34,7,1,False,6
Blend · ½ trees + ½ MLP,73,iq,1,2007-08-27,35,1,0,False,1
Blend · ½ trees + ½ MLP,73,iq,1,2007-09-03,36,6,1,False,5
Blend · ½ trees + ½ MLP,73,iq,1,2007-09-10,37,7,1,False,6
Blend · ½ trees + ½ MLP,73,iq,1,2007-09-17,38,5,3,False,2
Blend · ½ trees + ½ MLP,73,iq,1,2007-09-24,39,2,4,False,2
Blend · ½ trees + ½ MLP,73,iq,1,2007-10-01,40,6,6,False,0
Blend · ½ trees + ½ MLP,73,iq,1,2007-10-08,41,11,8,False,3
Blend · ½ trees + ½ MLP,73,iq,1,2007-10-15,42,6,8,False,2
Blend · ½ trees + ½ MLP,73,iq,1,2007-10-22,43,3,8,False,5
Blend · ½ trees + ½ MLP,73,iq,1,2007-10-29,44,11,8,False,3
Blend · ½ trees + ½ MLP,73,iq,1,2007-11-05,45,11,10,False,1
Blend · ½ trees + ½ MLP,73,iq,1,2007-11-12,46,5,12,False,7
Blend · ½ trees + ½ MLP,73,iq,1,2007-11-19,47,4,12,False,8
Blend · ½ trees + ½ MLP,73,iq,1,2007-11-26,48,9,10,False,1
Blend · ½ trees + ½ MLP,73,iq,1,2007-12-03,49,23,11,True,12
Blend · ½ trees + ½ MLP,73,iq,1,2007-12-10,50,28,9,True,19
Blend · ½ trees + ½ MLP,73,iq,1,2007-12-17,51,26,11,True,15
Blend · ½ trees + ½ MLP,73,iq,1,2007-12-24,52,7,11,False,4
Blend · ½ trees + ½ MLP,73,iq,1,2008-01-01,1,29,9,True,20
Blend · ½ trees + ½ MLP,73,iq,1,2008-01-08,2,58,9,True,49
Blend · ½ trees + ½ MLP,73,iq,1,2008-01-15,3,26,11,True,15
Blend · ½ trees + ½ MLP,73,iq,1,2008-01-22,4,38,10,True,28
Blend · ½ trees + ½ MLP,73,iq,1,2008-01-29,5,35,11,True,24
Blend · ½ trees + ½ MLP,73,iq,1,2008-02-05,6,37,9,True,28
Blend · ½ trees + ½ MLP,73,iq,1,2008-02-12,7,20,9,True,11
Blend · ½ trees + ½ MLP,73,iq,1,2008-02-19,8,29,10,True,19
Blend · ½ trees + ½ MLP,73,iq,1,2008-02-26,9,25,9,True,16
Blend · ½ trees + ½ MLP,73,iq,1,2008-03-04,10,23,9,True,14
Blend · ½ trees + ½ MLP,73,iq,1,2008-03-11,11,9,9,False,0
Blend · ½ trees + ½ MLP,73,iq,1,2008-03-18,12,3,7,False,4
Blend · ½ trees + ½ MLP,73,iq,1,2008-03-25,13,6,9,False,3
Blend · ½ trees + ½ MLP,73,iq,1,2008-04-01,14,6,8,False,2
Blend · ½ trees + ½ MLP,73,iq,1,2008-04-08,15,3,8,False,5
Blend · ½ trees + ½ MLP,73,iq,1,2008-04-15,16,1,7,False,6
Blend · ½ trees + ½ MLP,73,iq,1,2008-04-22,17,3,9,False,6
Blend · ½ trees + ½ MLP,73,iq,1,2008-04-29,18,1,9,False,8
Blend · ½ trees + ½ MLP,73,iq,1,2008-05-06,19,1,9,False,8
Blend · ½ trees + ½ MLP,73,iq,1,2008-05-13,20,0,7,False,7
Blend · ½ trees + ½ MLP,73,iq,1,2008-05-20,21,2,5,False,3
Blend · ½ trees + ½ MLP,73,iq,1,2008-05-27,22,1,5,False,4
Blend · ½ trees + ½ MLP,73,iq,1,2008-06-03,23,1,4,False,3
Blend · ½ trees + ½ MLP,73,iq,1,2008-06-10,24,0,4,False,4
Blend · ½ trees + ½ MLP,73,iq,1,2008-06-17,25,0,3,False,3
Blend · ½ trees + ½ MLP,73,iq,1,2008-06-24,26,1,3,False,2
Blend · ½ trees + ½ MLP,73,iq,2,2008-07-01,27,0,1,False,1
Blend · ½ trees + ½ MLP,73,iq,2,2008-07-08,28,3,1,False,2
Blend · ½ trees + ½ MLP,73,iq,2,2008-07-15,29,3,1,False,2
Blend · ½ trees + ½ MLP,73,iq,2,2008-07-22,30,1,1,False,0
Blend · ½ trees + ½ MLP,73,iq,2,2008-07-29,31,5,2,False,3
Blend · ½ trees + ½ MLP,73,iq,2,2008-08-05,32,2,2,False,0
Blend · ½ trees + ½ MLP,73,iq,2,2008-08-12,33,5,2,False,3
Blend · ½ trees + ½ MLP,73,iq,2,2008-08-19,34,5,2,False,3
Blend · ½ trees + ½ MLP,73,iq,2,2008-08-26,35,5,2,False,3
Blend · ½ trees + ½ MLP,73,iq,2,2008-09-02,36,9,2,False,7
Blend · ½ trees + ½ MLP,73,iq,2,2008-09-09,37,17,2,False,15
Blend · ½ trees + ½ MLP,73,iq,2,2008-09-16,38,19,4,True,15
Blend · ½ trees + ½ MLP,73,iq,2,2008-09-23,39,25,5,True,20
Blend · ½ trees + ½ MLP,73,iq,2,2008-09-30,40,45,6,True,39
Blend · ½ trees + ½ MLP,73,iq,2,2008-10-07,41,34,6,True,28
Blend · ½ trees + ½ MLP,73,iq,2,2008-10-14,42,63,7,True,56
Blend · ½ trees + ½ MLP,73,iq,2,2008-10-21,43,44,9,True,35
Blend · ½ trees + ½ MLP,73,iq,2,2008-10-28,44,50,8,True,42
Blend · ½ trees + ½ MLP,73,iq,2,2008-11-04,45,35,9,True,26
Blend · ½ trees + ½ MLP,73,iq,2,2008-11-11,46,16,10,False,6
Blend · ½ trees + ½ MLP,73,iq,2,2008-11-18,47,16,8,False,8
Blend · ½ trees + ½ MLP,73,iq,2,2008-11-25,48,13,8,False,5
Blend · ½ trees + ½ MLP,73,iq,2,2008-12-02,49,9,7,False,2
Blend · ½ trees + ½ MLP,73,iq,2,2008-12-09,50,15,7,False,8
Blend · ½ trees + ½ MLP,73,iq,2,2008-12-16,51,4,8,False,4
Blend · ½ trees + ½ MLP,73,iq,2,2008-12-23,52,0,9,False,9
Blend · ½ trees + ½ MLP,73,iq,2,2009-01-01,1,1,11,False,10
Blend · ½ trees + ½ MLP,73,iq,2,2009-01-08,2,10,8,False,2
Blend · ½ trees + ½ MLP,73,iq,2,2009-01-15,3,11,8,False,3
Blend · ½ trees + ½ MLP,73,iq,2,2009-01-22,4,29,9,True,20
Blend · ½ trees + ½ MLP,73,iq,2,2009-01-29,5,35,12,True,23
Blend · ½ trees + ½ MLP,73,iq,2,2009-02-05,6,30,11,True,19
Blend · ½ trees + ½ MLP,73,iq,2,2009-02-12,7,20,11,True,9
Blend · ½ trees + ½ MLP,73,iq,2,2009-02-19,8,21,12,True,9
Blend · ½ trees + ½ MLP,73,iq,2,2009-02-26,9,12,11,False,1
Blend · ½ trees + ½ MLP,73,iq,2,2009-03-05,10,9,12,False,3
Blend · ½ trees + ½ MLP,73,iq,2,2009-03-12,11,11,10,False,1
Blend · ½ trees + ½ MLP,73,iq,2,2009-03-19,12,9,9,False,0
Blend · ½ trees + ½ MLP,73,iq,2,2009-03-26,13,5,11,False,6
Blend · ½ trees + ½ MLP,73,iq,2,2009-04-02,14,11,11,False,0
Blend · ½ trees + ½ MLP,73,iq,2,2009-04-09,15,3,11,False,8
Blend · ½ trees + ½ MLP,73,iq,2,2009-04-16,16,5,10,False,5
Blend · ½ trees + ½ MLP,73,iq,2,2009-04-23,17,5,11,False,6
Blend · ½ trees + ½ MLP,73,iq,2,2009-04-30,18,4,9,False,5
Blend · ½ trees + ½ MLP,73,iq,2,2009-05-07,19,4,12,False,8
Blend · ½ trees + ½ MLP,73,iq,2,2009-05-14,20,1,11,False,10
Blend · ½ trees + ½ MLP,73,iq,2,2009-05-21,21,0,9,False,9
Blend · ½ trees + ½ MLP,73,iq,2,2009-05-28,22,2,9,False,7
Blend · ½ trees + ½ MLP,73,iq,2,2009-06-04,23,3,7,False,4
Blend · ½ trees + ½ MLP,73,iq,2,2009-06-11,24,3,7,False,4
Blend · ½ trees + ½ MLP,73,iq,2,2009-06-18,25,5,6,False,1
Blend · ½ trees + ½ MLP,73,iq,2,2009-06-25,26,2,5,False,3
Blend · ½ trees + ½ MLP,73,iq,3,2009-07-02,27,1,2,False,1
Blend · ½ trees + ½ MLP,73,iq,3,2009-07-09,28,2,2,False,0
Blend · ½ trees + ½ MLP,73,iq,3,2009-07-16,29,0,2,False,2
Blend · ½ trees + ½ MLP,73,iq,3,2009-07-23,30,0,2,False,2
Blend · ½ trees + ½ MLP,73,iq,3,2009-07-30,31,3,2,False,1
Blend · ½ trees + ½ MLP,73,iq,3,2009-08-06,32,5,2,False,3
Blend · ½ trees + ½ MLP,73,iq,3,2009-08-13,33,5,2,False,3
Blend · ½ trees + ½ MLP,73,iq,3,2009-08-20,34,7,2,False,5
Blend · ½ trees + ½ MLP,73,iq,3,2009-08-27,35,5,2,False,3
Blend · ½ trees + ½ MLP,73,iq,3,2009-09-03,36,2,3,False,1
Blend · ½ trees + ½ MLP,73,iq,3,2009-09-10,37,2,3,False,1
Blend · ½ trees + ½ MLP,73,iq,3,2009-09-17,38,2,5,False,3
Blend · ½ trees + ½ MLP,73,iq,3,2009-09-24,39,0,7,False,7
Blend · ½ trees + ½ MLP,73,iq,3,2009-10-01,40,2,8,False,6
Blend · ½ trees + ½ MLP,73,iq,3,2009-10-08,41,1,9,False,8
Blend · ½ trees + ½ MLP,73,iq,3,2009-10-15,42,1,8,False,7
Blend · ½ trees + ½ MLP,73,iq,3,2009-10-22,43,2,8,False,6
Blend · ½ trees + ½ MLP,73,iq,3,2009-10-29,44,2,8,False,6
Blend · ½ trees + ½ MLP,73,iq,3,2009-11-05,45,3,9,False,6
Blend · ½ trees + ½ MLP,73,iq,3,2009-11-12,46,9,7,False,2
Blend · ½ trees + ½ MLP,73,iq,3,2009-11-19,47,5,7,False,2
Blend · ½ trees + ½ MLP,73,iq,3,2009-11-26,48,5,6,False,1
Blend · ½ trees + ½ MLP,73,iq,3,2009-12-03,49,4,6,False,2
Blend · ½ trees + ½ MLP,73,iq,3,2009-12-10,50,4,6,False,2
Blend · ½ trees + ½ MLP,73,iq,3,2009-12-17,51,1,5,False,4
Blend · ½ trees + ½ MLP,73,iq,3,2009-12-24,52,0,4,False,4
Blend · ½ trees + ½ MLP,73,iq,3,2010-01-01,53,0,6,False,6
Blend · ½ trees + ½ MLP,73,iq,3,2010-01-08,1,10,9,False,1
Blend · ½ trees + ½ MLP,73,iq,3,2010-01-15,2,9,10,False,1
Blend · ½ trees + ½ MLP,73,iq,3,2010-01-22,3,17,10,False,7
Blend · ½ trees + ½ MLP,73,iq,3,2010-01-29,4,16,11,False,5
Blend · ½ trees + ½ MLP,73,iq,3,2010-02-05,5,11,6,False,5
Blend · ½ trees + ½ MLP,73,iq,3,2010-02-12,6,12,6,False,6
Blend · ½ trees + ½ MLP,73,iq,3,2010-02-19,7,19,7,False,12
Blend · ½ trees + ½ MLP,73,iq,3,2010-02-26,8,15,8,False,7
Blend · ½ trees + ½ MLP,73,iq,3,2010-03-05,9,12,6,False,6
Blend · ½ trees + ½ MLP,73,iq,3,2010-03-12,10,12,4,False,8
Blend · ½ trees + ½ MLP,73,iq,3,2010-03-19,11,16,4,False,12
Blend · ½ trees + ½ MLP,73,iq,3,2010-03-26,12,9,4,False,5
Blend · ½ trees + ½ MLP,73,iq,3,2010-04-02,13,4,4,False,0
Blend · ½ trees + ½ MLP,73,iq,3,2010-04-09,14,9,4,False,5
Blend · ½ trees + ½ MLP,73,iq,3,2010-04-16,15,6,4,False,2
Blend · ½ trees + ½ MLP,73,iq,3,2010-04-23,16,8,3,False,5
Blend · ½ trees + ½ MLP,73,iq,3,2010-04-30,17,4,3,False,1
Blend · ½ trees + ½ MLP,73,iq,3,2010-05-07,18,2,4,False,2
Blend · ½ trees + ½ MLP,73,iq,3,2010-05-14,19,7,3,False,4
Blend · ½ trees + ½ MLP,73,iq,3,2010-05-21,20,6,5,False,1
Blend · ½ trees + ½ MLP,73,iq,3,2010-05-28,21,5,5,False,0
Blend · ½ trees + ½ MLP,73,iq,3,2010-06-04,22,8,4,False,4
Blend · ½ trees + ½ MLP,73,iq,3,2010-06-11,23,1,5,False,4
Blend · ½ trees + ½ MLP,73,iq,3,2010-06-18,24,1,3,False,2
Blend · ½ trees + ½ MLP,73,iq,3,2010-06-25,25,4,4,False,0
