city,fold,candidate,row,target,raw,prediction
sj,1,control,0,3.0,11.414307594299316,11
sj,1,control,1,2.0,11.576622009277344,11
sj,1,control,2,0.0,11.342423439025879,11
sj,1,control,3,0.0,12.366708755493164,12
sj,1,control,4,2.0,12.204366683959961,12
sj,1,control,5,2.0,6.58640193939209,6
sj,1,control,6,0.0,9.415367126464844,9
sj,1,control,7,6.0,4.98988151550293,4
sj,1,control,8,3.0,10.138223648071289,10
sj,1,control,9,6.0,7.56556510925293,7
sj,1,control,10,2.0,10.18131160736084,10
sj,1,control,11,3.0,10.004768371582031,10
sj,1,control,12,2.0,11.19677734375,11
sj,1,control,13,4.0,-5.285065650939941,0
sj,1,control,14,5.0,3.7645387649536133,3
sj,1,control,15,2.0,14.23868179321289,14
sj,1,control,16,9.0,12.592288970947266,12
sj,1,control,17,2.0,15.46423053741455,15
sj,1,control,18,4.0,15.898865699768066,15
sj,1,control,19,8.0,34.96907424926758,34
sj,1,control,20,6.0,21.94424819946289,21
sj,1,control,21,3.0,44.99308395385742,44
sj,1,control,22,11.0,75.77700805664062,75
sj,1,control,23,14.0,87.0240249633789,87
sj,1,control,24,15.0,62.731021881103516,62
sj,1,control,25,20.0,49.42535400390625,49
sj,1,control,26,9.0,106.93073272705078,106
sj,1,control,27,20.0,72.60395050048828,72
sj,1,control,28,28.0,70.45085906982422,70
sj,1,control,29,38.0,76.19182586669922,76
sj,1,control,30,30.0,84.32429504394531,84
sj,1,control,31,30.0,91.73068237304688,91
sj,1,control,32,23.0,76.75228881835938,76
sj,1,control,33,16.0,76.25569915771484,76
sj,1,control,34,22.0,125.56363677978516,125
sj,1,control,35,28.0,106.18462371826172,106
sj,1,control,36,14.0,89.90036010742188,89
sj,1,control,37,17.0,94.09528350830078,94
sj,1,control,38,20.0,102.45519256591797,102
sj,1,control,39,17.0,82.65911865234375,82
sj,1,control,40,10.0,40.94682312011719,40
sj,1,control,41,13.0,57.17900848388672,57
sj,1,control,42,20.0,85.899169921875,85
sj,1,control,43,9.0,102.77486419677734,102
sj,1,control,44,18.0,54.72591018676758,54
sj,1,control,45,9.0,34.71889114379883,34
sj,1,control,46,8.0,67.2662582397461,67
sj,1,control,47,19.0,78.2872085571289,78
sj,1,control,48,11.0,36.71208953857422,36
sj,1,control,49,4.0,30.637191772460938,30
sj,1,control,50,6.0,37.7247428894043,37
sj,1,control,51,6.0,35.61521911621094,35
sj,1,improved_mean,0,3.0,10.123247146606445,10
sj,1,improved_mean,1,2.0,11.266646385192871,11
sj,1,improved_mean,2,0.0,11.15355396270752,11
sj,1,improved_mean,3,0.0,12.116608619689941,12
sj,1,improved_mean,4,2.0,11.514513969421387,11
sj,1,improved_mean,5,2.0,8.943316459655762,8
sj,1,improved_mean,6,0.0,9.275485038757324,9
sj,1,improved_mean,7,6.0,6.765523910522461,6
sj,1,improved_mean,8,3.0,11.670821189880371,11
sj,1,improved_mean,9,6.0,10.428098678588867,10
sj,1,improved_mean,10,2.0,11.822772026062012,11
sj,1,improved_mean,11,3.0,10.714741706848145,10
sj,1,improved_mean,12,2.0,11.49509334564209,11
sj,1,improved_mean,13,4.0,4.482985019683838,4
sj,1,improved_mean,14,5.0,7.456502437591553,7
sj,1,improved_mean,15,2.0,14.306533813476562,14
sj,1,improved_mean,16,9.0,13.877930641174316,13
sj,1,improved_mean,17,2.0,15.145038604736328,15
sj,1,improved_mean,18,4.0,14.985749244689941,14
sj,1,improved_mean,19,8.0,34.12739181518555,34
sj,1,improved_mean,20,6.0,25.932043075561523,25
sj,1,improved_mean,21,3.0,37.262874603271484,37
sj,1,improved_mean,22,11.0,71.85953521728516,71
sj,1,improved_mean,23,14.0,80.4404067993164,80
sj,1,improved_mean,24,15.0,53.253170013427734,53
sj,1,improved_mean,25,20.0,48.83784103393555,48
sj,1,improved_mean,26,9.0,89.4063949584961,89
sj,1,improved_mean,27,20.0,65.70569610595703,65
sj,1,improved_mean,28,28.0,68.71028900146484,68
sj,1,improved_mean,29,38.0,68.57157135009766,68
sj,1,improved_mean,30,30.0,83.07891082763672,83
sj,1,improved_mean,31,30.0,102.3666763305664,102
sj,1,improved_mean,32,23.0,77.5810775756836,77
sj,1,improved_mean,33,16.0,74.16812896728516,74
sj,1,improved_mean,34,22.0,118.40679931640625,118
sj,1,improved_mean,35,28.0,94.89217376708984,94
sj,1,improved_mean,36,14.0,97.38742065429688,97
sj,1,improved_mean,37,17.0,87.5442886352539,87
sj,1,improved_mean,38,20.0,104.94428253173828,104
sj,1,improved_mean,39,17.0,80.6631851196289,80
sj,1,improved_mean,40,10.0,32.95283889770508,32
sj,1,improved_mean,41,13.0,63.36699295043945,63
sj,1,improved_mean,42,20.0,73.08528900146484,73
sj,1,improved_mean,43,9.0,94.6179428100586,94
sj,1,improved_mean,44,18.0,44.56666946411133,44
sj,1,improved_mean,45,9.0,28.481163024902344,28
sj,1,improved_mean,46,8.0,62.588558197021484,62
sj,1,improved_mean,47,19.0,86.27364349365234,86
sj,1,improved_mean,48,11.0,33.63057327270508,33
sj,1,improved_mean,49,4.0,32.12537384033203,32
sj,1,improved_mean,50,6.0,39.77736282348633,39
sj,1,improved_mean,51,6.0,36.615936279296875,36
sj,1,improved_median,0,3.0,11.414307594299316,11
sj,1,improved_median,1,2.0,11.576622009277344,11
sj,1,improved_median,2,0.0,11.342423439025879,11
sj,1,improved_median,3,0.0,12.366708755493164,12
sj,1,improved_median,4,2.0,12.204366683959961,12
sj,1,improved_median,5,2.0,7.881114959716797,7
sj,1,improved_median,6,0.0,9.415367126464844,9
sj,1,improved_median,7,6.0,4.98988151550293,4
sj,1,improved_median,8,3.0,12.38228988647461,12
sj,1,improved_median,9,6.0,10.67941665649414,10
sj,1,improved_median,10,2.0,11.81836223602295,11
sj,1,improved_median,11,3.0,10.004768371582031,10
sj,1,improved_median,12,2.0,11.19677734375,11
sj,1,improved_median,13,4.0,8.973018646240234,8
sj,1,improved_median,14,5.0,8.822087287902832,8
sj,1,improved_median,15,2.0,14.23868179321289,14
sj,1,improved_median,16,9.0,14.39050579071045,14
sj,1,improved_median,17,2.0,15.181967735290527,15
sj,1,improved_median,18,4.0,14.919689178466797,14
sj,1,improved_median,19,8.0,34.96907424926758,34
sj,1,improved_median,20,6.0,21.94424819946289,21
sj,1,improved_median,21,3.0,38.335514068603516,38
sj,1,improved_median,22,11.0,75.77700805664062,75
sj,1,improved_median,23,14.0,81.21591186523438,81
sj,1,improved_median,24,15.0,50.36659622192383,50
sj,1,improved_median,25,20.0,49.42535400390625,49
sj,1,improved_median,26,9.0,88.32199096679688,88
sj,1,improved_median,27,20.0,62.98711395263672,62
sj,1,improved_median,28,28.0,69.48143768310547,69
sj,1,improved_median,29,38.0,66.09457397460938,66
sj,1,improved_median,30,30.0,82.81209564208984,82
sj,1,improved_median,31,30.0,101.52277374267578,101
sj,1,improved_median,32,23.0,76.75228881835938,76
sj,1,improved_median,33,16.0,75.21256256103516,75
sj,1,improved_median,34,22.0,115.79728698730469,115
sj,1,improved_median,35,28.0,95.1096420288086,95
sj,1,improved_median,36,14.0,95.58611297607422,95
sj,1,improved_median,37,17.0,84.5916976928711,84
sj,1,improved_median,38,20.0,102.45519256591797,102
sj,1,improved_median,39,17.0,81.51360321044922,81
sj,1,improved_median,40,10.0,32.877838134765625,32
sj,1,improved_median,41,13.0,57.71178436279297,57
sj,1,improved_median,42,20.0,67.67133331298828,67
sj,1,improved_median,43,9.0,92.20834350585938,92
sj,1,improved_median,44,18.0,43.64943313598633,43
sj,1,improved_median,45,9.0,26.511137008666992,26
sj,1,improved_median,46,8.0,64.88862609863281,64
sj,1,improved_median,47,19.0,88.1646957397461,88
sj,1,improved_median,48,11.0,33.71681594848633,33
sj,1,improved_median,49,4.0,30.637191772460938,30
sj,1,improved_median,50,6.0,39.16146469116211,39
sj,1,improved_median,51,6.0,35.61521911621094,35
sj,1,improved_snapshots,0,3.0,10.502554893493652,10
sj,1,improved_snapshots,1,2.0,11.783231735229492,11
sj,1,improved_snapshots,2,0.0,11.845072746276855,11
sj,1,improved_snapshots,3,0.0,11.99768352508545,11
sj,1,improved_snapshots,4,2.0,11.493905067443848,11
sj,1,improved_snapshots,5,2.0,9.6209135055542,9
sj,1,improved_snapshots,6,0.0,10.607515335083008,10
sj,1,improved_snapshots,7,6.0,8.012139320373535,8
sj,1,improved_snapshots,8,3.0,12.286808013916016,12
sj,1,improved_snapshots,9,6.0,11.628636360168457,11
sj,1,improved_snapshots,10,2.0,12.407665252685547,12
sj,1,improved_snapshots,11,3.0,12.03592586517334,12
sj,1,improved_snapshots,12,2.0,12.136971473693848,12
sj,1,improved_snapshots,13,4.0,8.055196762084961,8
sj,1,improved_snapshots,14,5.0,10.177011489868164,10
sj,1,improved_snapshots,15,2.0,14.635814666748047,14
sj,1,improved_snapshots,16,9.0,14.353816032409668,14
sj,1,improved_snapshots,17,2.0,15.229185104370117,15
sj,1,improved_snapshots,18,4.0,15.08220100402832,15
sj,1,improved_snapshots,19,8.0,32.99888610839844,32
sj,1,improved_snapshots,20,6.0,23.31953239440918,23
sj,1,improved_snapshots,21,3.0,36.70057678222656,36
sj,1,improved_snapshots,22,11.0,71.46631622314453,71
sj,1,improved_snapshots,23,14.0,77.85746765136719,77
sj,1,improved_snapshots,24,15.0,52.754981994628906,52
sj,1,improved_snapshots,25,20.0,48.73686218261719,48
sj,1,improved_snapshots,26,9.0,90.8516845703125,90
sj,1,improved_snapshots,27,20.0,63.66122055053711,63
sj,1,improved_snapshots,28,28.0,67.66947937011719,67
sj,1,improved_snapshots,29,38.0,69.20889282226562,69
sj,1,improved_snapshots,30,30.0,82.53852844238281,82
sj,1,improved_snapshots,31,30.0,101.10724639892578,101
sj,1,improved_snapshots,32,23.0,76.88275909423828,76
sj,1,improved_snapshots,33,16.0,73.2836685180664,73
sj,1,improved_snapshots,34,22.0,119.82371520996094,119
sj,1,improved_snapshots,35,28.0,96.37358856201172,96
sj,1,improved_snapshots,36,14.0,98.99698638916016,98
sj,1,improved_snapshots,37,17.0,87.7881088256836,87
sj,1,improved_snapshots,38,20.0,107.18436431884766,107
sj,1,improved_snapshots,39,17.0,82.39086151123047,82
sj,1,improved_snapshots,40,10.0,33.6396484375,33
sj,1,improved_snapshots,41,13.0,66.41472625732422,66
sj,1,improved_snapshots,42,20.0,73.64817810058594,73
sj,1,improved_snapshots,43,9.0,95.41414642333984,95
sj,1,improved_snapshots,44,18.0,46.65294647216797,46
sj,1,improved_snapshots,45,9.0,30.357994079589844,30
sj,1,improved_snapshots,46,8.0,63.51530456542969,63
sj,1,improved_snapshots,47,19.0,87.31334686279297,87
sj,1,improved_snapshots,48,11.0,34.68529510498047,34
sj,1,improved_snapshots,49,4.0,30.07586669921875,30
sj,1,improved_snapshots,50,6.0,39.09349822998047,39
sj,1,improved_snapshots,51,6.0,35.262027740478516,35
sj,1,tuned_mean,0,3.0,8.8309965133667,8
sj,1,tuned_mean,1,2.0,10.48130989074707,10
sj,1,tuned_mean,2,0.0,11.546626091003418,11
sj,1,tuned_mean,3,0.0,11.894701957702637,11
sj,1,tuned_mean,4,2.0,11.001174926757812,11
sj,1,tuned_mean,5,2.0,11.126434326171875,11
sj,1,tuned_mean,6,0.0,8.866131782531738,8
sj,1,tuned_mean,7,6.0,8.61207103729248,8
sj,1,tuned_mean,8,3.0,10.912101745605469,10
sj,1,tuned_mean,9,6.0,10.662823677062988,10
sj,1,tuned_mean,10,2.0,12.437546730041504,12
sj,1,tuned_mean,11,3.0,11.78459644317627,11
sj,1,tuned_mean,12,2.0,11.441723823547363,11
sj,1,tuned_mean,13,4.0,8.624421119689941,8
sj,1,tuned_mean,14,5.0,11.721110343933105,11
sj,1,tuned_mean,15,2.0,14.93024730682373,14
sj,1,tuned_mean,16,9.0,14.376177787780762,14
sj,1,tuned_mean,17,2.0,15.656916618347168,15
sj,1,tuned_mean,18,4.0,16.058555603027344,16
sj,1,tuned_mean,19,8.0,36.195796966552734,36
sj,1,tuned_mean,20,6.0,27.199857711791992,27
sj,1,tuned_mean,21,3.0,53.70991134643555,53
sj,1,tuned_mean,22,11.0,83.08196258544922,83
sj,1,tuned_mean,23,14.0,77.70355224609375,77
sj,1,tuned_mean,24,15.0,57.797847747802734,57
sj,1,tuned_mean,25,20.0,52.73337173461914,52
sj,1,tuned_mean,26,9.0,84.14159393310547,84
sj,1,tuned_mean,27,20.0,62.61286544799805,62
sj,1,tuned_mean,28,28.0,65.4954605102539,65
sj,1,tuned_mean,29,38.0,71.63581085205078,71
sj,1,tuned_mean,30,30.0,83.54230499267578,83
sj,1,tuned_mean,31,30.0,95.99828338623047,95
sj,1,tuned_mean,32,23.0,86.33639526367188,86
sj,1,tuned_mean,33,16.0,73.62969207763672,73
sj,1,tuned_mean,34,22.0,120.03311920166016,120
sj,1,tuned_mean,35,28.0,86.51383209228516,86
sj,1,tuned_mean,36,14.0,79.462158203125,79
sj,1,tuned_mean,37,17.0,90.76387786865234,90
sj,1,tuned_mean,38,20.0,92.09158325195312,92
sj,1,tuned_mean,39,17.0,75.98831939697266,75
sj,1,tuned_mean,40,10.0,39.16044998168945,39
sj,1,tuned_mean,41,13.0,65.4803695678711,65
sj,1,tuned_mean,42,20.0,89.3200454711914,89
sj,1,tuned_mean,43,9.0,96.72908782958984,96
sj,1,tuned_mean,44,18.0,80.77413940429688,80
sj,1,tuned_mean,45,9.0,44.16053771972656,44
sj,1,tuned_mean,46,8.0,58.1402587890625,58
sj,1,tuned_mean,47,19.0,61.51253128051758,61
sj,1,tuned_mean,48,11.0,31.130891799926758,31
sj,1,tuned_mean,49,4.0,23.870718002319336,23
sj,1,tuned_mean,50,6.0,31.901878356933594,31
sj,1,tuned_mean,51,6.0,34.363643646240234,34
sj,1,tuned_median,0,3.0,9.478649139404297,9
sj,1,tuned_median,1,2.0,11.071133613586426,11
sj,1,tuned_median,2,0.0,11.33292007446289,11
sj,1,tuned_median,3,0.0,13.003548622131348,13
sj,1,tuned_median,4,2.0,11.63875961303711,11
sj,1,tuned_median,5,2.0,10.697593688964844,10
sj,1,tuned_median,6,0.0,10.46267032623291,10
sj,1,tuned_median,7,6.0,8.132553100585938,8
sj,1,tuned_median,8,3.0,11.355257034301758,11
sj,1,tuned_median,9,6.0,11.815489768981934,11
sj,1,tuned_median,10,2.0,12.299321174621582,12
sj,1,tuned_median,11,3.0,11.978342056274414,11
sj,1,tuned_median,12,2.0,12.936042785644531,12
sj,1,tuned_median,13,4.0,8.807624816894531,8
sj,1,tuned_median,14,5.0,11.340181350708008,11
sj,1,tuned_median,15,2.0,14.68700122833252,14
sj,1,tuned_median,16,9.0,14.232500076293945,14
sj,1,tuned_median,17,2.0,15.688653945922852,15
sj,1,tuned_median,18,4.0,16.364397048950195,16
sj,1,tuned_median,19,8.0,36.54524230957031,36
sj,1,tuned_median,20,6.0,26.44361686706543,26
sj,1,tuned_median,21,3.0,53.84491729736328,53
sj,1,tuned_median,22,11.0,77.53357696533203,77
sj,1,tuned_median,23,14.0,76.2934799194336,76
sj,1,tuned_median,24,15.0,56.136016845703125,56
sj,1,tuned_median,25,20.0,49.01938247680664,49
sj,1,tuned_median,26,9.0,82.08439636230469,82
sj,1,tuned_median,27,20.0,60.95599365234375,60
sj,1,tuned_median,28,28.0,67.88436889648438,67
sj,1,tuned_median,29,38.0,74.07720184326172,74
sj,1,tuned_median,30,30.0,78.64070129394531,78
sj,1,tuned_median,31,30.0,90.79900360107422,90
sj,1,tuned_median,32,23.0,92.18174743652344,92
sj,1,tuned_median,33,16.0,75.7538833618164,75
sj,1,tuned_median,34,22.0,119.53744506835938,119
sj,1,tuned_median,35,28.0,89.1551513671875,89
sj,1,tuned_median,36,14.0,74.1610107421875,74
sj,1,tuned_median,37,17.0,86.78630065917969,86
sj,1,tuned_median,38,20.0,94.14134216308594,94
sj,1,tuned_median,39,17.0,74.53573608398438,74
sj,1,tuned_median,40,10.0,39.70564270019531,39
sj,1,tuned_median,41,13.0,58.616783142089844,58
sj,1,tuned_median,42,20.0,91.53102111816406,91
sj,1,tuned_median,43,9.0,99.6572265625,99
sj,1,tuned_median,44,18.0,79.76266479492188,79
sj,1,tuned_median,45,9.0,46.486026763916016,46
sj,1,tuned_median,46,8.0,55.050804138183594,55
sj,1,tuned_median,47,19.0,57.91692352294922,57
sj,1,tuned_median,48,11.0,29.05643653869629,29
sj,1,tuned_median,49,4.0,26.339237213134766,26
sj,1,tuned_median,50,6.0,32.90615463256836,32
sj,1,tuned_median,51,6.0,34.47312927246094,34
sj,1,tuned_snapshots,0,3.0,10.22606372833252,10
sj,1,tuned_snapshots,1,2.0,11.202621459960938,11
sj,1,tuned_snapshots,2,0.0,12.383233070373535,12
sj,1,tuned_snapshots,3,0.0,12.800057411193848,12
sj,1,tuned_snapshots,4,2.0,12.10495376586914,12
sj,1,tuned_snapshots,5,2.0,12.486037254333496,12
sj,1,tuned_snapshots,6,0.0,10.213350296020508,10
sj,1,tuned_snapshots,7,6.0,8.322491645812988,8
sj,1,tuned_snapshots,8,3.0,11.610952377319336,11
sj,1,tuned_snapshots,9,6.0,11.008438110351562,11
sj,1,tuned_snapshots,10,2.0,12.986952781677246,12
sj,1,tuned_snapshots,11,3.0,12.25182819366455,12
sj,1,tuned_snapshots,12,2.0,11.276774406433105,11
sj,1,tuned_snapshots,13,4.0,9.293087005615234,9
sj,1,tuned_snapshots,14,5.0,12.047550201416016,12
sj,1,tuned_snapshots,15,2.0,14.928078651428223,14
sj,1,tuned_snapshots,16,9.0,14.385214805603027,14
sj,1,tuned_snapshots,17,2.0,15.46597957611084,15
sj,1,tuned_snapshots,18,4.0,15.868659019470215,15
sj,1,tuned_snapshots,19,8.0,35.26460266113281,35
sj,1,tuned_snapshots,20,6.0,26.131568908691406,26
sj,1,tuned_snapshots,21,3.0,50.96846008300781,50
sj,1,tuned_snapshots,22,11.0,82.62235260009766,82
sj,1,tuned_snapshots,23,14.0,78.78802490234375,78
sj,1,tuned_snapshots,24,15.0,58.68520736694336,58
sj,1,tuned_snapshots,25,20.0,53.48654556274414,53
sj,1,tuned_snapshots,26,9.0,83.68836975097656,83
sj,1,tuned_snapshots,27,20.0,62.90439224243164,62
sj,1,tuned_snapshots,28,28.0,65.0871810913086,65
sj,1,tuned_snapshots,29,38.0,71.66150665283203,71
sj,1,tuned_snapshots,30,30.0,83.85922241210938,83
sj,1,tuned_snapshots,31,30.0,94.81428527832031,94
sj,1,tuned_snapshots,32,23.0,83.8985366821289,83
sj,1,tuned_snapshots,33,16.0,73.22066497802734,73
sj,1,tuned_snapshots,34,22.0,118.45012664794922,118
sj,1,tuned_snapshots,35,28.0,86.11933135986328,86
sj,1,tuned_snapshots,36,14.0,80.23957061767578,80
sj,1,tuned_snapshots,37,17.0,89.13906860351562,89
sj,1,tuned_snapshots,38,20.0,91.93659973144531,91
sj,1,tuned_snapshots,39,17.0,74.92095947265625,74
sj,1,tuned_snapshots,40,10.0,38.90335464477539,38
sj,1,tuned_snapshots,41,13.0,65.66397094726562,65
sj,1,tuned_snapshots,42,20.0,88.40829467773438,88
sj,1,tuned_snapshots,43,9.0,94.04771423339844,94
sj,1,tuned_snapshots,44,18.0,76.86709594726562,76
sj,1,tuned_snapshots,45,9.0,41.40633773803711,41
sj,1,tuned_snapshots,46,8.0,52.856571197509766,52
sj,1,tuned_snapshots,47,19.0,58.16173553466797,58
sj,1,tuned_snapshots,48,11.0,28.92437744140625,28
sj,1,tuned_snapshots,49,4.0,21.510122299194336,21
sj,1,tuned_snapshots,50,6.0,27.75894546508789,27
sj,1,tuned_snapshots,51,6.0,29.95085334777832,29
sj,1,mixed_mean,0,3.0,9.477121353149414,9
sj,1,mixed_mean,1,2.0,10.873977661132812,10
sj,1,mixed_mean,2,0.0,11.350090026855469,11
sj,1,mixed_mean,3,0.0,12.005656242370605,12
sj,1,mixed_mean,4,2.0,11.257843971252441,11
sj,1,mixed_mean,5,2.0,10.03487491607666,10
sj,1,mixed_mean,6,0.0,9.070808410644531,9
sj,1,mixed_mean,7,6.0,7.688797473907471,7
sj,1,mixed_mean,8,3.0,11.291460990905762,11
sj,1,mixed_mean,9,6.0,10.54546070098877,10
sj,1,mixed_mean,10,2.0,12.130160331726074,12
sj,1,mixed_mean,11,3.0,11.249669075012207,11
sj,1,mixed_mean,12,2.0,11.468409538269043,11
sj,1,mixed_mean,13,4.0,6.553703308105469,6
sj,1,mixed_mean,14,5.0,9.58880615234375,9
sj,1,mixed_mean,15,2.0,14.618391990661621,14
sj,1,mixed_mean,16,9.0,14.127053260803223,14
sj,1,mixed_mean,17,2.0,15.400978088378906,15
sj,1,mixed_mean,18,4.0,15.522151947021484,15
sj,1,mixed_mean,19,8.0,35.16159439086914,35
sj,1,mixed_mean,20,6.0,26.565950393676758,26
sj,1,mixed_mean,21,3.0,45.486392974853516,45
sj,1,mixed_mean,22,11.0,77.47074890136719,77
sj,1,mixed_mean,23,14.0,79.07197570800781,79
sj,1,mixed_mean,24,15.0,55.525508880615234,55
sj,1,mixed_mean,25,20.0,50.78560256958008,50
sj,1,mixed_mean,26,9.0,86.77399444580078,86
sj,1,mixed_mean,27,20.0,64.1592788696289,64
sj,1,mixed_mean,28,28.0,67.10287475585938,67
sj,1,mixed_mean,29,38.0,70.10369110107422,70
sj,1,mixed_mean,30,30.0,83.31061553955078,83
sj,1,mixed_mean,31,30.0,99.1824722290039,99
sj,1,mixed_mean,32,23.0,81.958740234375,81
sj,1,mixed_mean,33,16.0,73.89891052246094,73
sj,1,mixed_mean,34,22.0,119.21996307373047,119
sj,1,mixed_mean,35,28.0,90.7030029296875,90
sj,1,mixed_mean,36,14.0,88.42479705810547,88
sj,1,mixed_mean,37,17.0,89.15408325195312,89
sj,1,mixed_mean,38,20.0,98.51793670654297,98
sj,1,mixed_mean,39,17.0,78.32575225830078,78
sj,1,mixed_mean,40,10.0,36.056644439697266,36
sj,1,mixed_mean,41,13.0,64.4236831665039,64
sj,1,mixed_mean,42,20.0,81.20266723632812,81
sj,1,mixed_mean,43,9.0,95.67352294921875,95
sj,1,mixed_mean,44,18.0,62.67041015625,62
sj,1,mixed_mean,45,9.0,36.32085037231445,36
sj,1,mixed_mean,46,8.0,60.364410400390625,60
sj,1,mixed_mean,47,19.0,73.8930892944336,73
sj,1,mixed_mean,48,11.0,32.380733489990234,32
sj,1,mixed_mean,49,4.0,27.998046875,27
sj,1,mixed_mean,50,6.0,35.83961868286133,35
sj,1,mixed_mean,51,6.0,35.48978805541992,35
sj,1,mixed_snapshots,0,3.0,10.364309310913086,10
sj,1,mixed_snapshots,1,2.0,11.492926597595215,11
sj,1,mixed_snapshots,2,0.0,12.114151954650879,12
sj,1,mixed_snapshots,3,0.0,12.398869514465332,12
sj,1,mixed_snapshots,4,2.0,11.799429893493652,11
sj,1,mixed_snapshots,5,2.0,11.053475379943848,11
sj,1,mixed_snapshots,6,0.0,10.410432815551758,10
sj,1,mixed_snapshots,7,6.0,8.167316436767578,8
sj,1,mixed_snapshots,8,3.0,11.94887924194336,11
sj,1,mixed_snapshots,9,6.0,11.318538665771484,11
sj,1,mixed_snapshots,10,2.0,12.697308540344238,12
sj,1,mixed_snapshots,11,3.0,12.143878936767578,12
sj,1,mixed_snapshots,12,2.0,11.70687198638916,11
sj,1,mixed_snapshots,13,4.0,8.674140930175781,8
sj,1,mixed_snapshots,14,5.0,11.112279891967773,11
sj,1,mixed_snapshots,15,2.0,14.781947135925293,14
sj,1,mixed_snapshots,16,9.0,14.369515419006348,14
sj,1,mixed_snapshots,17,2.0,15.347583770751953,15
sj,1,mixed_snapshots,18,4.0,15.475431442260742,15
sj,1,mixed_snapshots,19,8.0,34.131744384765625,34
sj,1,mixed_snapshots,20,6.0,24.725549697875977,24
sj,1,mixed_snapshots,21,3.0,43.83451843261719,43
sj,1,mixed_snapshots,22,11.0,77.04434204101562,77
sj,1,mixed_snapshots,23,14.0,78.32274627685547,78
sj,1,mixed_snapshots,24,15.0,55.720088958740234,55
sj,1,mixed_snapshots,25,20.0,51.1117057800293,51
sj,1,mixed_snapshots,26,9.0,87.27002716064453,87
sj,1,mixed_snapshots,27,20.0,63.28280258178711,63
sj,1,mixed_snapshots,28,28.0,66.37832641601562,66
sj,1,mixed_snapshots,29,38.0,70.4352035522461,70
sj,1,mixed_snapshots,30,30.0,83.19888305664062,83
sj,1,mixed_snapshots,31,30.0,97.96076965332031,97
sj,1,mixed_snapshots,32,23.0,80.3906478881836,80
sj,1,mixed_snapshots,33,16.0,73.25216674804688,73
sj,1,mixed_snapshots,34,22.0,119.13692474365234,119
sj,1,mixed_snapshots,35,28.0,91.24645233154297,91
sj,1,mixed_snapshots,36,14.0,89.6182861328125,89
sj,1,mixed_snapshots,37,17.0,88.46358489990234,88
sj,1,mixed_snapshots,38,20.0,99.56047821044922,99
sj,1,mixed_snapshots,39,17.0,78.65591430664062,78
sj,1,mixed_snapshots,40,10.0,36.27149963378906,36
sj,1,mixed_snapshots,41,13.0,66.03934478759766,66
sj,1,mixed_snapshots,42,20.0,81.02822875976562,81
sj,1,mixed_snapshots,43,9.0,94.7309341430664,94
sj,1,mixed_snapshots,44,18.0,61.76002502441406,61
sj,1,mixed_snapshots,45,9.0,35.88216018676758,35
sj,1,mixed_snapshots,46,8.0,58.18593978881836,58
sj,1,mixed_snapshots,47,19.0,72.73753356933594,72
sj,1,mixed_snapshots,48,11.0,31.804832458496094,31
sj,1,mixed_snapshots,49,4.0,25.792991638183594,25
sj,1,mixed_snapshots,50,6.0,33.42621994018555,33
sj,1,mixed_snapshots,51,6.0,32.60643768310547,32
sj,2,control,0,8.0,11.062657356262207,11
sj,2,control,1,13.0,10.534173965454102,10
sj,2,control,2,8.0,10.283976554870605,10
sj,2,control,3,8.0,9.594754219055176,9
sj,2,control,4,5.0,10.355849266052246,10
sj,2,control,5,16.0,10.572691917419434,10
sj,2,control,6,12.0,9.09994125366211,9
sj,2,control,7,11.0,11.223894119262695,11
sj,2,control,8,18.0,11.186222076416016,11
sj,2,control,9,10.0,9.706348419189453,9
sj,2,control,10,22.0,12.03491497039795,12
sj,2,control,11,14.0,9.59395694732666,9
sj,2,control,12,16.0,14.263163566589355,14
sj,2,control,13,18.0,16.240760803222656,16
sj,2,control,14,27.0,34.65699005126953,34
sj,2,control,15,38.0,72.27522277832031,72
sj,2,control,16,35.0,106.03238677978516,106
sj,2,control,17,41.0,137.54855346679688,137
sj,2,control,18,51.0,175.0581512451172,175
sj,2,control,19,65.0,175.67343139648438,175
sj,2,control,20,55.0,176.45823669433594,176
sj,2,control,21,54.0,159.6230010986328,159
sj,2,control,22,62.0,194.06951904296875,194
sj,2,control,23,64.0,139.1520538330078,139
sj,2,control,24,56.0,153.8520050048828,153
sj,2,control,25,65.0,124.58817291259766,124
sj,2,control,26,71.0,145.3125762939453,145
sj,2,control,27,75.0,104.3958969116211,104
sj,2,control,28,71.0,113.42203521728516,113
sj,2,control,29,72.0,126.72520446777344,126
sj,2,control,30,47.0,158.73081970214844,158
sj,2,control,31,27.0,175.59927368164062,175
sj,2,control,32,35.0,171.51129150390625,171
sj,2,control,33,25.0,180.54811096191406,180
sj,2,control,34,19.0,131.34164428710938,131
sj,2,control,35,37.0,87.94559478759766,87
sj,2,control,36,38.0,98.57953643798828,98
sj,2,control,37,34.0,50.3902702331543,50
sj,2,control,38,26.0,31.492904663085938,31
sj,2,control,39,19.0,31.125816345214844,31
sj,2,control,40,18.0,24.993741989135742,24
sj,2,control,41,22.0,20.136489868164062,20
sj,2,control,42,16.0,6.241528034210205,6
sj,2,control,43,18.0,15.435526847839355,15
sj,2,control,44,6.0,22.50192642211914,22
sj,2,control,45,12.0,18.98914337158203,18
sj,2,control,46,6.0,13.091506958007812,13
sj,2,control,47,6.0,14.005329132080078,14
sj,2,control,48,3.0,16.84588623046875,16
sj,2,control,49,7.0,14.806838989257812,14
sj,2,control,50,6.0,11.07319450378418,11
sj,2,control,51,1.0,13.02224063873291,13
sj,2,improved_mean,0,8.0,10.781577110290527,10
sj,2,improved_mean,1,13.0,10.373906135559082,10
sj,2,improved_mean,2,8.0,10.450671195983887,10
sj,2,improved_mean,3,8.0,10.01331615447998,10
sj,2,improved_mean,4,5.0,9.45664119720459,9
sj,2,improved_mean,5,16.0,10.221990585327148,10
sj,2,improved_mean,6,12.0,9.927000045776367,9
sj,2,improved_mean,7,11.0,10.421880722045898,10
sj,2,improved_mean,8,18.0,9.789372444152832,9
sj,2,improved_mean,9,10.0,8.94494915008545,8
sj,2,improved_mean,10,22.0,10.935954093933105,10
sj,2,improved_mean,11,14.0,9.057796478271484,9
sj,2,improved_mean,12,16.0,12.020735740661621,12
sj,2,improved_mean,13,18.0,12.710467338562012,12
sj,2,improved_mean,14,27.0,24.026758193969727,24
sj,2,improved_mean,15,38.0,59.1945915222168,59
sj,2,improved_mean,16,35.0,95.51797485351562,95
sj,2,improved_mean,17,41.0,128.79246520996094,128
sj,2,improved_mean,18,51.0,176.92803955078125,176
sj,2,improved_mean,19,65.0,164.833740234375,164
sj,2,improved_mean,20,55.0,172.331787109375,172
sj,2,improved_mean,21,54.0,158.53419494628906,158
sj,2,improved_mean,22,62.0,194.2474822998047,194
sj,2,improved_mean,23,64.0,136.42295837402344,136
sj,2,improved_mean,24,56.0,150.0070343017578,150
sj,2,improved_mean,25,65.0,124.68083953857422,124
sj,2,improved_mean,26,71.0,139.0372314453125,139
sj,2,improved_mean,27,75.0,108.9442138671875,108
sj,2,improved_mean,28,71.0,121.12444305419922,121
sj,2,improved_mean,29,72.0,127.99740600585938,127
sj,2,improved_mean,30,47.0,167.35845947265625,167
sj,2,improved_mean,31,27.0,180.2607879638672,180
sj,2,improved_mean,32,35.0,187.89349365234375,187
sj,2,improved_mean,33,25.0,174.4822235107422,174
sj,2,improved_mean,34,19.0,127.86222076416016,127
sj,2,improved_mean,35,37.0,107.04080963134766,107
sj,2,improved_mean,36,38.0,112.4042739868164,112
sj,2,improved_mean,37,34.0,59.63369369506836,59
sj,2,improved_mean,38,26.0,35.900779724121094,35
sj,2,improved_mean,39,19.0,30.52501106262207,30
sj,2,improved_mean,40,18.0,24.63128089904785,24
sj,2,improved_mean,41,22.0,21.994705200195312,21
sj,2,improved_mean,42,16.0,13.958971977233887,13
sj,2,improved_mean,43,18.0,18.799734115600586,18
sj,2,improved_mean,44,6.0,18.547813415527344,18
sj,2,improved_mean,45,12.0,15.936528205871582,15
sj,2,improved_mean,46,6.0,13.377144813537598,13
sj,2,improved_mean,47,6.0,14.012408256530762,14
sj,2,improved_mean,48,3.0,16.362884521484375,16
sj,2,improved_mean,49,7.0,13.454060554504395,13
sj,2,improved_mean,50,6.0,10.224494934082031,10
sj,2,improved_mean,51,1.0,12.20934772491455,12
sj,2,improved_median,0,8.0,11.062657356262207,11
sj,2,improved_median,1,13.0,10.534173965454102,10
sj,2,improved_median,2,8.0,10.283976554870605,10
sj,2,improved_median,3,8.0,9.809967994689941,9
sj,2,improved_median,4,5.0,10.355849266052246,10
sj,2,improved_median,5,16.0,10.572691917419434,10
sj,2,improved_median,6,12.0,10.242409706115723,10
sj,2,improved_median,7,11.0,11.223894119262695,11
sj,2,improved_median,8,18.0,10.001131057739258,10
sj,2,improved_median,9,10.0,9.591229438781738,9
sj,2,improved_median,10,22.0,11.38281536102295,11
sj,2,improved_median,11,14.0,9.56480598449707,9
sj,2,improved_median,12,16.0,11.339479446411133,11
sj,2,improved_median,13,18.0,12.143120765686035,12
sj,2,improved_median,14,27.0,25.118255615234375,25
sj,2,improved_median,15,38.0,56.69122314453125,56
sj,2,improved_median,16,35.0,94.50991821289062,94
sj,2,improved_median,17,41.0,127.00912475585938,127
sj,2,improved_median,18,51.0,175.0581512451172,175
sj,2,improved_median,19,65.0,169.51402282714844,169
sj,2,improved_median,20,55.0,170.9359588623047,170
sj,2,improved_median,21,54.0,159.6230010986328,159
sj,2,improved_median,22,62.0,194.06951904296875,194
sj,2,improved_median,23,64.0,139.1520538330078,139
sj,2,improved_median,24,56.0,153.8520050048828,153
sj,2,improved_median,25,65.0,124.58817291259766,124
sj,2,improved_median,26,71.0,137.8036346435547,137
sj,2,improved_median,27,75.0,108.84677124023438,108
sj,2,improved_median,28,71.0,119.42691040039062,119
sj,2,improved_median,29,72.0,126.72520446777344,126
sj,2,improved_median,30,47.0,171.62176513671875,171
sj,2,improved_median,31,27.0,177.03053283691406,177
sj,2,improved_median,32,35.0,193.8907928466797,193
sj,2,improved_median,33,25.0,178.75440979003906,178
sj,2,improved_median,34,19.0,131.34164428710938,131
sj,2,improved_median,35,37.0,109.42008972167969,109
sj,2,improved_median,36,38.0,118.26945495605469,118
sj,2,improved_median,37,34.0,58.090946197509766,58
sj,2,improved_median,38,26.0,31.816856384277344,31
sj,2,improved_median,39,19.0,31.125816345214844,31
sj,2,improved_median,40,18.0,24.993741989135742,24
sj,2,improved_median,41,22.0,20.136489868164062,20
sj,2,improved_median,42,16.0,17.667037963867188,17
sj,2,improved_median,43,18.0,19.250316619873047,19
sj,2,improved_median,44,6.0,18.880043029785156,18
sj,2,improved_median,45,12.0,16.14046859741211,16
sj,2,improved_median,46,6.0,13.503135681152344,13
sj,2,improved_median,47,6.0,14.005329132080078,14
sj,2,improved_median,48,3.0,16.84588623046875,16
sj,2,improved_median,49,7.0,13.659600257873535,13
sj,2,improved_median,50,6.0,11.07319450378418,11
sj,2,improved_median,51,1.0,13.02224063873291,13
sj,2,improved_snapshots,0,8.0,10.810755729675293,10
sj,2,improved_snapshots,1,13.0,10.515400886535645,10
sj,2,improved_snapshots,2,8.0,10.510353088378906,10
sj,2,improved_snapshots,3,8.0,10.029356002807617,10
sj,2,improved_snapshots,4,5.0,9.710594177246094,9
sj,2,improved_snapshots,5,16.0,10.73183822631836,10
sj,2,improved_snapshots,6,12.0,10.341667175292969,10
sj,2,improved_snapshots,7,11.0,10.53536319732666,10
sj,2,improved_snapshots,8,18.0,9.923853874206543,9
sj,2,improved_snapshots,9,10.0,9.316472053527832,9
sj,2,improved_snapshots,10,22.0,11.322845458984375,11
sj,2,improved_snapshots,11,14.0,9.554644584655762,9
sj,2,improved_snapshots,12,16.0,12.288602828979492,12
sj,2,improved_snapshots,13,18.0,12.840205192565918,12
sj,2,improved_snapshots,14,27.0,23.454240798950195,23
sj,2,improved_snapshots,15,38.0,53.69831085205078,53
sj,2,improved_snapshots,16,35.0,92.61833190917969,92
sj,2,improved_snapshots,17,41.0,126.32743072509766,126
sj,2,improved_snapshots,18,51.0,169.30921936035156,169
sj,2,improved_snapshots,19,65.0,156.65087890625,156
sj,2,improved_snapshots,20,55.0,166.69444274902344,166
sj,2,improved_snapshots,21,54.0,151.41424560546875,151
sj,2,improved_snapshots,22,62.0,186.50494384765625,186
sj,2,improved_snapshots,23,64.0,128.3313751220703,128
sj,2,improved_snapshots,24,56.0,144.02471923828125,144
sj,2,improved_snapshots,25,65.0,119.05577087402344,119
sj,2,improved_snapshots,26,71.0,132.3907928466797,132
sj,2,improved_snapshots,27,75.0,103.03752899169922,103
sj,2,improved_snapshots,28,71.0,114.62461853027344,114
sj,2,improved_snapshots,29,72.0,121.37783813476562,121
sj,2,improved_snapshots,30,47.0,158.55726623535156,158
sj,2,improved_snapshots,31,27.0,170.5150146484375,170
sj,2,improved_snapshots,32,35.0,178.37847900390625,178
sj,2,improved_snapshots,33,25.0,166.25881958007812,166
sj,2,improved_snapshots,34,19.0,119.94932556152344,119
sj,2,improved_snapshots,35,37.0,101.07184600830078,101
sj,2,improved_snapshots,36,38.0,108.65426635742188,108
sj,2,improved_snapshots,37,34.0,56.97951889038086,56
sj,2,improved_snapshots,38,26.0,35.36882019042969,35
sj,2,improved_snapshots,39,19.0,28.90591812133789,28
sj,2,improved_snapshots,40,18.0,24.781476974487305,24
sj,2,improved_snapshots,41,22.0,21.438657760620117,21
sj,2,improved_snapshots,42,16.0,13.962983131408691,13
sj,2,improved_snapshots,43,18.0,17.701784133911133,17
sj,2,improved_snapshots,44,6.0,17.900625228881836,17
sj,2,improved_snapshots,45,12.0,15.354873657226562,15
sj,2,improved_snapshots,46,6.0,12.999723434448242,12
sj,2,improved_snapshots,47,6.0,13.51424789428711,13
sj,2,improved_snapshots,48,3.0,16.086572647094727,16
sj,2,improved_snapshots,49,7.0,13.096794128417969,13
sj,2,improved_snapshots,50,6.0,10.181109428405762,10
sj,2,improved_snapshots,51,1.0,12.3339204788208,12
sj,2,tuned_mean,0,8.0,9.88947582244873,9
sj,2,tuned_mean,1,13.0,10.217131614685059,10
sj,2,tuned_mean,2,8.0,10.259308815002441,10
sj,2,tuned_mean,3,8.0,9.165617942810059,9
sj,2,tuned_mean,4,5.0,8.921436309814453,8
sj,2,tuned_mean,5,16.0,10.51918888092041,10
sj,2,tuned_mean,6,12.0,10.091236114501953,10
sj,2,tuned_mean,7,11.0,10.767109870910645,10
sj,2,tuned_mean,8,18.0,10.354491233825684,10
sj,2,tuned_mean,9,10.0,9.05400562286377,9
sj,2,tuned_mean,10,22.0,11.878424644470215,11
sj,2,tuned_mean,11,14.0,8.973749160766602,8
sj,2,tuned_mean,12,16.0,12.702410697937012,12
sj,2,tuned_mean,13,18.0,13.912487030029297,13
sj,2,tuned_mean,14,27.0,23.915224075317383,23
sj,2,tuned_mean,15,38.0,52.60271072387695,52
sj,2,tuned_mean,16,35.0,92.6987075805664,92
sj,2,tuned_mean,17,41.0,118.73719024658203,118
sj,2,tuned_mean,18,51.0,150.82568359375,150
sj,2,tuned_mean,19,65.0,146.2922821044922,146
sj,2,tuned_mean,20,55.0,150.74034118652344,150
sj,2,tuned_mean,21,54.0,138.1658477783203,138
sj,2,tuned_mean,22,62.0,172.350830078125,172
sj,2,tuned_mean,23,64.0,124.24286651611328,124
sj,2,tuned_mean,24,56.0,127.47428131103516,127
sj,2,tuned_mean,25,65.0,112.89328002929688,112
sj,2,tuned_mean,26,71.0,122.23546600341797,122
sj,2,tuned_mean,27,75.0,103.34346771240234,103
sj,2,tuned_mean,28,71.0,114.33097076416016,114
sj,2,tuned_mean,29,72.0,113.34577178955078,113
sj,2,tuned_mean,30,47.0,147.86480712890625,147
sj,2,tuned_mean,31,27.0,152.94956970214844,152
sj,2,tuned_mean,32,35.0,163.85716247558594,163
sj,2,tuned_mean,33,25.0,143.9707489013672,143
sj,2,tuned_mean,34,19.0,105.29882049560547,105
sj,2,tuned_mean,35,37.0,97.94676971435547,97
sj,2,tuned_mean,36,38.0,94.3813705444336,94
sj,2,tuned_mean,37,34.0,50.8040771484375,50
sj,2,tuned_mean,38,26.0,29.23659324645996,29
sj,2,tuned_mean,39,19.0,30.48468780517578,30
sj,2,tuned_mean,40,18.0,28.66316795349121,28
sj,2,tuned_mean,41,22.0,21.6767578125,21
sj,2,tuned_mean,42,16.0,23.500732421875,23
sj,2,tuned_mean,43,18.0,23.200220108032227,23
sj,2,tuned_mean,44,6.0,17.627315521240234,17
sj,2,tuned_mean,45,12.0,14.566893577575684,14
sj,2,tuned_mean,46,6.0,13.695588111877441,13
sj,2,tuned_mean,47,6.0,13.849228858947754,13
sj,2,tuned_mean,48,3.0,14.228938102722168,14
sj,2,tuned_mean,49,7.0,13.730019569396973,13
sj,2,tuned_mean,50,6.0,11.150465965270996,11
sj,2,tuned_mean,51,1.0,12.448670387268066,12
sj,2,tuned_median,0,8.0,10.673460006713867,10
sj,2,tuned_median,1,13.0,10.912254333496094,10
sj,2,tuned_median,2,8.0,11.298048973083496,11
sj,2,tuned_median,3,8.0,9.656970977783203,9
sj,2,tuned_median,4,5.0,9.558805465698242,9
sj,2,tuned_median,5,16.0,11.884790420532227,11
sj,2,tuned_median,6,12.0,10.40335750579834,10
sj,2,tuned_median,7,11.0,10.802992820739746,10
sj,2,tuned_median,8,18.0,11.028282165527344,11
sj,2,tuned_median,9,10.0,9.953173637390137,9
sj,2,tuned_median,10,22.0,12.445991516113281,12
sj,2,tuned_median,11,14.0,10.74838924407959,10
sj,2,tuned_median,12,16.0,12.684488296508789,12
sj,2,tuned_median,13,18.0,12.94619369506836,12
sj,2,tuned_median,14,27.0,23.329612731933594,23
sj,2,tuned_median,15,38.0,53.732421875,53
sj,2,tuned_median,16,35.0,93.04930877685547,93
sj,2,tuned_median,17,41.0,118.82097625732422,118
sj,2,tuned_median,18,51.0,145.15074157714844,145
sj,2,tuned_median,19,65.0,145.74327087402344,145
sj,2,tuned_median,20,55.0,149.05128479003906,149
sj,2,tuned_median,21,54.0,137.69546508789062,137
sj,2,tuned_median,22,62.0,172.60655212402344,172
sj,2,tuned_median,23,64.0,123.96630096435547,123
sj,2,tuned_median,24,56.0,130.33990478515625,130
sj,2,tuned_median,25,65.0,111.19922637939453,111
sj,2,tuned_median,26,71.0,123.1294937133789,123
sj,2,tuned_median,27,75.0,105.87368774414062,105
sj,2,tuned_median,28,71.0,113.8666763305664,113
sj,2,tuned_median,29,72.0,113.8915023803711,113
sj,2,tuned_median,30,47.0,140.24058532714844,140
sj,2,tuned_median,31,27.0,149.9700469970703,149
sj,2,tuned_median,32,35.0,163.28515625,163
sj,2,tuned_median,33,25.0,143.65492248535156,143
sj,2,tuned_median,34,19.0,104.23463439941406,104
sj,2,tuned_median,35,37.0,100.44475555419922,100
sj,2,tuned_median,36,38.0,98.26519012451172,98
sj,2,tuned_median,37,34.0,49.80796813964844,49
sj,2,tuned_median,38,26.0,28.634925842285156,28
sj,2,tuned_median,39,19.0,31.535987854003906,31
sj,2,tuned_median,40,18.0,26.472232818603516,26
sj,2,tuned_median,41,22.0,19.814361572265625,19
sj,2,tuned_median,42,16.0,19.642498016357422,19
sj,2,tuned_median,43,18.0,20.699996948242188,20
sj,2,tuned_median,44,6.0,17.484113693237305,17
sj,2,tuned_median,45,12.0,14.415477752685547,14
sj,2,tuned_median,46,6.0,14.415353775024414,14
sj,2,tuned_median,47,6.0,13.849322319030762,13
sj,2,tuned_median,48,3.0,14.051687240600586,14
sj,2,tuned_median,49,7.0,13.319518089294434,13
sj,2,tuned_median,50,6.0,10.57282829284668,10
sj,2,tuned_median,51,1.0,12.83621883392334,12
sj,2,tuned_snapshots,0,8.0,11.007885932922363,11
sj,2,tuned_snapshots,1,13.0,11.129436492919922,11
sj,2,tuned_snapshots,2,8.0,10.933582305908203,10
sj,2,tuned_snapshots,3,8.0,10.34740161895752,10
sj,2,tuned_snapshots,4,5.0,9.753315925598145,9
sj,2,tuned_snapshots,5,16.0,11.483637809753418,11
sj,2,tuned_snapshots,6,12.0,10.739294052124023,10
sj,2,tuned_snapshots,7,11.0,10.842967987060547,10
sj,2,tuned_snapshots,8,18.0,11.020123481750488,11
sj,2,tuned_snapshots,9,10.0,10.32535171508789,10
sj,2,tuned_snapshots,10,22.0,12.25090217590332,12
sj,2,tuned_snapshots,11,14.0,10.619850158691406,10
sj,2,tuned_snapshots,12,16.0,13.456231117248535,13
sj,2,tuned_snapshots,13,18.0,14.500364303588867,14
sj,2,tuned_snapshots,14,27.0,23.677583694458008,23
sj,2,tuned_snapshots,15,38.0,49.243629455566406,49
sj,2,tuned_snapshots,16,35.0,93.02352905273438,93
sj,2,tuned_snapshots,17,41.0,120.15253448486328,120
sj,2,tuned_snapshots,18,51.0,152.97711181640625,152
sj,2,tuned_snapshots,19,65.0,147.39321899414062,147
sj,2,tuned_snapshots,20,55.0,151.68316650390625,151
sj,2,tuned_snapshots,21,54.0,140.7644805908203,140
sj,2,tuned_snapshots,22,62.0,174.17105102539062,174
sj,2,tuned_snapshots,23,64.0,123.90866088867188,123
sj,2,tuned_snapshots,24,56.0,127.60462951660156,127
sj,2,tuned_snapshots,25,65.0,113.92642211914062,113
sj,2,tuned_snapshots,26,71.0,122.1822509765625,122
sj,2,tuned_snapshots,27,75.0,103.3023452758789,103
sj,2,tuned_snapshots,28,71.0,115.11886596679688,115
sj,2,tuned_snapshots,29,72.0,114.54501342773438,114
sj,2,tuned_snapshots,30,47.0,149.87078857421875,149
sj,2,tuned_snapshots,31,27.0,154.68360900878906,154
sj,2,tuned_snapshots,32,35.0,164.82183837890625,164
sj,2,tuned_snapshots,33,25.0,143.9748077392578,143
sj,2,tuned_snapshots,34,19.0,103.0425033569336,103
sj,2,tuned_snapshots,35,37.0,97.66596221923828,97
sj,2,tuned_snapshots,36,38.0,95.20964813232422,95
sj,2,tuned_snapshots,37,34.0,50.71681594848633,50
sj,2,tuned_snapshots,38,26.0,29.33526611328125,29
sj,2,tuned_snapshots,39,19.0,30.36724853515625,30
sj,2,tuned_snapshots,40,18.0,27.876258850097656,27
sj,2,tuned_snapshots,41,22.0,21.37005615234375,21
sj,2,tuned_snapshots,42,16.0,23.244564056396484,23
sj,2,tuned_snapshots,43,18.0,22.525062561035156,22
sj,2,tuned_snapshots,44,6.0,17.083391189575195,17
sj,2,tuned_snapshots,45,12.0,14.30715274810791,14
sj,2,tuned_snapshots,46,6.0,13.454492568969727,13
sj,2,tuned_snapshots,47,6.0,13.88588809967041,13
sj,2,tuned_snapshots,48,3.0,14.15216064453125,14
sj,2,tuned_snapshots,49,7.0,13.486377716064453,13
sj,2,tuned_snapshots,50,6.0,11.608844757080078,11
sj,2,tuned_snapshots,51,1.0,12.817524909973145,12
sj,2,mixed_mean,0,8.0,10.335525512695312,10
sj,2,mixed_mean,1,13.0,10.29551887512207,10
sj,2,mixed_mean,2,8.0,10.35499095916748,10
sj,2,mixed_mean,3,8.0,9.58946704864502,9
sj,2,mixed_mean,4,5.0,9.189038276672363,9
sj,2,mixed_mean,5,16.0,10.370590209960938,10
sj,2,mixed_mean,6,12.0,10.00911808013916,10
sj,2,mixed_mean,7,11.0,10.59449577331543,10
sj,2,mixed_mean,8,18.0,10.071930885314941,10
sj,2,mixed_mean,9,10.0,8.999478340148926,8
sj,2,mixed_mean,10,22.0,11.407188415527344,11
sj,2,mixed_mean,11,14.0,9.015772819519043,9
sj,2,mixed_mean,12,16.0,12.361572265625,12
sj,2,mixed_mean,13,18.0,13.311477661132812,13
sj,2,mixed_mean,14,27.0,23.970991134643555,23
sj,2,mixed_mean,15,38.0,55.898651123046875,55
sj,2,mixed_mean,16,35.0,94.10834503173828,94
sj,2,mixed_mean,17,41.0,123.76483154296875,123
sj,2,mixed_mean,18,51.0,163.87686157226562,163
sj,2,mixed_mean,19,65.0,155.56300354003906,155
sj,2,mixed_mean,20,55.0,161.5360565185547,161
sj,2,mixed_mean,21,54.0,148.3500213623047,148
sj,2,mixed_mean,22,62.0,183.2991485595703,183
sj,2,mixed_mean,23,64.0,130.33290100097656,130
sj,2,mixed_mean,24,56.0,138.7406768798828,138
sj,2,mixed_mean,25,65.0,118.78705596923828,118
sj,2,mixed_mean,26,71.0,130.6363525390625,130
sj,2,mixed_mean,27,75.0,106.14383697509766,106
sj,2,mixed_mean,28,71.0,117.72771453857422,117
sj,2,mixed_mean,29,72.0,120.67159271240234,120
sj,2,mixed_mean,30,47.0,157.61163330078125,157
sj,2,mixed_mean,31,27.0,166.6051788330078,166
sj,2,mixed_mean,32,35.0,175.8753204345703,175
sj,2,mixed_mean,33,25.0,159.2264862060547,159
sj,2,mixed_mean,34,19.0,116.58051300048828,116
sj,2,mixed_mean,35,37.0,102.49378204345703,102
sj,2,mixed_mean,36,38.0,103.392822265625,103
sj,2,mixed_mean,37,34.0,55.2188835144043,55
sj,2,mixed_mean,38,26.0,32.56868362426758,32
sj,2,mixed_mean,39,19.0,30.504846572875977,30
sj,2,mixed_mean,40,18.0,26.64722442626953,26
sj,2,mixed_mean,41,22.0,21.835731506347656,21
sj,2,mixed_mean,42,16.0,18.7298526763916,18
sj,2,mixed_mean,43,18.0,20.999977111816406,20
sj,2,mixed_mean,44,6.0,18.08756446838379,18
sj,2,mixed_mean,45,12.0,15.251709938049316,15
sj,2,mixed_mean,46,6.0,13.53636646270752,13
sj,2,mixed_mean,47,6.0,13.930819511413574,13
sj,2,mixed_mean,48,3.0,15.295910835266113,15
sj,2,mixed_mean,49,7.0,13.592041015625,13
sj,2,mixed_mean,50,6.0,10.687480926513672,10
sj,2,mixed_mean,51,1.0,12.329009056091309,12
sj,2,mixed_snapshots,0,8.0,10.909320831298828,10
sj,2,mixed_snapshots,1,13.0,10.822421073913574,10
sj,2,mixed_snapshots,2,8.0,10.721968650817871,10
sj,2,mixed_snapshots,3,8.0,10.188379287719727,10
sj,2,mixed_snapshots,4,5.0,9.731956481933594,9
sj,2,mixed_snapshots,5,16.0,11.107738494873047,11
sj,2,mixed_snapshots,6,12.0,10.54047966003418,10
sj,2,mixed_snapshots,7,11.0,10.689165115356445,10
sj,2,mixed_snapshots,8,18.0,10.471989631652832,10
sj,2,mixed_snapshots,9,10.0,9.820911407470703,9
sj,2,mixed_snapshots,10,22.0,11.786873817443848,11
sj,2,mixed_snapshots,11,14.0,10.087246894836426,10
sj,2,mixed_snapshots,12,16.0,12.872417449951172,12
sj,2,mixed_snapshots,13,18.0,13.670284271240234,13
sj,2,mixed_snapshots,14,27.0,23.5659122467041,23
sj,2,mixed_snapshots,15,38.0,51.47096633911133,51
sj,2,mixed_snapshots,16,35.0,92.8209228515625,92
sj,2,mixed_snapshots,17,41.0,123.239990234375,123
sj,2,mixed_snapshots,18,51.0,161.14315795898438,161
sj,2,mixed_snapshots,19,65.0,152.02203369140625,152
sj,2,mixed_snapshots,20,55.0,159.18878173828125,159
sj,2,mixed_snapshots,21,54.0,146.08935546875,146
sj,2,mixed_snapshots,22,62.0,180.33802795410156,180
sj,2,mixed_snapshots,23,64.0,126.12003326416016,126
sj,2,mixed_snapshots,24,56.0,135.81466674804688,135
sj,2,mixed_snapshots,25,65.0,116.49110412597656,116
sj,2,mixed_snapshots,26,71.0,127.28651428222656,127
sj,2,mixed_snapshots,27,75.0,103.16995239257812,103
sj,2,mixed_snapshots,28,71.0,114.87174224853516,114
sj,2,mixed_snapshots,29,72.0,117.96141052246094,117
sj,2,mixed_snapshots,30,47.0,154.21401977539062,154
sj,2,mixed_snapshots,31,27.0,162.59930419921875,162
sj,2,mixed_snapshots,32,35.0,171.60015869140625,171
sj,2,mixed_snapshots,33,25.0,155.11680603027344,155
sj,2,mixed_snapshots,34,19.0,111.49591064453125,111
sj,2,mixed_snapshots,35,37.0,99.36888885498047,99
sj,2,mixed_snapshots,36,38.0,101.93196868896484,101
sj,2,mixed_snapshots,37,34.0,53.848167419433594,53
sj,2,mixed_snapshots,38,26.0,32.35204315185547,32
sj,2,mixed_snapshots,39,19.0,29.63658332824707,29
sj,2,mixed_snapshots,40,18.0,26.328866958618164,26
sj,2,mixed_snapshots,41,22.0,21.404356002807617,21
sj,2,mixed_snapshots,42,16.0,18.603776931762695,18
sj,2,mixed_snapshots,43,18.0,20.11342430114746,20
sj,2,mixed_snapshots,44,6.0,17.492006301879883,17
sj,2,mixed_snapshots,45,12.0,14.831013679504395,14
sj,2,mixed_snapshots,46,6.0,13.227108001708984,13
sj,2,mixed_snapshots,47,6.0,13.700068473815918,13
sj,2,mixed_snapshots,48,3.0,15.119365692138672,15
sj,2,mixed_snapshots,49,7.0,13.291585922241211,13
sj,2,mixed_snapshots,50,6.0,10.894977569580078,10
sj,2,mixed_snapshots,51,1.0,12.575723648071289,12
sj,3,control,0,3.0,9.63044548034668,9
sj,3,control,1,2.0,6.814826011657715,6
sj,3,control,2,2.0,11.553707122802734,11
sj,3,control,3,1.0,9.896122932434082,9
sj,3,control,4,10.0,10.964780807495117,10
sj,3,control,5,3.0,10.965888023376465,10
sj,3,control,6,3.0,10.25752067565918,10
sj,3,control,7,1.0,11.830480575561523,11
sj,3,control,8,1.0,11.170758247375488,11
sj,3,control,9,2.0,10.742481231689453,10
sj,3,control,10,6.0,13.023221969604492,13
sj,3,control,11,3.0,11.374099731445312,11
sj,3,control,12,3.0,12.911704063415527,12
sj,3,control,13,5.0,12.32280445098877,12
sj,3,control,14,4.0,13.180988311767578,13
sj,3,control,15,7.0,16.19749641418457,16
sj,3,control,16,6.0,16.78070068359375,16
sj,3,control,17,5.0,17.01419448852539,17
sj,3,control,18,7.0,22.17937469482422,22
sj,3,control,19,6.0,44.25425338745117,44
sj,3,control,20,4.0,39.023681640625,39
sj,3,control,21,4.0,52.29176330566406,52
sj,3,control,22,7.0,62.849361419677734,62
sj,3,control,23,9.0,35.41696548461914,35
sj,3,control,24,5.0,62.74723815917969,62
sj,3,control,25,5.0,44.747825622558594,44
sj,3,control,26,10.0,66.8724365234375,66
sj,3,control,27,6.0,59.6661376953125,59
sj,3,control,28,13.0,84.31402587890625,84
sj,3,control,29,6.0,80.16189575195312,80
sj,3,control,30,5.0,73.08326721191406,73
sj,3,control,31,5.0,70.60353088378906,70
sj,3,control,32,9.0,67.74183654785156,67
sj,3,control,33,3.0,44.99900817871094,44
sj,3,control,34,6.0,34.07768249511719,34
sj,3,control,35,11.0,26.303146362304688,26
sj,3,control,36,7.0,25.851898193359375,25
sj,3,control,37,7.0,31.171192169189453,31
sj,3,control,38,15.0,26.968303680419922,26
sj,3,control,39,9.0,36.27957534790039,36
sj,3,control,40,6.0,25.378067016601562,25
sj,3,control,41,6.0,28.74854278564453,28
sj,3,control,42,6.0,32.28035354614258,32
sj,3,control,43,7.0,25.277488708496094,25
sj,3,control,44,10.0,31.714981079101562,31
sj,3,control,45,8.0,37.894283294677734,37
sj,3,control,46,7.0,39.26214599609375,39
sj,3,control,47,12.0,48.88549041748047,48
sj,3,control,48,3.0,30.78812026977539,30
sj,3,control,49,2.0,31.38054656982422,31
sj,3,control,50,7.0,14.783897399902344,14
sj,3,control,51,5.0,20.742525100708008,20
sj,3,improved_mean,0,3.0,9.631132125854492,9
sj,3,improved_mean,1,2.0,6.285524845123291,6
sj,3,improved_mean,2,2.0,10.610026359558105,10
sj,3,improved_mean,3,1.0,10.098307609558105,10
sj,3,improved_mean,4,10.0,11.31048583984375,11
sj,3,improved_mean,5,3.0,10.925247192382812,10
sj,3,improved_mean,6,3.0,10.22443675994873,10
sj,3,improved_mean,7,1.0,10.772186279296875,10
sj,3,improved_mean,8,1.0,10.276999473571777,10
sj,3,improved_mean,9,2.0,10.856802940368652,10
sj,3,improved_mean,10,6.0,12.569140434265137,12
sj,3,improved_mean,11,3.0,9.913558006286621,9
sj,3,improved_mean,12,3.0,11.780949592590332,11
sj,3,improved_mean,13,5.0,11.459515571594238,11
sj,3,improved_mean,14,4.0,13.321235656738281,13
sj,3,improved_mean,15,7.0,15.463305473327637,15
sj,3,improved_mean,16,6.0,18.491579055786133,18
sj,3,improved_mean,17,5.0,18.842538833618164,18
sj,3,improved_mean,18,7.0,22.192468643188477,22
sj,3,improved_mean,19,6.0,36.63346862792969,36
sj,3,improved_mean,20,4.0,30.546934127807617,30
sj,3,improved_mean,21,4.0,39.40537643432617,39
sj,3,improved_mean,22,7.0,53.5532112121582,53
sj,3,improved_mean,23,9.0,36.24931716918945,36
sj,3,improved_mean,24,5.0,58.63608932495117,58
sj,3,improved_mean,25,5.0,43.79973220825195,43
sj,3,improved_mean,26,10.0,61.26071548461914,61
sj,3,improved_mean,27,6.0,56.1010627746582,56
sj,3,improved_mean,28,13.0,91.50835418701172,91
sj,3,improved_mean,29,6.0,75.39942169189453,75
sj,3,improved_mean,30,5.0,67.19620513916016,67
sj,3,improved_mean,31,5.0,64.14395141601562,64
sj,3,improved_mean,32,9.0,71.8345718383789,71
sj,3,improved_mean,33,3.0,37.95649719238281,37
sj,3,improved_mean,34,6.0,32.9721565246582,32
sj,3,improved_mean,35,11.0,31.1451358795166,31
sj,3,improved_mean,36,7.0,27.08428382873535,27
sj,3,improved_mean,37,7.0,29.463293075561523,29
sj,3,improved_mean,38,15.0,30.1369686126709,30
sj,3,improved_mean,39,9.0,37.49199295043945,37
sj,3,improved_mean,40,6.0,30.925933837890625,30
sj,3,improved_mean,41,6.0,31.85064697265625,31
sj,3,improved_mean,42,6.0,32.34355163574219,32
sj,3,improved_mean,43,7.0,24.44977378845215,24
sj,3,improved_mean,44,10.0,35.46836853027344,35
sj,3,improved_mean,45,8.0,35.111663818359375,35
sj,3,improved_mean,46,7.0,38.45085525512695,38
sj,3,improved_mean,47,12.0,43.83583068847656,43
sj,3,improved_mean,48,3.0,28.20709800720215,28
sj,3,improved_mean,49,2.0,29.209531784057617,29
sj,3,improved_mean,50,7.0,14.914755821228027,14
sj,3,improved_mean,51,5.0,16.923110961914062,16
sj,3,improved_median,0,3.0,9.63044548034668,9
sj,3,improved_median,1,2.0,6.814826011657715,6
sj,3,improved_median,2,2.0,10.564760208129883,10
sj,3,improved_median,3,1.0,9.896122932434082,9
sj,3,improved_median,4,10.0,11.373941421508789,11
sj,3,improved_median,5,3.0,10.965888023376465,10
sj,3,improved_median,6,3.0,10.25752067565918,10
sj,3,improved_median,7,1.0,11.361401557922363,11
sj,3,improved_median,8,1.0,10.372835159301758,10
sj,3,improved_median,9,2.0,10.742481231689453,10
sj,3,improved_median,10,6.0,12.907868385314941,12
sj,3,improved_median,11,3.0,9.232187271118164,9
sj,3,improved_median,12,3.0,11.695978164672852,11
sj,3,improved_median,13,5.0,11.751150131225586,11
sj,3,improved_median,14,4.0,13.180988311767578,13
sj,3,improved_median,15,7.0,15.097990036010742,15
sj,3,improved_median,16,6.0,19.129318237304688,19
sj,3,improved_median,17,5.0,17.240238189697266,17
sj,3,improved_median,18,7.0,22.17937469482422,22
sj,3,improved_median,19,6.0,39.268394470214844,39
sj,3,improved_median,20,4.0,30.536731719970703,30
sj,3,improved_median,21,4.0,38.19034957885742,38
sj,3,improved_median,22,7.0,52.089534759521484,52
sj,3,improved_median,23,9.0,35.41696548461914,35
sj,3,improved_median,24,5.0,62.74723815917969,62
sj,3,improved_median,25,5.0,44.747825622558594,44
sj,3,improved_median,26,10.0,64.1303482055664,64
sj,3,improved_median,27,6.0,55.25919723510742,55
sj,3,improved_median,28,13.0,94.29891204833984,94
sj,3,improved_median,29,6.0,75.04375457763672,75
sj,3,improved_median,30,5.0,67.16671752929688,67
sj,3,improved_median,31,5.0,61.03912353515625,61
sj,3,improved_median,32,9.0,67.74183654785156,67
sj,3,improved_median,33,3.0,36.65142822265625,36
sj,3,improved_median,34,6.0,34.07768249511719,34
sj,3,improved_median,35,11.0,31.052528381347656,31
sj,3,improved_median,36,7.0,26.893104553222656,26
sj,3,improved_median,37,7.0,29.592113494873047,29
sj,3,improved_median,38,15.0,29.337478637695312,29
sj,3,improved_median,39,9.0,36.76543426513672,36
sj,3,improved_median,40,6.0,30.19378662109375,30
sj,3,improved_median,41,6.0,33.25387191772461,33
sj,3,improved_median,42,6.0,32.28035354614258,32
sj,3,improved_median,43,7.0,25.277488708496094,25
sj,3,improved_median,44,10.0,34.943695068359375,34
sj,3,improved_median,45,8.0,36.60557174682617,36
sj,3,improved_median,46,7.0,38.764041900634766,38
sj,3,improved_median,47,12.0,45.859500885009766,45
sj,3,improved_median,48,3.0,30.78812026977539,30
sj,3,improved_median,49,2.0,31.38054656982422,31
sj,3,improved_median,50,7.0,14.783897399902344,14
sj,3,improved_median,51,5.0,15.552498817443848,15
sj,3,improved_snapshots,0,3.0,9.986166000366211,9
sj,3,improved_snapshots,1,2.0,6.701128959655762,6
sj,3,improved_snapshots,2,2.0,11.020206451416016,11
sj,3,improved_snapshots,3,1.0,10.662410736083984,10
sj,3,improved_snapshots,4,10.0,11.560647964477539,11
sj,3,improved_snapshots,5,3.0,11.187911033630371,11
sj,3,improved_snapshots,6,3.0,10.828523635864258,10
sj,3,improved_snapshots,7,1.0,11.46845817565918,11
sj,3,improved_snapshots,8,1.0,11.059200286865234,11
sj,3,improved_snapshots,9,2.0,11.368672370910645,11
sj,3,improved_snapshots,10,6.0,12.706801414489746,12
sj,3,improved_snapshots,11,3.0,10.545255661010742,10
sj,3,improved_snapshots,12,3.0,11.877217292785645,11
sj,3,improved_snapshots,13,5.0,11.461455345153809,11
sj,3,improved_snapshots,14,4.0,13.29675006866455,13
sj,3,improved_snapshots,15,7.0,15.24481201171875,15
sj,3,improved_snapshots,16,6.0,18.584972381591797,18
sj,3,improved_snapshots,17,5.0,19.106082916259766,19
sj,3,improved_snapshots,18,7.0,21.849811553955078,21
sj,3,improved_snapshots,19,6.0,35.44341278076172,35
sj,3,improved_snapshots,20,4.0,29.95968246459961,29
sj,3,improved_snapshots,21,4.0,36.71189498901367,36
sj,3,improved_snapshots,22,7.0,52.70857238769531,52
sj,3,improved_snapshots,23,9.0,33.59007263183594,33
sj,3,improved_snapshots,24,5.0,56.98481750488281,56
sj,3,improved_snapshots,25,5.0,42.00912094116211,42
sj,3,improved_snapshots,26,10.0,61.60628128051758,61
sj,3,improved_snapshots,27,6.0,54.66620635986328,54
sj,3,improved_snapshots,28,13.0,88.78025817871094,88
sj,3,improved_snapshots,29,6.0,74.56426239013672,74
sj,3,improved_snapshots,30,5.0,64.52558135986328,64
sj,3,improved_snapshots,31,5.0,63.79212188720703,63
sj,3,improved_snapshots,32,9.0,70.23526763916016,70
sj,3,improved_snapshots,33,3.0,37.49806594848633,37
sj,3,improved_snapshots,34,6.0,31.627716064453125,31
sj,3,improved_snapshots,35,11.0,30.26425552368164,30
sj,3,improved_snapshots,36,7.0,25.87782096862793,25
sj,3,improved_snapshots,37,7.0,28.535512924194336,28
sj,3,improved_snapshots,38,15.0,29.334716796875,29
sj,3,improved_snapshots,39,9.0,37.62006378173828,37
sj,3,improved_snapshots,40,6.0,30.1358642578125,30
sj,3,improved_snapshots,41,6.0,31.706703186035156,31
sj,3,improved_snapshots,42,6.0,32.39649963378906,32
sj,3,improved_snapshots,43,7.0,24.422134399414062,24
sj,3,improved_snapshots,44,10.0,35.389373779296875,35
sj,3,improved_snapshots,45,8.0,33.622642517089844,33
sj,3,improved_snapshots,46,7.0,36.61781311035156,36
sj,3,improved_snapshots,47,12.0,41.5516242980957,41
sj,3,improved_snapshots,48,3.0,27.455318450927734,27
sj,3,improved_snapshots,49,2.0,27.85536766052246,27
sj,3,improved_snapshots,50,7.0,15.26885986328125,15
sj,3,improved_snapshots,51,5.0,17.256160736083984,17
sj,3,tuned_mean,0,3.0,11.7484712600708,11
sj,3,tuned_mean,1,2.0,8.195099830627441,8
sj,3,tuned_mean,2,2.0,11.835616111755371,11
sj,3,tuned_mean,3,1.0,12.749070167541504,12
sj,3,tuned_mean,4,10.0,13.163036346435547,13
sj,3,tuned_mean,5,3.0,13.154618263244629,13
sj,3,tuned_mean,6,3.0,12.734219551086426,12
sj,3,tuned_mean,7,1.0,13.40811538696289,13
sj,3,tuned_mean,8,1.0,11.694247245788574,11
sj,3,tuned_mean,9,2.0,13.121464729309082,13
sj,3,tuned_mean,10,6.0,14.545405387878418,14
sj,3,tuned_mean,11,3.0,12.084423065185547,12
sj,3,tuned_mean,12,3.0,13.423592567443848,13
sj,3,tuned_mean,13,5.0,12.716900825500488,12
sj,3,tuned_mean,14,4.0,13.790188789367676,13
sj,3,tuned_mean,15,7.0,14.95447826385498,14
sj,3,tuned_mean,16,6.0,20.206323623657227,20
sj,3,tuned_mean,17,5.0,18.166006088256836,18
sj,3,tuned_mean,18,7.0,21.30776023864746,21
sj,3,tuned_mean,19,6.0,42.143798828125,42
sj,3,tuned_mean,20,4.0,34.6306266784668,34
sj,3,tuned_mean,21,4.0,36.72523498535156,36
sj,3,tuned_mean,22,7.0,47.61015701293945,47
sj,3,tuned_mean,23,9.0,29.158464431762695,29
sj,3,tuned_mean,24,5.0,52.19981002807617,52
sj,3,tuned_mean,25,5.0,41.940250396728516,41
sj,3,tuned_mean,26,10.0,56.244388580322266,56
sj,3,tuned_mean,27,6.0,58.40126419067383,58
sj,3,tuned_mean,28,13.0,82.06582641601562,82
sj,3,tuned_mean,29,6.0,67.76605987548828,67
sj,3,tuned_mean,30,5.0,63.53076171875,63
sj,3,tuned_mean,31,5.0,55.71559524536133,55
sj,3,tuned_mean,32,9.0,63.577484130859375,63
sj,3,tuned_mean,33,3.0,39.6170654296875,39
sj,3,tuned_mean,34,6.0,29.81085777282715,29
sj,3,tuned_mean,35,11.0,31.346725463867188,31
sj,3,tuned_mean,36,7.0,26.186697006225586,26
sj,3,tuned_mean,37,7.0,28.044904708862305,28
sj,3,tuned_mean,38,15.0,25.403091430664062,25
sj,3,tuned_mean,39,9.0,32.8683967590332,32
sj,3,tuned_mean,40,6.0,28.567184448242188,28
sj,3,tuned_mean,41,6.0,28.3970890045166,28
sj,3,tuned_mean,42,6.0,28.604684829711914,28
sj,3,tuned_mean,43,7.0,22.512815475463867,22
sj,3,tuned_mean,44,10.0,34.03615951538086,34
sj,3,tuned_mean,45,8.0,31.1627197265625,31
sj,3,tuned_mean,46,7.0,37.21030044555664,37
sj,3,tuned_mean,47,12.0,47.53126907348633,47
sj,3,tuned_mean,48,3.0,28.332735061645508,28
sj,3,tuned_mean,49,2.0,31.922529220581055,31
sj,3,tuned_mean,50,7.0,15.125282287597656,15
sj,3,tuned_mean,51,5.0,16.28197479248047,16
sj,3,tuned_median,0,3.0,12.016006469726562,12
sj,3,tuned_median,1,2.0,8.14039421081543,8
sj,3,tuned_median,2,2.0,12.000799179077148,12
sj,3,tuned_median,3,1.0,12.4360990524292,12
sj,3,tuned_median,4,10.0,13.661946296691895,13
sj,3,tuned_median,5,3.0,12.496970176696777,12
sj,3,tuned_median,6,3.0,12.380743026733398,12
sj,3,tuned_median,7,1.0,13.706880569458008,13
sj,3,tuned_median,8,1.0,10.937530517578125,10
sj,3,tuned_median,9,2.0,13.773585319519043,13
sj,3,tuned_median,10,6.0,15.228399276733398,15
sj,3,tuned_median,11,3.0,11.831649780273438,11
sj,3,tuned_median,12,3.0,13.838497161865234,13
sj,3,tuned_median,13,5.0,13.781731605529785,13
sj,3,tuned_median,14,4.0,14.22950553894043,14
sj,3,tuned_median,15,7.0,15.136452674865723,15
sj,3,tuned_median,16,6.0,18.905792236328125,18
sj,3,tuned_median,17,5.0,18.21080780029297,18
sj,3,tuned_median,18,7.0,20.074907302856445,20
sj,3,tuned_median,19,6.0,45.27061462402344,45
sj,3,tuned_median,20,4.0,31.444660186767578,31
sj,3,tuned_median,21,4.0,37.52085494995117,37
sj,3,tuned_median,22,7.0,49.97835159301758,49
sj,3,tuned_median,23,9.0,29.952041625976562,29
sj,3,tuned_median,24,5.0,55.51292037963867,55
sj,3,tuned_median,25,5.0,39.70492935180664,39
sj,3,tuned_median,26,10.0,49.564788818359375,49
sj,3,tuned_median,27,6.0,59.24073028564453,59
sj,3,tuned_median,28,13.0,80.82540130615234,80
sj,3,tuned_median,29,6.0,70.03099060058594,70
sj,3,tuned_median,30,5.0,58.26004409790039,58
sj,3,tuned_median,31,5.0,53.514461517333984,53
sj,3,tuned_median,32,9.0,65.12437438964844,65
sj,3,tuned_median,33,3.0,38.61175537109375,38
sj,3,tuned_median,34,6.0,30.418575286865234,30
sj,3,tuned_median,35,11.0,30.09282875061035,30
sj,3,tuned_median,36,7.0,25.189044952392578,25
sj,3,tuned_median,37,7.0,28.260108947753906,28
sj,3,tuned_median,38,15.0,25.684389114379883,25
sj,3,tuned_median,39,9.0,34.249977111816406,34
sj,3,tuned_median,40,6.0,29.718822479248047,29
sj,3,tuned_median,41,6.0,28.546497344970703,28
sj,3,tuned_median,42,6.0,27.397294998168945,27
sj,3,tuned_median,43,7.0,20.83110237121582,20
sj,3,tuned_median,44,10.0,33.3736457824707,33
sj,3,tuned_median,45,8.0,29.46489143371582,29
sj,3,tuned_median,46,7.0,36.20624923706055,36
sj,3,tuned_median,47,12.0,43.90875244140625,43
sj,3,tuned_median,48,3.0,28.186731338500977,28
sj,3,tuned_median,49,2.0,31.489351272583008,31
sj,3,tuned_median,50,7.0,15.221683502197266,15
sj,3,tuned_median,51,5.0,15.125595092773438,15
sj,3,tuned_snapshots,0,3.0,11.981399536132812,11
sj,3,tuned_snapshots,1,2.0,8.110801696777344,8
sj,3,tuned_snapshots,2,2.0,12.425931930541992,12
sj,3,tuned_snapshots,3,1.0,13.13335132598877,13
sj,3,tuned_snapshots,4,10.0,13.275857925415039,13
sj,3,tuned_snapshots,5,3.0,13.335204124450684,13
sj,3,tuned_snapshots,6,3.0,12.955209732055664,12
sj,3,tuned_snapshots,7,1.0,13.434642791748047,13
sj,3,tuned_snapshots,8,1.0,12.508238792419434,12
sj,3,tuned_snapshots,9,2.0,13.457233428955078,13
sj,3,tuned_snapshots,10,6.0,14.42634105682373,14
sj,3,tuned_snapshots,11,3.0,12.433589935302734,12
sj,3,tuned_snapshots,12,3.0,13.384254455566406,13
sj,3,tuned_snapshots,13,5.0,13.085516929626465,13
sj,3,tuned_snapshots,14,4.0,13.941868782043457,13
sj,3,tuned_snapshots,15,7.0,14.886927604675293,14
sj,3,tuned_snapshots,16,6.0,19.564767837524414,19
sj,3,tuned_snapshots,17,5.0,18.001480102539062,18
sj,3,tuned_snapshots,18,7.0,21.09792137145996,21
sj,3,tuned_snapshots,19,6.0,41.91489028930664,41
sj,3,tuned_snapshots,20,4.0,35.136287689208984,35
sj,3,tuned_snapshots,21,4.0,37.52405548095703,37
sj,3,tuned_snapshots,22,7.0,49.760833740234375,49
sj,3,tuned_snapshots,23,9.0,31.58492088317871,31
sj,3,tuned_snapshots,24,5.0,53.770118713378906,53
sj,3,tuned_snapshots,25,5.0,43.20330810546875,43
sj,3,tuned_snapshots,26,10.0,57.1160888671875,57
sj,3,tuned_snapshots,27,6.0,59.16896057128906,59
sj,3,tuned_snapshots,28,13.0,83.58585357666016,83
sj,3,tuned_snapshots,29,6.0,69.18585205078125,69
sj,3,tuned_snapshots,30,5.0,63.69927215576172,63
sj,3,tuned_snapshots,31,5.0,55.803524017333984,55
sj,3,tuned_snapshots,32,9.0,63.48441696166992,63
sj,3,tuned_snapshots,33,3.0,41.032840728759766,41
sj,3,tuned_snapshots,34,6.0,30.192596435546875,30
sj,3,tuned_snapshots,35,11.0,31.57438087463379,31
sj,3,tuned_snapshots,36,7.0,26.692535400390625,26
sj,3,tuned_snapshots,37,7.0,27.68612289428711,27
sj,3,tuned_snapshots,38,15.0,25.851736068725586,25
sj,3,tuned_snapshots,39,9.0,33.19020080566406,33
sj,3,tuned_snapshots,40,6.0,28.007925033569336,28
sj,3,tuned_snapshots,41,6.0,28.285762786865234,28
sj,3,tuned_snapshots,42,6.0,27.95876121520996,27
sj,3,tuned_snapshots,43,7.0,22.107892990112305,22
sj,3,tuned_snapshots,44,10.0,33.41689682006836,33
sj,3,tuned_snapshots,45,8.0,31.30883026123047,31
sj,3,tuned_snapshots,46,7.0,36.5794677734375,36
sj,3,tuned_snapshots,47,12.0,46.08904266357422,46
sj,3,tuned_snapshots,48,3.0,27.73594093322754,27
sj,3,tuned_snapshots,49,2.0,30.40409278869629,30
sj,3,tuned_snapshots,50,7.0,14.87765121459961,14
sj,3,tuned_snapshots,51,5.0,15.721945762634277,15
sj,3,mixed_mean,0,3.0,10.689801216125488,10
sj,3,mixed_mean,1,2.0,7.240312099456787,7
sj,3,mixed_mean,2,2.0,11.222821235656738,11
sj,3,mixed_mean,3,1.0,11.423687934875488,11
sj,3,mixed_mean,4,10.0,12.236762046813965,12
sj,3,mixed_mean,5,3.0,12.039932250976562,12
sj,3,mixed_mean,6,3.0,11.479328155517578,11
sj,3,mixed_mean,7,1.0,12.090149879455566,12
sj,3,mixed_mean,8,1.0,10.985623359680176,10
sj,3,mixed_mean,9,2.0,11.98913288116455,11
sj,3,mixed_mean,10,6.0,13.557272911071777,13
sj,3,mixed_mean,11,3.0,10.998990058898926,10
sj,3,mixed_mean,12,3.0,12.602272033691406,12
sj,3,mixed_mean,13,5.0,12.088208198547363,12
sj,3,mixed_mean,14,4.0,13.555712699890137,13
sj,3,mixed_mean,15,7.0,15.208891868591309,15
sj,3,mixed_mean,16,6.0,19.34895133972168,19
sj,3,mixed_mean,17,5.0,18.504270553588867,18
sj,3,mixed_mean,18,7.0,21.75011444091797,21
sj,3,mixed_mean,19,6.0,39.388633728027344,39
sj,3,mixed_mean,20,4.0,32.58877944946289,32
sj,3,mixed_mean,21,4.0,38.065303802490234,38
sj,3,mixed_mean,22,7.0,50.58168411254883,50
sj,3,mixed_mean,23,9.0,32.703887939453125,32
sj,3,mixed_mean,24,5.0,55.41794967651367,55
sj,3,mixed_mean,25,5.0,42.8699951171875,42
sj,3,mixed_mean,26,10.0,58.7525520324707,58
sj,3,mixed_mean,27,6.0,57.25115966796875,57
sj,3,mixed_mean,28,13.0,86.7870864868164,86
sj,3,mixed_mean,29,6.0,71.5827407836914,71
sj,3,mixed_mean,30,5.0,65.36348724365234,65
sj,3,mixed_mean,31,5.0,59.92977523803711,59
sj,3,mixed_mean,32,9.0,67.7060317993164,67
sj,3,mixed_mean,33,3.0,38.786781311035156,38
sj,3,mixed_mean,34,6.0,31.391508102416992,31
sj,3,mixed_mean,35,11.0,31.24593162536621,31
sj,3,mixed_mean,36,7.0,26.63549041748047,26
sj,3,mixed_mean,37,7.0,28.75409698486328,28
sj,3,mixed_mean,38,15.0,27.770029067993164,27
sj,3,mixed_mean,39,9.0,35.18019485473633,35
sj,3,mixed_mean,40,6.0,29.74656105041504,29
sj,3,mixed_mean,41,6.0,30.123865127563477,30
sj,3,mixed_mean,42,6.0,30.474119186401367,30
sj,3,mixed_mean,43,7.0,23.481294631958008,23
sj,3,mixed_mean,44,10.0,34.752262115478516,34
sj,3,mixed_mean,45,8.0,33.13719177246094,33
sj,3,mixed_mean,46,7.0,37.8305778503418,37
sj,3,mixed_mean,47,12.0,45.68355178833008,45
sj,3,mixed_mean,48,3.0,28.26991844177246,28
sj,3,mixed_mean,49,2.0,30.566030502319336,30
sj,3,mixed_mean,50,7.0,15.02001953125,15
sj,3,mixed_mean,51,5.0,16.602540969848633,16
sj,3,mixed_snapshots,0,3.0,10.983782768249512,10
sj,3,mixed_snapshots,1,2.0,7.405965328216553,7
sj,3,mixed_snapshots,2,2.0,11.723067283630371,11
sj,3,mixed_snapshots,3,1.0,11.897881507873535,11
sj,3,mixed_snapshots,4,10.0,12.418252944946289,12
sj,3,mixed_snapshots,5,3.0,12.261556625366211,12
sj,3,mixed_snapshots,6,3.0,11.891866683959961,11
sj,3,mixed_snapshots,7,1.0,12.451550483703613,12
sj,3,mixed_snapshots,8,1.0,11.783720016479492,11
sj,3,mixed_snapshots,9,2.0,12.412952423095703,12
sj,3,mixed_snapshots,10,6.0,13.566570281982422,13
sj,3,mixed_snapshots,11,3.0,11.489422798156738,11
sj,3,mixed_snapshots,12,3.0,12.630736351013184,12
sj,3,mixed_snapshots,13,5.0,12.273486137390137,12
sj,3,mixed_snapshots,14,4.0,13.619308471679688,13
sj,3,mixed_snapshots,15,7.0,15.06587028503418,15
sj,3,mixed_snapshots,16,6.0,19.07486915588379,19
sj,3,mixed_snapshots,17,5.0,18.553781509399414,18
sj,3,mixed_snapshots,18,7.0,21.47386360168457,21
sj,3,mixed_snapshots,19,6.0,38.67914962768555,38
sj,3,mixed_snapshots,20,4.0,32.5479850769043,32
sj,3,mixed_snapshots,21,4.0,37.11797332763672,37
sj,3,mixed_snapshots,22,7.0,51.23469543457031,51
sj,3,mixed_snapshots,23,9.0,32.58749771118164,32
sj,3,mixed_snapshots,24,5.0,55.37746810913086,55
sj,3,mixed_snapshots,25,5.0,42.60621643066406,42
sj,3,mixed_snapshots,26,10.0,59.36118698120117,59
sj,3,mixed_snapshots,27,6.0,56.91758346557617,56
sj,3,mixed_snapshots,28,13.0,86.18305969238281,86
sj,3,mixed_snapshots,29,6.0,71.87506103515625,71
sj,3,mixed_snapshots,30,5.0,64.1124267578125,64
sj,3,mixed_snapshots,31,5.0,59.79782485961914,59
sj,3,mixed_snapshots,32,9.0,66.8598403930664,66
sj,3,mixed_snapshots,33,3.0,39.26545715332031,39
sj,3,mixed_snapshots,34,6.0,30.91015625,30
sj,3,mixed_snapshots,35,11.0,30.91931915283203,30
sj,3,mixed_snapshots,36,7.0,26.28518295288086,26
sj,3,mixed_snapshots,37,7.0,28.110816955566406,28
sj,3,mixed_snapshots,38,15.0,27.593229293823242,27
sj,3,mixed_snapshots,39,9.0,35.40513610839844,35
sj,3,mixed_snapshots,40,6.0,29.07189178466797,29
sj,3,mixed_snapshots,41,6.0,29.99623680114746,29
sj,3,mixed_snapshots,42,6.0,30.17763328552246,30
sj,3,mixed_snapshots,43,7.0,23.2650146484375,23
sj,3,mixed_snapshots,44,10.0,34.40313720703125,34
sj,3,mixed_snapshots,45,8.0,32.46574020385742,32
sj,3,mixed_snapshots,46,7.0,36.5986442565918,36
sj,3,mixed_snapshots,47,12.0,43.820335388183594,43
sj,3,mixed_snapshots,48,3.0,27.59562873840332,27
sj,3,mixed_snapshots,49,2.0,29.12973403930664,29
sj,3,mixed_snapshots,50,7.0,15.07325553894043,15
sj,3,mixed_snapshots,51,5.0,16.48905372619629,16
iq,1,control,0,10.0,9.786860466003418,9
iq,1,control,1,3.0,0.8339883685112,0
iq,1,control,2,12.0,0.08081603050231934,0
iq,1,control,3,7.0,0.07198840379714966,0
iq,1,control,4,6.0,-0.02916809916496277,0
iq,1,control,5,5.0,0.04900282621383667,0
iq,1,control,6,6.0,0.1833081841468811,0
iq,1,control,7,6.0,-0.08649712800979614,0
iq,1,control,8,6.0,-0.023140817880630493,0
iq,1,control,9,8.0,0.034421682357788086,0
iq,1,control,10,6.0,0.07941213250160217,0
iq,1,control,11,9.0,-0.0019774436950683594,0
iq,1,control,12,12.0,0.10695746541023254,0
iq,1,control,13,19.0,-0.004525721073150635,0
iq,1,control,14,8.0,0.10572955012321472,0
iq,1,control,15,16.0,0.7527908682823181,0
iq,1,control,16,21.0,0.06277382373809814,0
iq,1,control,17,6.0,0.7202517986297607,0
iq,1,control,18,22.0,0.6207600831985474,0
iq,1,control,19,37.0,0.3156907260417938,0
iq,1,control,20,33.0,0.2290453314781189,0
iq,1,control,21,18.0,0.12130779027938843,0
iq,1,control,22,83.0,2.395707368850708,2
iq,1,control,23,116.0,6.915322303771973,6
iq,1,control,24,32.0,4.719710350036621,4
iq,1,control,25,7.0,3.253291130065918,3
iq,1,control,26,9.0,5.852705001831055,5
iq,1,control,27,10.0,0.8288562893867493,0
iq,1,control,28,5.0,0.6534954905509949,0
iq,1,control,29,8.0,3.7180914878845215,3
iq,1,control,30,7.0,2.224574089050293,2
iq,1,control,31,8.0,2.4348740577697754,2
iq,1,control,32,11.0,2.795880079269409,2
iq,1,control,33,6.0,6.972611427307129,6
iq,1,control,34,7.0,6.610495567321777,6
iq,1,control,35,7.0,3.757032632827759,3
iq,1,control,36,14.0,3.5151188373565674,3
iq,1,control,37,7.0,1.7550742626190186,1
iq,1,control,38,9.0,3.162264585494995,3
iq,1,control,39,13.0,3.585113763809204,3
iq,1,control,40,16.0,2.4279448986053467,2
iq,1,control,41,7.0,5.059723854064941,5
iq,1,control,42,9.0,3.5221750736236572,3
iq,1,control,43,2.0,4.962943077087402,4
iq,1,control,44,13.0,2.4793999195098877,2
iq,1,control,45,8.0,5.114002227783203,5
iq,1,control,46,3.0,5.320049285888672,5
iq,1,control,47,5.0,3.0666325092315674,3
iq,1,control,48,4.0,3.8922622203826904,3
iq,1,control,49,8.0,1.2960395812988281,1
iq,1,control,50,2.0,1.1689552068710327,1
iq,1,control,51,3.0,3.1436965465545654,3
iq,1,improved_mean,0,10.0,9.726847648620605,9
iq,1,improved_mean,1,3.0,0.8527067303657532,0
iq,1,improved_mean,2,12.0,0.06309479475021362,0
iq,1,improved_mean,3,7.0,0.12123746424913406,0
iq,1,improved_mean,4,6.0,0.07127460092306137,0
iq,1,improved_mean,5,5.0,0.12423745542764664,0
iq,1,improved_mean,6,6.0,0.17603249847888947,0
iq,1,improved_mean,7,6.0,0.027371039614081383,0
iq,1,improved_mean,8,6.0,0.06649623066186905,0
iq,1,improved_mean,9,8.0,0.039820294827222824,0
iq,1,improved_mean,10,6.0,0.10599065572023392,0
iq,1,improved_mean,11,9.0,0.12966227531433105,0
iq,1,improved_mean,12,12.0,0.24580709636211395,0
iq,1,improved_mean,13,19.0,0.12965570390224457,0
iq,1,improved_mean,14,8.0,0.09191113710403442,0
iq,1,improved_mean,15,16.0,0.7293502688407898,0
iq,1,improved_mean,16,21.0,0.27932044863700867,0
iq,1,improved_mean,17,6.0,0.7325389981269836,0
iq,1,improved_mean,18,22.0,0.6576411128044128,0
iq,1,improved_mean,19,37.0,0.8482825756072998,0
iq,1,improved_mean,20,33.0,0.7911102175712585,0
iq,1,improved_mean,21,18.0,1.2113312482833862,1
iq,1,improved_mean,22,83.0,2.0506529808044434,2
iq,1,improved_mean,23,116.0,7.12197732925415,7
iq,1,improved_mean,24,32.0,4.393050670623779,4
iq,1,improved_mean,25,7.0,4.258452892303467,4
iq,1,improved_mean,26,9.0,4.976894378662109,4
iq,1,improved_mean,27,10.0,1.6564310789108276,1
iq,1,improved_mean,28,5.0,0.7604649066925049,0
iq,1,improved_mean,29,8.0,4.391141414642334,4
iq,1,improved_mean,30,7.0,3.2053229808807373,3
iq,1,improved_mean,31,8.0,3.739278793334961,3
iq,1,improved_mean,32,11.0,3.2347259521484375,3
iq,1,improved_mean,33,6.0,5.904983997344971,5
iq,1,improved_mean,34,7.0,5.893332004547119,5
iq,1,improved_mean,35,7.0,4.939571380615234,4
iq,1,improved_mean,36,14.0,3.919239044189453,3
iq,1,improved_mean,37,7.0,3.4201877117156982,3
iq,1,improved_mean,38,9.0,3.0193941593170166,3
iq,1,improved_mean,39,13.0,4.28317928314209,4
iq,1,improved_mean,40,16.0,4.499444961547852,4
iq,1,improved_mean,41,7.0,5.400461673736572,5
iq,1,improved_mean,42,9.0,3.4340667724609375,3
iq,1,improved_mean,43,2.0,4.852499008178711,4
iq,1,improved_mean,44,13.0,3.4498836994171143,3
iq,1,improved_mean,45,8.0,5.824248790740967,5
iq,1,improved_mean,46,3.0,5.4940948486328125,5
iq,1,improved_mean,47,5.0,3.620772361755371,3
iq,1,improved_mean,48,4.0,3.886323928833008,3
iq,1,improved_mean,49,8.0,2.5283069610595703,2
iq,1,improved_mean,50,2.0,2.795443534851074,2
iq,1,improved_mean,51,3.0,3.923177719116211,3
iq,1,improved_median,0,10.0,9.786860466003418,9
iq,1,improved_median,1,3.0,0.8339883685112,0
iq,1,improved_median,2,12.0,0.08081603050231934,0
iq,1,improved_median,3,7.0,0.07686957716941833,0
iq,1,improved_median,4,6.0,0.10191506147384644,0
iq,1,improved_median,5,5.0,0.08191020786762238,0
iq,1,improved_median,6,6.0,0.1833081841468811,0
iq,1,improved_median,7,6.0,0.029581934213638306,0
iq,1,improved_median,8,6.0,-0.01562640070915222,0
iq,1,improved_median,9,8.0,0.034421682357788086,0
iq,1,improved_median,10,6.0,0.07941213250160217,0
iq,1,improved_median,11,9.0,0.17881053686141968,0
iq,1,improved_median,12,12.0,0.13998663425445557,0
iq,1,improved_median,13,19.0,0.15976977348327637,0
iq,1,improved_median,14,8.0,0.10572955012321472,0
iq,1,improved_median,15,16.0,0.7527908682823181,0
iq,1,improved_median,16,21.0,0.09974712133407593,0
iq,1,improved_median,17,6.0,0.7202517986297607,0
iq,1,improved_median,18,22.0,0.6207600831985474,0
iq,1,improved_median,19,37.0,0.4872446358203888,0
iq,1,improved_median,20,33.0,0.42966657876968384,0
iq,1,improved_median,21,18.0,1.7457281351089478,1
iq,1,improved_median,22,83.0,2.395707368850708,2
iq,1,improved_median,23,116.0,6.915322303771973,6
iq,1,improved_median,24,32.0,4.468957901000977,4
iq,1,improved_median,25,7.0,4.421046257019043,4
iq,1,improved_median,26,9.0,5.316839694976807,5
iq,1,improved_median,27,10.0,1.5626832246780396,1
iq,1,improved_median,28,5.0,0.6534954905509949,0
iq,1,improved_median,29,8.0,3.7180914878845215,3
iq,1,improved_median,30,7.0,2.930086612701416,2
iq,1,improved_median,31,8.0,4.301119327545166,4
iq,1,improved_median,32,11.0,2.795880079269409,2
iq,1,improved_median,33,6.0,6.179771900177002,6
iq,1,improved_median,34,7.0,5.754073619842529,5
iq,1,improved_median,35,7.0,4.521470069885254,4
iq,1,improved_median,36,14.0,3.862663507461548,3
iq,1,improved_median,37,7.0,3.594848871231079,3
iq,1,improved_median,38,9.0,3.162264585494995,3
iq,1,improved_median,39,13.0,4.619153022766113,4
iq,1,improved_median,40,16.0,5.253662586212158,5
iq,1,improved_median,41,7.0,5.059723854064941,5
iq,1,improved_median,42,9.0,3.5221750736236572,3
iq,1,improved_median,43,2.0,4.962943077087402,4
iq,1,improved_median,44,13.0,3.373337507247925,3
iq,1,improved_median,45,8.0,5.114002227783203,5
iq,1,improved_median,46,3.0,5.320049285888672,5
iq,1,improved_median,47,5.0,3.0666325092315674,3
iq,1,improved_median,48,4.0,3.8922622203826904,3
iq,1,improved_median,49,8.0,3.1053388118743896,3
iq,1,improved_median,50,2.0,3.313196897506714,3
iq,1,improved_median,51,3.0,4.1222734451293945,4
iq,1,improved_snapshots,0,10.0,9.727486610412598,9
iq,1,improved_snapshots,1,3.0,0.8041465878486633,0
iq,1,improved_snapshots,2,12.0,0.13819730281829834,0
iq,1,improved_snapshots,3,7.0,0.1309678554534912,0
iq,1,improved_snapshots,4,6.0,0.10296261310577393,0
iq,1,improved_snapshots,5,5.0,0.12245505303144455,0
iq,1,improved_snapshots,6,6.0,0.19629992544651031,0
iq,1,improved_snapshots,7,6.0,0.011105315759778023,0
iq,1,improved_snapshots,8,6.0,0.04078873246908188,0
iq,1,improved_snapshots,9,8.0,0.00018704269314184785,0
iq,1,improved_snapshots,10,6.0,0.07048767060041428,0
iq,1,improved_snapshots,11,9.0,0.09203886240720749,0
iq,1,improved_snapshots,12,12.0,0.20425041019916534,0
iq,1,improved_snapshots,13,19.0,0.1349661946296692,0
iq,1,improved_snapshots,14,8.0,0.07879038900136948,0
iq,1,improved_snapshots,15,16.0,0.59527587890625,0
iq,1,improved_snapshots,16,21.0,0.2572997808456421,0
iq,1,improved_snapshots,17,6.0,0.7029696106910706,0
iq,1,improved_snapshots,18,22.0,0.730718195438385,0
iq,1,improved_snapshots,19,37.0,1.0030136108398438,1
iq,1,improved_snapshots,20,33.0,1.1340851783752441,1
iq,1,improved_snapshots,21,18.0,1.3664895296096802,1
iq,1,improved_snapshots,22,83.0,1.7738680839538574,1
iq,1,improved_snapshots,23,116.0,7.33790397644043,7
iq,1,improved_snapshots,24,32.0,4.417042255401611,4
iq,1,improved_snapshots,25,7.0,4.444890975952148,4
iq,1,improved_snapshots,26,9.0,5.283714294433594,5
iq,1,improved_snapshots,27,10.0,2.0078506469726562,2
iq,1,improved_snapshots,28,5.0,0.9025188088417053,0
iq,1,improved_snapshots,29,8.0,4.801474571228027,4
iq,1,improved_snapshots,30,7.0,3.5691473484039307,3
iq,1,improved_snapshots,31,8.0,4.2236857414245605,4
iq,1,improved_snapshots,32,11.0,3.6579678058624268,3
iq,1,improved_snapshots,33,6.0,5.932493686676025,5
iq,1,improved_snapshots,34,7.0,5.890581130981445,5
iq,1,improved_snapshots,35,7.0,4.640385627746582,4
iq,1,improved_snapshots,36,14.0,3.837938070297241,3
iq,1,improved_snapshots,37,7.0,3.9147796630859375,3
iq,1,improved_snapshots,38,9.0,3.3239965438842773,3
iq,1,improved_snapshots,39,13.0,4.471864700317383,4
iq,1,improved_snapshots,40,16.0,4.490477561950684,4
iq,1,improved_snapshots,41,7.0,5.674811840057373,5
iq,1,improved_snapshots,42,9.0,3.8195080757141113,3
iq,1,improved_snapshots,43,2.0,5.291656017303467,5
iq,1,improved_snapshots,44,13.0,3.601741313934326,3
iq,1,improved_snapshots,45,8.0,6.231442928314209,6
iq,1,improved_snapshots,46,3.0,5.772451400756836,5
iq,1,improved_snapshots,47,5.0,3.750856637954712,3
iq,1,improved_snapshots,48,4.0,4.381250858306885,4
iq,1,improved_snapshots,49,8.0,2.5573062896728516,2
iq,1,improved_snapshots,50,2.0,2.846362590789795,2
iq,1,improved_snapshots,51,3.0,4.005779266357422,4
iq,1,tuned_mean,0,10.0,9.81942081451416,9
iq,1,tuned_mean,1,3.0,0.8606173992156982,0
iq,1,tuned_mean,2,12.0,0.20801152288913727,0
iq,1,tuned_mean,3,7.0,0.1898590326309204,0
iq,1,tuned_mean,4,6.0,0.11076872795820236,0
iq,1,tuned_mean,5,5.0,0.2595594823360443,0
iq,1,tuned_mean,6,6.0,0.19281558692455292,0
iq,1,tuned_mean,7,6.0,0.16462169587612152,0
iq,1,tuned_mean,8,6.0,0.22641532123088837,0
iq,1,tuned_mean,9,8.0,0.16370785236358643,0
iq,1,tuned_mean,10,6.0,0.2160312682390213,0
iq,1,tuned_mean,11,9.0,0.19849927723407745,0
iq,1,tuned_mean,12,12.0,0.28819647431373596,0
iq,1,tuned_mean,13,19.0,0.29066982865333557,0
iq,1,tuned_mean,14,8.0,0.27980002760887146,0
iq,1,tuned_mean,15,16.0,0.44620296359062195,0
iq,1,tuned_mean,16,21.0,0.24360986053943634,0
iq,1,tuned_mean,17,6.0,0.4178442060947418,0
iq,1,tuned_mean,18,22.0,1.1604804992675781,1
iq,1,tuned_mean,19,37.0,0.7084123492240906,0
iq,1,tuned_mean,20,33.0,0.6836379170417786,0
iq,1,tuned_mean,21,18.0,0.6599673628807068,0
iq,1,tuned_mean,22,83.0,1.8494577407836914,1
iq,1,tuned_mean,23,116.0,6.876222610473633,6
iq,1,tuned_mean,24,32.0,4.058562755584717,4
iq,1,tuned_mean,25,7.0,4.841614246368408,4
iq,1,tuned_mean,26,9.0,4.980249881744385,4
iq,1,tuned_mean,27,10.0,2.0554563999176025,2
iq,1,tuned_mean,28,5.0,2.4780893325805664,2
iq,1,tuned_mean,29,8.0,5.060602188110352,5
iq,1,tuned_mean,30,7.0,3.9435718059539795,3
iq,1,tuned_mean,31,8.0,4.2854180335998535,4
iq,1,tuned_mean,32,11.0,5.2617878913879395,5
iq,1,tuned_mean,33,6.0,6.904130458831787,6
iq,1,tuned_mean,34,7.0,6.175835132598877,6
iq,1,tuned_mean,35,7.0,6.841472625732422,6
iq,1,tuned_mean,36,14.0,4.151315212249756,4
iq,1,tuned_mean,37,7.0,4.855967044830322,4
iq,1,tuned_mean,38,9.0,3.305286169052124,3
iq,1,tuned_mean,39,13.0,6.443751811981201,6
iq,1,tuned_mean,40,16.0,6.970804691314697,6
iq,1,tuned_mean,41,7.0,5.698373317718506,5
iq,1,tuned_mean,42,9.0,3.0195629596710205,3
iq,1,tuned_mean,43,2.0,5.927067279815674,5
iq,1,tuned_mean,44,13.0,3.9106647968292236,3
iq,1,tuned_mean,45,8.0,6.608736038208008,6
iq,1,tuned_mean,46,3.0,5.021978378295898,5
iq,1,tuned_mean,47,5.0,4.514725685119629,4
iq,1,tuned_mean,48,4.0,4.7925801277160645,4
iq,1,tuned_mean,49,8.0,1.966300129890442,1
iq,1,tuned_mean,50,2.0,3.3050453662872314,3
iq,1,tuned_mean,51,3.0,4.354518890380859,4
iq,1,tuned_median,0,10.0,9.722440719604492,9
iq,1,tuned_median,1,3.0,0.8639893531799316,0
iq,1,tuned_median,2,12.0,0.18867483735084534,0
iq,1,tuned_median,3,7.0,0.18127936124801636,0
iq,1,tuned_median,4,6.0,0.12527742981910706,0
iq,1,tuned_median,5,5.0,0.1784881353378296,0
iq,1,tuned_median,6,6.0,0.18605560064315796,0
iq,1,tuned_median,7,6.0,0.13885441422462463,0
iq,1,tuned_median,8,6.0,0.24486729502677917,0
iq,1,tuned_median,9,8.0,0.18073296546936035,0
iq,1,tuned_median,10,6.0,0.18470609188079834,0
iq,1,tuned_median,11,9.0,0.18158459663391113,0
iq,1,tuned_median,12,12.0,0.249507337808609,0
iq,1,tuned_median,13,19.0,0.27174484729766846,0
iq,1,tuned_median,14,8.0,0.25618982315063477,0
iq,1,tuned_median,15,16.0,0.4214971363544464,0
iq,1,tuned_median,16,21.0,0.18445301055908203,0
iq,1,tuned_median,17,6.0,0.4020117521286011,0
iq,1,tuned_median,18,22.0,1.4310193061828613,1
iq,1,tuned_median,19,37.0,0.7655975222587585,0
iq,1,tuned_median,20,33.0,0.5661656856536865,0
iq,1,tuned_median,21,18.0,0.5659963488578796,0
iq,1,tuned_median,22,83.0,2.3491125106811523,2
iq,1,tuned_median,23,116.0,6.897944927215576,6
iq,1,tuned_median,24,32.0,4.5493083000183105,4
iq,1,tuned_median,25,7.0,5.068885803222656,5
iq,1,tuned_median,26,9.0,4.8805437088012695,4
iq,1,tuned_median,27,10.0,2.091618299484253,2
iq,1,tuned_median,28,5.0,2.318000078201294,2
iq,1,tuned_median,29,8.0,5.010578155517578,5
iq,1,tuned_median,30,7.0,3.7875373363494873,3
iq,1,tuned_median,31,8.0,4.297008514404297,4
iq,1,tuned_median,32,11.0,5.527371406555176,5
iq,1,tuned_median,33,6.0,6.845774173736572,6
iq,1,tuned_median,34,7.0,6.200438022613525,6
iq,1,tuned_median,35,7.0,6.472010612487793,6
iq,1,tuned_median,36,14.0,3.967271327972412,3
iq,1,tuned_median,37,7.0,5.343207836151123,5
iq,1,tuned_median,38,9.0,3.124563694000244,3
iq,1,tuned_median,39,13.0,7.23866081237793,7
iq,1,tuned_median,40,16.0,7.277891159057617,7
iq,1,tuned_median,41,7.0,5.604119300842285,5
iq,1,tuned_median,42,9.0,3.525979995727539,3
iq,1,tuned_median,43,2.0,5.285404682159424,5
iq,1,tuned_median,44,13.0,3.703765392303467,3
iq,1,tuned_median,45,8.0,6.737616539001465,6
iq,1,tuned_median,46,3.0,5.022726535797119,5
iq,1,tuned_median,47,5.0,4.601677894592285,4
iq,1,tuned_median,48,4.0,4.107342720031738,4
iq,1,tuned_median,49,8.0,2.127941608428955,2
iq,1,tuned_median,50,2.0,3.215669631958008,3
iq,1,tuned_median,51,3.0,4.571450710296631,4
iq,1,tuned_snapshots,0,10.0,9.750187873840332,9
iq,1,tuned_snapshots,1,3.0,1.030390739440918,1
iq,1,tuned_snapshots,2,12.0,0.18402248620986938,0
iq,1,tuned_snapshots,3,7.0,0.165851429104805,0
iq,1,tuned_snapshots,4,6.0,0.13708597421646118,0
iq,1,tuned_snapshots,5,5.0,0.2540237605571747,0
iq,1,tuned_snapshots,6,6.0,0.17851626873016357,0
iq,1,tuned_snapshots,7,6.0,0.22377055883407593,0
iq,1,tuned_snapshots,8,6.0,0.1972484141588211,0
iq,1,tuned_snapshots,9,8.0,0.14434227347373962,0
iq,1,tuned_snapshots,10,6.0,0.21240609884262085,0
iq,1,tuned_snapshots,11,9.0,0.18222284317016602,0
iq,1,tuned_snapshots,12,12.0,0.2820189893245697,0
iq,1,tuned_snapshots,13,19.0,0.2720755338668823,0
iq,1,tuned_snapshots,14,8.0,0.258337140083313,0
iq,1,tuned_snapshots,15,16.0,0.4127791225910187,0
iq,1,tuned_snapshots,16,21.0,0.21870964765548706,0
iq,1,tuned_snapshots,17,6.0,0.38212504982948303,0
iq,1,tuned_snapshots,18,22.0,1.2861919403076172,1
iq,1,tuned_snapshots,19,37.0,0.9306716918945312,0
iq,1,tuned_snapshots,20,33.0,0.7861353158950806,0
iq,1,tuned_snapshots,21,18.0,0.8264103531837463,0
iq,1,tuned_snapshots,22,83.0,1.858101487159729,1
iq,1,tuned_snapshots,23,116.0,6.564652442932129,6
iq,1,tuned_snapshots,24,32.0,3.7487194538116455,3
iq,1,tuned_snapshots,25,7.0,5.087998390197754,5
iq,1,tuned_snapshots,26,9.0,5.119483470916748,5
iq,1,tuned_snapshots,27,10.0,2.338108539581299,2
iq,1,tuned_snapshots,28,5.0,2.761899471282959,2
iq,1,tuned_snapshots,29,8.0,5.515382766723633,5
iq,1,tuned_snapshots,30,7.0,4.270421504974365,4
iq,1,tuned_snapshots,31,8.0,4.546108722686768,4
iq,1,tuned_snapshots,32,11.0,5.523622035980225,5
iq,1,tuned_snapshots,33,6.0,6.816957473754883,6
iq,1,tuned_snapshots,34,7.0,6.223176002502441,6
iq,1,tuned_snapshots,35,7.0,6.814737796783447,6
iq,1,tuned_snapshots,36,14.0,4.332578182220459,4
iq,1,tuned_snapshots,37,7.0,5.0454230308532715,5
iq,1,tuned_snapshots,38,9.0,3.7004764080047607,3
iq,1,tuned_snapshots,39,13.0,6.5252156257629395,6
iq,1,tuned_snapshots,40,16.0,7.01890230178833,7
iq,1,tuned_snapshots,41,7.0,6.149218559265137,6
iq,1,tuned_snapshots,42,9.0,3.5999069213867188,3
iq,1,tuned_snapshots,43,2.0,6.428171634674072,6
iq,1,tuned_snapshots,44,13.0,4.048094272613525,4
iq,1,tuned_snapshots,45,8.0,6.735320091247559,6
iq,1,tuned_snapshots,46,3.0,5.298751354217529,5
iq,1,tuned_snapshots,47,5.0,4.887427806854248,4
iq,1,tuned_snapshots,48,4.0,5.028301239013672,5
iq,1,tuned_snapshots,49,8.0,2.3328490257263184,2
iq,1,tuned_snapshots,50,2.0,3.700597047805786,3
iq,1,tuned_snapshots,51,3.0,4.552219390869141,4
iq,1,mixed_mean,0,10.0,9.773134231567383,9
iq,1,mixed_mean,1,3.0,0.8566620945930481,0
iq,1,mixed_mean,2,12.0,0.13555316627025604,0
iq,1,mixed_mean,3,7.0,0.15554824471473694,0
iq,1,mixed_mean,4,6.0,0.09102166444063187,0
iq,1,mixed_mean,5,5.0,0.19189848005771637,0
iq,1,mixed_mean,6,6.0,0.1844240427017212,0
iq,1,mixed_mean,7,6.0,0.09599637240171432,0
iq,1,mixed_mean,8,6.0,0.1464557647705078,0
iq,1,mixed_mean,9,8.0,0.10176407545804977,0
iq,1,mixed_mean,10,6.0,0.1610109657049179,0
iq,1,mixed_mean,11,9.0,0.16408078372478485,0
iq,1,mixed_mean,12,12.0,0.26700177788734436,0
iq,1,mixed_mean,13,19.0,0.21016275882720947,0
iq,1,mixed_mean,14,8.0,0.18585558235645294,0
iq,1,mixed_mean,15,16.0,0.5877766013145447,0
iq,1,mixed_mean,16,21.0,0.2614651620388031,0
iq,1,mixed_mean,17,6.0,0.5751915574073792,0
iq,1,mixed_mean,18,22.0,0.9090607762336731,0
iq,1,mixed_mean,19,37.0,0.7783474326133728,0
iq,1,mixed_mean,20,33.0,0.7373740673065186,0
iq,1,mixed_mean,21,18.0,0.9356492161750793,0
iq,1,mixed_mean,22,83.0,1.950055480003357,1
iq,1,mixed_mean,23,116.0,6.9990997314453125,6
iq,1,mixed_mean,24,32.0,4.225806713104248,4
iq,1,mixed_mean,25,7.0,4.5500335693359375,4
iq,1,mixed_mean,26,9.0,4.978572368621826,4
iq,1,mixed_mean,27,10.0,1.8559436798095703,1
iq,1,mixed_mean,28,5.0,1.619277000427246,1
iq,1,mixed_mean,29,8.0,4.725871562957764,4
iq,1,mixed_mean,30,7.0,3.5744476318359375,3
iq,1,mixed_mean,31,8.0,4.012348175048828,4
iq,1,mixed_mean,32,11.0,4.248256683349609,4
iq,1,mixed_mean,33,6.0,6.404557704925537,6
iq,1,mixed_mean,34,7.0,6.034583568572998,6
iq,1,mixed_mean,35,7.0,5.890522003173828,5
iq,1,mixed_mean,36,14.0,4.035277366638184,4
iq,1,mixed_mean,37,7.0,4.138077259063721,4
iq,1,mixed_mean,38,9.0,3.162339925765991,3
iq,1,mixed_mean,39,13.0,5.363465785980225,5
iq,1,mixed_mean,40,16.0,5.7351250648498535,5
iq,1,mixed_mean,41,7.0,5.549417018890381,5
iq,1,mixed_mean,42,9.0,3.2268149852752686,3
iq,1,mixed_mean,43,2.0,5.3897833824157715,5
iq,1,mixed_mean,44,13.0,3.680274248123169,3
iq,1,mixed_mean,45,8.0,6.216492176055908,6
iq,1,mixed_mean,46,3.0,5.2580366134643555,5
iq,1,mixed_mean,47,5.0,4.0677490234375,4
iq,1,mixed_mean,48,4.0,4.339452266693115,4
iq,1,mixed_mean,49,8.0,2.2473034858703613,2
iq,1,mixed_mean,50,2.0,3.0502445697784424,3
iq,1,mixed_mean,51,3.0,4.138848304748535,4
iq,1,mixed_snapshots,0,10.0,9.738837242126465,9
iq,1,mixed_snapshots,1,3.0,0.9172687530517578,0
iq,1,mixed_snapshots,2,12.0,0.16110987961292267,0
iq,1,mixed_snapshots,3,7.0,0.1484096646308899,0
iq,1,mixed_snapshots,4,6.0,0.12002429366111755,0
iq,1,mixed_snapshots,5,5.0,0.18823939561843872,0
iq,1,mixed_snapshots,6,6.0,0.18740810453891754,0
iq,1,mixed_snapshots,7,6.0,0.1174379214644432,0
iq,1,mixed_snapshots,8,6.0,0.1190185546875,0
iq,1,mixed_snapshots,9,8.0,0.0722646489739418,0
iq,1,mixed_snapshots,10,6.0,0.14144687354564667,0
iq,1,mixed_snapshots,11,9.0,0.13713084161281586,0
iq,1,mixed_snapshots,12,12.0,0.24313470721244812,0
iq,1,mixed_snapshots,13,19.0,0.20352087914943695,0
iq,1,mixed_snapshots,14,8.0,0.16856378316879272,0
iq,1,mixed_snapshots,15,16.0,0.5040275454521179,0
iq,1,mixed_snapshots,16,21.0,0.23800474405288696,0
iq,1,mixed_snapshots,17,6.0,0.5425474047660828,0
iq,1,mixed_snapshots,18,22.0,1.0084549188613892,1
iq,1,mixed_snapshots,19,37.0,0.966842770576477,0
iq,1,mixed_snapshots,20,33.0,0.9601102471351624,0
iq,1,mixed_snapshots,21,18.0,1.0964500904083252,1
iq,1,mixed_snapshots,22,83.0,1.8159849643707275,1
iq,1,mixed_snapshots,23,116.0,6.951278209686279,6
iq,1,mixed_snapshots,24,32.0,4.08288049697876,4
iq,1,mixed_snapshots,25,7.0,4.766445159912109,4
iq,1,mixed_snapshots,26,9.0,5.20159912109375,5
iq,1,mixed_snapshots,27,10.0,2.1729795932769775,2
iq,1,mixed_snapshots,28,5.0,1.8322092294692993,1
iq,1,mixed_snapshots,29,8.0,5.15842866897583,5
iq,1,mixed_snapshots,30,7.0,3.9197840690612793,3
iq,1,mixed_snapshots,31,8.0,4.384897232055664,4
iq,1,mixed_snapshots,32,11.0,4.590795040130615,4
iq,1,mixed_snapshots,33,6.0,6.374726295471191,6
iq,1,mixed_snapshots,34,7.0,6.056878566741943,6
iq,1,mixed_snapshots,35,7.0,5.727560997009277,5
iq,1,mixed_snapshots,36,14.0,4.0852580070495605,4
iq,1,mixed_snapshots,37,7.0,4.480101108551025,4
iq,1,mixed_snapshots,38,9.0,3.5122363567352295,3
iq,1,mixed_snapshots,39,13.0,5.498539924621582,5
iq,1,mixed_snapshots,40,16.0,5.754690170288086,5
iq,1,mixed_snapshots,41,7.0,5.912015914916992,5
iq,1,mixed_snapshots,42,9.0,3.709707498550415,3
iq,1,mixed_snapshots,43,2.0,5.859914779663086,5
iq,1,mixed_snapshots,44,13.0,3.824917793273926,3
iq,1,mixed_snapshots,45,8.0,6.483381271362305,6
iq,1,mixed_snapshots,46,3.0,5.535601615905762,5
iq,1,mixed_snapshots,47,5.0,4.3191423416137695,4
iq,1,mixed_snapshots,48,4.0,4.704776287078857,4
iq,1,mixed_snapshots,49,8.0,2.445077657699585,2
iq,1,mixed_snapshots,50,2.0,3.27347993850708,3
iq,1,mixed_snapshots,51,3.0,4.278998374938965,4
iq,2,control,0,5.0,1.3550198078155518,1
iq,2,control,1,7.0,2.17087459564209,2
iq,2,control,2,3.0,0.7264119386672974,0
iq,2,control,3,5.0,0.7591859102249146,0
iq,2,control,4,6.0,0.4015519917011261,0
iq,2,control,5,5.0,0.10319223999977112,0
iq,2,control,6,5.0,0.0399225652217865,0
iq,2,control,7,4.0,-0.049702227115631104,0
iq,2,control,8,0.0,0.0011681914329528809,0
iq,2,control,9,0.0,-0.07562550902366638,0
iq,2,control,10,0.0,-0.028184324502944946,0
iq,2,control,11,0.0,-0.0015333592891693115,0
iq,2,control,12,0.0,-0.0010544061660766602,0
iq,2,control,13,2.0,0.12043702602386475,0
iq,2,control,14,4.0,0.1139269769191742,0
iq,2,control,15,4.0,0.04510501027107239,0
iq,2,control,16,3.0,0.08863222599029541,0
iq,2,control,17,3.0,0.018427789211273193,0
iq,2,control,18,5.0,0.04109188914299011,0
iq,2,control,19,6.0,0.3633275628089905,0
iq,2,control,20,14.0,1.3693227767944336,1
iq,2,control,21,3.0,6.790933609008789,6
iq,2,control,22,7.0,19.188526153564453,19
iq,2,control,23,11.0,13.574252128601074,13
iq,2,control,24,2.0,14.634810447692871,14
iq,2,control,25,6.0,4.714250087738037,4
iq,2,control,26,8.0,6.582746505737305,6
iq,2,control,27,25.0,4.903810501098633,4
iq,2,control,28,21.0,10.125874519348145,10
iq,2,control,29,10.0,2.8264760971069336,2
iq,2,control,30,28.0,12.192167282104492,12
iq,2,control,31,39.0,8.424630165100098,8
iq,2,control,32,20.0,6.803501129150391,6
iq,2,control,33,24.0,7.232423782348633,7
iq,2,control,34,28.0,7.200030326843262,7
iq,2,control,35,26.0,8.284326553344727,8
iq,2,control,36,8.0,9.216972351074219,9
iq,2,control,37,9.0,7.931414604187012,7
iq,2,control,38,12.0,6.226584434509277,6
iq,2,control,39,18.0,5.768121719360352,5
iq,2,control,40,9.0,6.9139580726623535,6
iq,2,control,41,9.0,7.857607841491699,7
iq,2,control,42,6.0,8.814983367919922,8
iq,2,control,43,6.0,10.665010452270508,10
iq,2,control,44,8.0,13.81120491027832,13
iq,2,control,45,5.0,9.567754745483398,9
iq,2,control,46,7.0,8.458540916442871,8
iq,2,control,47,6.0,4.916531562805176,4
iq,2,control,48,5.0,0.15753033757209778,0
iq,2,control,49,3.0,0.1829673945903778,0
iq,2,control,50,1.0,0.29903891682624817,0
iq,2,control,51,0.0,0.6473374366760254,0
iq,2,improved_mean,0,5.0,1.8766860961914062,1
iq,2,improved_mean,1,7.0,2.7503464221954346,2
iq,2,improved_mean,2,3.0,1.580147385597229,1
iq,2,improved_mean,3,5.0,1.0937038660049438,1
iq,2,improved_mean,4,6.0,1.0563703775405884,1
iq,2,improved_mean,5,5.0,0.3207379877567291,0
iq,2,improved_mean,6,5.0,0.2126985788345337,0
iq,2,improved_mean,7,4.0,0.17064909636974335,0
iq,2,improved_mean,8,0.0,0.12708090245723724,0
iq,2,improved_mean,9,0.0,0.03947289288043976,0
iq,2,improved_mean,10,0.0,0.03228522464632988,0
iq,2,improved_mean,11,0.0,0.12180516123771667,0
iq,2,improved_mean,12,0.0,0.1679825335741043,0
iq,2,improved_mean,13,2.0,0.29242071509361267,0
iq,2,improved_mean,14,4.0,0.17747171223163605,0
iq,2,improved_mean,15,4.0,0.15859714150428772,0
iq,2,improved_mean,16,3.0,0.2223663330078125,0
iq,2,improved_mean,17,3.0,0.11473065614700317,0
iq,2,improved_mean,18,5.0,0.2991100549697876,0
iq,2,improved_mean,19,6.0,1.7388826608657837,1
iq,2,improved_mean,20,14.0,2.036336660385132,2
iq,2,improved_mean,21,3.0,9.263519287109375,9
iq,2,improved_mean,22,7.0,19.708799362182617,19
iq,2,improved_mean,23,11.0,15.833439826965332,15
iq,2,improved_mean,24,2.0,11.925871849060059,11
iq,2,improved_mean,25,6.0,6.351032257080078,6
iq,2,improved_mean,26,8.0,8.198833465576172,8
iq,2,improved_mean,27,25.0,3.3025665283203125,3
iq,2,improved_mean,28,21.0,8.777266502380371,8
iq,2,improved_mean,29,10.0,2.015852212905884,2
iq,2,improved_mean,30,28.0,9.22879695892334,9
iq,2,improved_mean,31,39.0,8.346135139465332,8
iq,2,improved_mean,32,20.0,6.1188507080078125,6
iq,2,improved_mean,33,24.0,6.390033721923828,6
iq,2,improved_mean,34,28.0,7.9608073234558105,7
iq,2,improved_mean,35,26.0,8.514046669006348,8
iq,2,improved_mean,36,8.0,8.924452781677246,8
iq,2,improved_mean,37,9.0,8.121223449707031,8
iq,2,improved_mean,38,12.0,7.6037211418151855,7
iq,2,improved_mean,39,18.0,7.02619743347168,7
iq,2,improved_mean,40,9.0,7.0856451988220215,7
iq,2,improved_mean,41,9.0,8.249446868896484,8
iq,2,improved_mean,42,6.0,9.132580757141113,9
iq,2,improved_mean,43,6.0,9.503514289855957,9
iq,2,improved_mean,44,8.0,10.94416332244873,10
iq,2,improved_mean,45,5.0,7.649711608886719,7
iq,2,improved_mean,46,7.0,7.487839221954346,7
iq,2,improved_mean,47,6.0,5.356956481933594,5
iq,2,improved_mean,48,5.0,0.2862074077129364,0
iq,2,improved_mean,49,3.0,0.6468483805656433,0
iq,2,improved_mean,50,1.0,0.8613211512565613,0
iq,2,improved_mean,51,0.0,1.0290218591690063,1
iq,2,improved_median,0,5.0,1.5347219705581665,1
iq,2,improved_median,1,7.0,2.3016040325164795,2
iq,2,improved_median,2,3.0,1.8690615892410278,1
iq,2,improved_median,3,5.0,1.1015641689300537,1
iq,2,improved_median,4,6.0,1.336272120475769,1
iq,2,improved_median,5,5.0,0.3884654641151428,0
iq,2,improved_median,6,5.0,0.23164013028144836,0
iq,2,improved_median,7,4.0,0.24861502647399902,0
iq,2,improved_median,8,0.0,0.04885542392730713,0
iq,2,improved_median,9,0.0,0.01367303729057312,0
iq,2,improved_median,10,0.0,-0.028184324502944946,0
iq,2,improved_median,11,0.0,0.15411600470542908,0
iq,2,improved_median,12,0.0,0.14595136046409607,0
iq,2,improved_median,13,2.0,0.2775765061378479,0
iq,2,improved_median,14,4.0,0.1797821819782257,0
iq,2,improved_median,15,4.0,0.1693059504032135,0
iq,2,improved_median,16,3.0,0.15469613671302795,0
iq,2,improved_median,17,3.0,0.1534743458032608,0
iq,2,improved_median,18,5.0,0.3418723940849304,0
iq,2,improved_median,19,6.0,2.0104966163635254,2
iq,2,improved_median,20,14.0,2.1058125495910645,2
iq,2,improved_median,21,3.0,8.769543647766113,8
iq,2,improved_median,22,7.0,19.188526153564453,19
iq,2,improved_median,23,11.0,14.881279945373535,14
iq,2,improved_median,24,2.0,12.399687767028809,12
iq,2,improved_median,25,6.0,5.223165988922119,5
iq,2,improved_median,26,8.0,8.76913070678711,8
iq,2,improved_median,27,25.0,2.8283095359802246,2
iq,2,improved_median,28,21.0,10.0167818069458,10
iq,2,improved_median,29,10.0,2.041867971420288,2
iq,2,improved_median,30,28.0,8.372435569763184,8
iq,2,improved_median,31,39.0,8.424630165100098,8
iq,2,improved_median,32,20.0,6.1520915031433105,6
iq,2,improved_median,33,24.0,6.313766956329346,6
iq,2,improved_median,34,28.0,7.29115629196167,7
iq,2,improved_median,35,26.0,8.41115665435791,8
iq,2,improved_median,36,8.0,8.945590019226074,8
iq,2,improved_median,37,9.0,7.931414604187012,7
iq,2,improved_median,38,12.0,7.615055084228516,7
iq,2,improved_median,39,18.0,6.520827770233154,6
iq,2,improved_median,40,9.0,6.9139580726623535,6
iq,2,improved_median,41,9.0,8.17686939239502,8
iq,2,improved_median,42,6.0,8.814983367919922,8
iq,2,improved_median,43,6.0,10.665010452270508,10
iq,2,improved_median,44,8.0,11.016297340393066,11
iq,2,improved_median,45,5.0,6.77699613571167,6
iq,2,improved_median,46,7.0,7.61866569519043,7
iq,2,improved_median,47,6.0,5.187069892883301,5
iq,2,improved_median,48,5.0,0.24489924311637878,0
iq,2,improved_median,49,3.0,0.40739989280700684,0
iq,2,improved_median,50,1.0,0.8751767873764038,0
iq,2,improved_median,51,0.0,0.8138891458511353,0
iq,2,improved_snapshots,0,5.0,1.9401650428771973,1
iq,2,improved_snapshots,1,7.0,2.957796335220337,2
iq,2,improved_snapshots,2,3.0,1.8052937984466553,1
iq,2,improved_snapshots,3,5.0,1.2431946992874146,1
iq,2,improved_snapshots,4,6.0,1.2781180143356323,1
iq,2,improved_snapshots,5,5.0,0.3666278123855591,0
iq,2,improved_snapshots,6,5.0,0.18799979984760284,0
iq,2,improved_snapshots,7,4.0,0.15367759764194489,0
iq,2,improved_snapshots,8,0.0,0.12318833917379379,0
iq,2,improved_snapshots,9,0.0,0.015143507160246372,0
iq,2,improved_snapshots,10,0.0,0.004227969329804182,0
iq,2,improved_snapshots,11,0.0,0.09896620362997055,0
iq,2,improved_snapshots,12,0.0,0.13890418410301208,0
iq,2,improved_snapshots,13,2.0,0.2743889093399048,0
iq,2,improved_snapshots,14,4.0,0.1555611938238144,0
iq,2,improved_snapshots,15,4.0,0.13648521900177002,0
iq,2,improved_snapshots,16,3.0,0.18781596422195435,0
iq,2,improved_snapshots,17,3.0,0.09103593230247498,0
iq,2,improved_snapshots,18,5.0,0.23425006866455078,0
iq,2,improved_snapshots,19,6.0,1.2691317796707153,1
iq,2,improved_snapshots,20,14.0,1.5512908697128296,1
iq,2,improved_snapshots,21,3.0,8.716657638549805,8
iq,2,improved_snapshots,22,7.0,18.972286224365234,18
iq,2,improved_snapshots,23,11.0,15.241182327270508,15
iq,2,improved_snapshots,24,2.0,11.925435066223145,11
iq,2,improved_snapshots,25,6.0,6.261289596557617,6
iq,2,improved_snapshots,26,8.0,8.225729942321777,8
iq,2,improved_snapshots,27,25.0,3.45281720161438,3
iq,2,improved_snapshots,28,21.0,8.909928321838379,8
iq,2,improved_snapshots,29,10.0,2.234572649002075,2
iq,2,improved_snapshots,30,28.0,9.03237533569336,9
iq,2,improved_snapshots,31,39.0,7.994826316833496,7
iq,2,improved_snapshots,32,20.0,5.55781888961792,5
iq,2,improved_snapshots,33,24.0,6.027209758758545,6
iq,2,improved_snapshots,34,28.0,7.43937349319458,7
iq,2,improved_snapshots,35,26.0,8.171589851379395,8
iq,2,improved_snapshots,36,8.0,8.919330596923828,8
iq,2,improved_snapshots,37,9.0,7.588608741760254,7
iq,2,improved_snapshots,38,12.0,7.076288223266602,7
iq,2,improved_snapshots,39,18.0,6.652557849884033,6
iq,2,improved_snapshots,40,9.0,6.991861343383789,6
iq,2,improved_snapshots,41,9.0,8.388998031616211,8
iq,2,improved_snapshots,42,6.0,9.27935791015625,9
iq,2,improved_snapshots,43,6.0,9.45077896118164,9
iq,2,improved_snapshots,44,8.0,10.840104103088379,10
iq,2,improved_snapshots,45,5.0,7.662331581115723,7
iq,2,improved_snapshots,46,7.0,7.434236526489258,7
iq,2,improved_snapshots,47,6.0,5.31880521774292,5
iq,2,improved_snapshots,48,5.0,0.28451812267303467,0
iq,2,improved_snapshots,49,3.0,0.7351523637771606,0
iq,2,improved_snapshots,50,1.0,1.0291963815689087,1
iq,2,improved_snapshots,51,0.0,0.9781119227409363,0
iq,2,tuned_mean,0,5.0,2.220355272293091,2
iq,2,tuned_mean,1,7.0,3.1658008098602295,3
iq,2,tuned_mean,2,3.0,1.616445541381836,1
iq,2,tuned_mean,3,5.0,0.7933805584907532,0
iq,2,tuned_mean,4,6.0,0.7655214667320251,0
iq,2,tuned_mean,5,5.0,0.46545425057411194,0
iq,2,tuned_mean,6,5.0,0.31705641746520996,0
iq,2,tuned_mean,7,4.0,0.3367459774017334,0
iq,2,tuned_mean,8,0.0,0.37524592876434326,0
iq,2,tuned_mean,9,0.0,0.10278212279081345,0
iq,2,tuned_mean,10,0.0,0.22799642384052277,0
iq,2,tuned_mean,11,0.0,0.2017717808485031,0
iq,2,tuned_mean,12,0.0,0.32332801818847656,0
iq,2,tuned_mean,13,2.0,0.44022059440612793,0
iq,2,tuned_mean,14,4.0,0.4031139314174652,0
iq,2,tuned_mean,15,4.0,0.2571970522403717,0
iq,2,tuned_mean,16,3.0,0.30961737036705017,0
iq,2,tuned_mean,17,3.0,0.2955770790576935,0
iq,2,tuned_mean,18,5.0,0.4054637849330902,0
iq,2,tuned_mean,19,6.0,3.0497283935546875,3
iq,2,tuned_mean,20,14.0,2.818481206893921,2
iq,2,tuned_mean,21,3.0,11.031023979187012,11
iq,2,tuned_mean,22,7.0,17.77901840209961,17
iq,2,tuned_mean,23,11.0,13.598906517028809,13
iq,2,tuned_mean,24,2.0,10.07987117767334,10
iq,2,tuned_mean,25,6.0,8.450591087341309,8
iq,2,tuned_mean,26,8.0,12.142363548278809,12
iq,2,tuned_mean,27,25.0,5.460702419281006,5
iq,2,tuned_mean,28,21.0,8.121720314025879,8
iq,2,tuned_mean,29,10.0,2.2992336750030518,2
iq,2,tuned_mean,30,28.0,8.855406761169434,8
iq,2,tuned_mean,31,39.0,10.617690086364746,10
iq,2,tuned_mean,32,20.0,7.154257297515869,7
iq,2,tuned_mean,33,24.0,6.901464939117432,6
iq,2,tuned_mean,34,28.0,7.561077117919922,7
iq,2,tuned_mean,35,26.0,6.8808722496032715,6
iq,2,tuned_mean,36,8.0,8.50395679473877,8
iq,2,tuned_mean,37,9.0,7.465953826904297,7
iq,2,tuned_mean,38,12.0,6.532839298248291,6
iq,2,tuned_mean,39,18.0,6.674999713897705,6
iq,2,tuned_mean,40,9.0,6.540105819702148,6
iq,2,tuned_mean,41,9.0,7.5451788902282715,7
iq,2,tuned_mean,42,6.0,8.49116039276123,8
iq,2,tuned_mean,43,6.0,8.608059883117676,8
iq,2,tuned_mean,44,8.0,10.527042388916016,10
iq,2,tuned_mean,45,5.0,8.631367683410645,8
iq,2,tuned_mean,46,7.0,8.555584907531738,8
iq,2,tuned_mean,47,6.0,5.434092998504639,5
iq,2,tuned_mean,48,5.0,0.9121914505958557,0
iq,2,tuned_mean,49,3.0,1.5598430633544922,1
iq,2,tuned_mean,50,1.0,1.1879810094833374,1
iq,2,tuned_mean,51,0.0,1.6473592519760132,1
iq,2,tuned_median,0,5.0,2.127579927444458,2
iq,2,tuned_median,1,7.0,3.2392373085021973,3
iq,2,tuned_median,2,3.0,1.7128257751464844,1
iq,2,tuned_median,3,5.0,0.5377289056777954,0
iq,2,tuned_median,4,6.0,0.7661418914794922,0
iq,2,tuned_median,5,5.0,0.35445094108581543,0
iq,2,tuned_median,6,5.0,0.2121291160583496,0
iq,2,tuned_median,7,4.0,0.23980596661567688,0
iq,2,tuned_median,8,0.0,0.23548221588134766,0
iq,2,tuned_median,9,0.0,0.08066004514694214,0
iq,2,tuned_median,10,0.0,0.210629403591156,0
iq,2,tuned_median,11,0.0,0.21051496267318726,0
iq,2,tuned_median,12,0.0,0.21168118715286255,0
iq,2,tuned_median,13,2.0,0.22533801198005676,0
iq,2,tuned_median,14,4.0,0.22501063346862793,0
iq,2,tuned_median,15,4.0,0.21261954307556152,0
iq,2,tuned_median,16,3.0,0.20793947577476501,0
iq,2,tuned_median,17,3.0,0.20960122346878052,0
iq,2,tuned_median,18,5.0,0.29016751050949097,0
iq,2,tuned_median,19,6.0,2.6462512016296387,2
iq,2,tuned_median,20,14.0,2.729240894317627,2
iq,2,tuned_median,21,3.0,11.04902458190918,11
iq,2,tuned_median,22,7.0,17.005945205688477,17
iq,2,tuned_median,23,11.0,13.396629333496094,13
iq,2,tuned_median,24,2.0,8.4481840133667,8
iq,2,tuned_median,25,6.0,8.09954833984375,8
iq,2,tuned_median,26,8.0,12.916932106018066,12
iq,2,tuned_median,27,25.0,5.279903888702393,5
iq,2,tuned_median,28,21.0,8.155253410339355,8
iq,2,tuned_median,29,10.0,2.141698122024536,2
iq,2,tuned_median,30,28.0,9.115849494934082,9
iq,2,tuned_median,31,39.0,10.651891708374023,10
iq,2,tuned_median,32,20.0,6.902510643005371,6
iq,2,tuned_median,33,24.0,6.869091510772705,6
iq,2,tuned_median,34,28.0,7.89445686340332,7
iq,2,tuned_median,35,26.0,7.132833957672119,7
iq,2,tuned_median,36,8.0,8.114214897155762,8
iq,2,tuned_median,37,9.0,6.909204483032227,6
iq,2,tuned_median,38,12.0,6.017416954040527,6
iq,2,tuned_median,39,18.0,6.302252292633057,6
iq,2,tuned_median,40,9.0,6.665676593780518,6
iq,2,tuned_median,41,9.0,7.551695823669434,7
iq,2,tuned_median,42,6.0,7.854498863220215,7
iq,2,tuned_median,43,6.0,8.788241386413574,8
iq,2,tuned_median,44,8.0,10.295857429504395,10
iq,2,tuned_median,45,5.0,8.193075180053711,8
iq,2,tuned_median,46,7.0,8.795063972473145,8
iq,2,tuned_median,47,6.0,5.345246315002441,5
iq,2,tuned_median,48,5.0,1.0025386810302734,1
iq,2,tuned_median,49,3.0,1.2518105506896973,1
iq,2,tuned_median,50,1.0,0.8119194507598877,0
iq,2,tuned_median,51,0.0,1.4237792491912842,1
iq,2,tuned_snapshots,0,5.0,2.402707099914551,2
iq,2,tuned_snapshots,1,7.0,3.1752240657806396,3
iq,2,tuned_snapshots,2,3.0,1.6463775634765625,1
iq,2,tuned_snapshots,3,5.0,0.8313441872596741,0
iq,2,tuned_snapshots,4,6.0,0.8420103788375854,0
iq,2,tuned_snapshots,5,5.0,0.45247623324394226,0
iq,2,tuned_snapshots,6,5.0,0.30167651176452637,0
iq,2,tuned_snapshots,7,4.0,0.31377601623535156,0
iq,2,tuned_snapshots,8,0.0,0.3640277683734894,0
iq,2,tuned_snapshots,9,0.0,0.10722538828849792,0
iq,2,tuned_snapshots,10,0.0,0.22264464199543,0
iq,2,tuned_snapshots,11,0.0,0.18128064274787903,0
iq,2,tuned_snapshots,12,0.0,0.30094820261001587,0
iq,2,tuned_snapshots,13,2.0,0.4244970679283142,0
iq,2,tuned_snapshots,14,4.0,0.3821697533130646,0
iq,2,tuned_snapshots,15,4.0,0.25398170948028564,0
iq,2,tuned_snapshots,16,3.0,0.2793806493282318,0
iq,2,tuned_snapshots,17,3.0,0.27077487111091614,0
iq,2,tuned_snapshots,18,5.0,0.36904165148735046,0
iq,2,tuned_snapshots,19,6.0,2.0187950134277344,2
iq,2,tuned_snapshots,20,14.0,1.7922132015228271,1
iq,2,tuned_snapshots,21,3.0,9.937353134155273,9
iq,2,tuned_snapshots,22,7.0,16.285240173339844,16
iq,2,tuned_snapshots,23,11.0,12.635271072387695,12
iq,2,tuned_snapshots,24,2.0,9.644343376159668,9
iq,2,tuned_snapshots,25,6.0,7.864007949829102,7
iq,2,tuned_snapshots,26,8.0,11.718282699584961,11
iq,2,tuned_snapshots,27,25.0,5.633176326751709,5
iq,2,tuned_snapshots,28,21.0,8.161857604980469,8
iq,2,tuned_snapshots,29,10.0,2.468867540359497,2
iq,2,tuned_snapshots,30,28.0,8.513382911682129,8
iq,2,tuned_snapshots,31,39.0,9.980175971984863,9
iq,2,tuned_snapshots,32,20.0,6.427175045013428,6
iq,2,tuned_snapshots,33,24.0,6.3402276039123535,6
iq,2,tuned_snapshots,34,28.0,6.9932379722595215,6
iq,2,tuned_snapshots,35,26.0,6.446105003356934,6
iq,2,tuned_snapshots,36,8.0,8.360307693481445,8
iq,2,tuned_snapshots,37,9.0,7.188024044036865,7
iq,2,tuned_snapshots,38,12.0,6.481454849243164,6
iq,2,tuned_snapshots,39,18.0,6.372040748596191,6
iq,2,tuned_snapshots,40,9.0,6.433508396148682,6
iq,2,tuned_snapshots,41,9.0,7.603638648986816,7
iq,2,tuned_snapshots,42,6.0,8.190800666809082,8
iq,2,tuned_snapshots,43,6.0,8.125565528869629,8
iq,2,tuned_snapshots,44,8.0,9.923019409179688,9
iq,2,tuned_snapshots,45,5.0,8.188861846923828,8
iq,2,tuned_snapshots,46,7.0,8.165828704833984,8
iq,2,tuned_snapshots,47,6.0,5.343088150024414,5
iq,2,tuned_snapshots,48,5.0,0.9194722771644592,0
iq,2,tuned_snapshots,49,3.0,1.4821923971176147,1
iq,2,tuned_snapshots,50,1.0,0.9905223846435547,0
iq,2,tuned_snapshots,51,0.0,1.4245527982711792,1
iq,2,mixed_mean,0,5.0,2.048520803451538,2
iq,2,mixed_mean,1,7.0,2.958073616027832,2
iq,2,mixed_mean,2,3.0,1.5982962846755981,1
iq,2,mixed_mean,3,5.0,0.9435421824455261,0
iq,2,mixed_mean,4,6.0,0.9109458923339844,0
iq,2,mixed_mean,5,5.0,0.39309608936309814,0
iq,2,mixed_mean,6,5.0,0.2648774981498718,0
iq,2,mixed_mean,7,4.0,0.25369754433631897,0
iq,2,mixed_mean,8,0.0,0.25116339325904846,0
iq,2,mixed_mean,9,0.0,0.0711275041103363,0
iq,2,mixed_mean,10,0.0,0.13014082610607147,0
iq,2,mixed_mean,11,0.0,0.1617884784936905,0
iq,2,mixed_mean,12,0.0,0.24565525352954865,0
iq,2,mixed_mean,13,2.0,0.3663206994533539,0
iq,2,mixed_mean,14,4.0,0.2902928292751312,0
iq,2,mixed_mean,15,4.0,0.2078971117734909,0
iq,2,mixed_mean,16,3.0,0.26599183678627014,0
iq,2,mixed_mean,17,3.0,0.20515386760234833,0
iq,2,mixed_mean,18,5.0,0.3522869050502777,0
iq,2,mixed_mean,19,6.0,2.39430570602417,2
iq,2,mixed_mean,20,14.0,2.4274089336395264,2
iq,2,mixed_mean,21,3.0,10.147273063659668,10
iq,2,mixed_mean,22,7.0,18.743907928466797,18
iq,2,mixed_mean,23,11.0,14.716174125671387,14
iq,2,mixed_mean,24,2.0,11.0028715133667,11
iq,2,mixed_mean,25,6.0,7.400812149047852,7
iq,2,mixed_mean,26,8.0,10.170598030090332,10
iq,2,mixed_mean,27,25.0,4.38163423538208,4
iq,2,mixed_mean,28,21.0,8.449493408203125,8
iq,2,mixed_mean,29,10.0,2.1575429439544678,2
iq,2,mixed_mean,30,28.0,9.042101860046387,9
iq,2,mixed_mean,31,39.0,9.481913566589355,9
iq,2,mixed_mean,32,20.0,6.63655424118042,6
iq,2,mixed_mean,33,24.0,6.645749568939209,6
iq,2,mixed_mean,34,28.0,7.760942459106445,7
iq,2,mixed_mean,35,26.0,7.697460174560547,7
iq,2,mixed_mean,36,8.0,8.714204788208008,8
iq,2,mixed_mean,37,9.0,7.793588161468506,7
iq,2,mixed_mean,38,12.0,7.0682806968688965,7
iq,2,mixed_mean,39,18.0,6.8505988121032715,6
iq,2,mixed_mean,40,9.0,6.812875270843506,6
iq,2,mixed_mean,41,9.0,7.897312641143799,7
iq,2,mixed_mean,42,6.0,8.811871528625488,8
iq,2,mixed_mean,43,6.0,9.055788040161133,9
iq,2,mixed_mean,44,8.0,10.735602378845215,10
iq,2,mixed_mean,45,5.0,8.14054012298584,8
iq,2,mixed_mean,46,7.0,8.021712303161621,8
iq,2,mixed_mean,47,6.0,5.395524978637695,5
iq,2,mixed_mean,48,5.0,0.5991994142532349,0
iq,2,mixed_mean,49,3.0,1.1033457517623901,1
iq,2,mixed_mean,50,1.0,1.0246511697769165,1
iq,2,mixed_mean,51,0.0,1.3381905555725098,1
iq,2,mixed_snapshots,0,5.0,2.171435832977295,2
iq,2,mixed_snapshots,1,7.0,3.0665102005004883,3
iq,2,mixed_snapshots,2,3.0,1.7258358001708984,1
iq,2,mixed_snapshots,3,5.0,1.0372694730758667,1
iq,2,mixed_snapshots,4,6.0,1.0600641965866089,1
iq,2,mixed_snapshots,5,5.0,0.40955203771591187,0
iq,2,mixed_snapshots,6,5.0,0.2448381632566452,0
iq,2,mixed_snapshots,7,4.0,0.23372681438922882,0
iq,2,mixed_snapshots,8,0.0,0.24360805749893188,0
iq,2,mixed_snapshots,9,0.0,0.06118445843458176,0
iq,2,mixed_snapshots,10,0.0,0.11343630403280258,0
iq,2,mixed_snapshots,11,0.0,0.14012344181537628,0
iq,2,mixed_snapshots,12,0.0,0.21992617845535278,0
iq,2,mixed_snapshots,13,2.0,0.3494429886341095,0
iq,2,mixed_snapshots,14,4.0,0.2688654661178589,0
iq,2,mixed_snapshots,15,4.0,0.19523346424102783,0
iq,2,mixed_snapshots,16,3.0,0.23359829187393188,0
iq,2,mixed_snapshots,17,3.0,0.18090540170669556,0
iq,2,mixed_snapshots,18,5.0,0.3016458749771118,0
iq,2,mixed_snapshots,19,6.0,1.64396333694458,1
iq,2,mixed_snapshots,20,14.0,1.6717519760131836,1
iq,2,mixed_snapshots,21,3.0,9.327005386352539,9
iq,2,mixed_snapshots,22,7.0,17.62876319885254,17
iq,2,mixed_snapshots,23,11.0,13.938227653503418,13
iq,2,mixed_snapshots,24,2.0,10.784889221191406,10
iq,2,mixed_snapshots,25,6.0,7.062648773193359,7
iq,2,mixed_snapshots,26,8.0,9.972004890441895,9
iq,2,mixed_snapshots,27,25.0,4.542997360229492,4
iq,2,mixed_snapshots,28,21.0,8.535892486572266,8
iq,2,mixed_snapshots,29,10.0,2.351719856262207,2
iq,2,mixed_snapshots,30,28.0,8.772879600524902,8
iq,2,mixed_snapshots,31,39.0,8.98750114440918,8
iq,2,mixed_snapshots,32,20.0,5.992497444152832,5
iq,2,mixed_snapshots,33,24.0,6.183719635009766,6
iq,2,mixed_snapshots,34,28.0,7.216305255889893,7
iq,2,mixed_snapshots,35,26.0,7.308847427368164,7
iq,2,mixed_snapshots,36,8.0,8.63981819152832,8
iq,2,mixed_snapshots,37,9.0,7.388316631317139,7
iq,2,mixed_snapshots,38,12.0,6.778871536254883,6
iq,2,mixed_snapshots,39,18.0,6.512299537658691,6
iq,2,mixed_snapshots,40,9.0,6.712685585021973,6
iq,2,mixed_snapshots,41,9.0,7.996318340301514,7
iq,2,mixed_snapshots,42,6.0,8.735079765319824,8
iq,2,mixed_snapshots,43,6.0,8.788171768188477,8
iq,2,mixed_snapshots,44,8.0,10.381561279296875,10
iq,2,mixed_snapshots,45,5.0,7.925596237182617,7
iq,2,mixed_snapshots,46,7.0,7.8000335693359375,7
iq,2,mixed_snapshots,47,6.0,5.330946445465088,5
iq,2,mixed_snapshots,48,5.0,0.6019952297210693,0
iq,2,mixed_snapshots,49,3.0,1.1086723804473877,1
iq,2,mixed_snapshots,50,1.0,1.009859561920166,1
iq,2,mixed_snapshots,51,0.0,1.2013322114944458,1
iq,3,control,0,1.0,0.8400416374206543,0
iq,3,control,1,2.0,0.42595478892326355,0
iq,3,control,2,3.0,0.31696343421936035,0
iq,3,control,3,2.0,0.5565769672393799,0
iq,3,control,4,2.0,0.6463778018951416,0
iq,3,control,5,2.0,1.1024757623672485,1
iq,3,control,6,2.0,0.2327858805656433,0
iq,3,control,7,2.0,0.6062682867050171,0
iq,3,control,8,4.0,0.6930954456329346,0
iq,3,control,9,0.0,2.0776641368865967,2
iq,3,control,10,6.0,1.4104632139205933,1
iq,3,control,11,3.0,4.583768367767334,4
iq,3,control,12,2.0,7.213179111480713,7
iq,3,control,13,6.0,2.688716173171997,2
iq,3,control,14,2.0,7.953023433685303,7
iq,3,control,15,7.0,3.072502374649048,3
iq,3,control,16,4.0,5.446915626525879,5
iq,3,control,17,6.0,6.238985538482666,6
iq,3,control,18,6.0,4.535859107971191,4
iq,3,control,19,2.0,6.733132362365723,6
iq,3,control,20,13.0,7.096677303314209,7
iq,3,control,21,10.0,10.075861930847168,10
iq,3,control,22,5.0,10.42795467376709,10
iq,3,control,23,2.0,7.587315559387207,7
iq,3,control,24,0.0,20.24418830871582,20
iq,3,control,25,1.0,21.380117416381836,21
iq,3,control,26,0.0,32.47450637817383,32
iq,3,control,27,14.0,25.964326858520508,25
iq,3,control,28,6.0,28.6072998046875,28
iq,3,control,29,10.0,29.7497501373291,29
iq,3,control,30,5.0,25.349382400512695,25
iq,3,control,31,12.0,22.546077728271484,22
iq,3,control,32,9.0,16.030790328979492,16
iq,3,control,33,5.0,10.359360694885254,10
iq,3,control,34,11.0,4.9515252113342285,4
iq,3,control,35,2.0,2.2330236434936523,2
iq,3,control,36,6.0,1.511320948600769,1
iq,3,control,37,7.0,1.1042102575302124,1
iq,3,control,38,6.0,1.9437397718429565,1
iq,3,control,39,5.0,2.1721818447113037,2
iq,3,control,40,9.0,3.03633713722229,3
iq,3,control,41,5.0,4.297847270965576,4
iq,3,control,42,8.0,8.543705940246582,8
iq,3,control,43,3.0,7.321004867553711,7
iq,3,control,44,4.0,9.852592468261719,9
iq,3,control,45,11.0,8.199196815490723,8
iq,3,control,46,5.0,10.443727493286133,10
iq,3,control,47,8.0,6.570930480957031,6
iq,3,control,48,4.0,7.820518493652344,7
iq,3,control,49,3.0,3.2419018745422363,3
iq,3,control,50,1.0,3.6216728687286377,3
iq,3,control,51,2.0,2.1222259998321533,2
iq,3,improved_mean,0,1.0,0.8569793701171875,0
iq,3,improved_mean,1,2.0,0.4586355984210968,0
iq,3,improved_mean,2,3.0,0.37428662180900574,0
iq,3,improved_mean,3,2.0,0.5030285716056824,0
iq,3,improved_mean,4,2.0,0.6264941692352295,0
iq,3,improved_mean,5,2.0,0.8393451571464539,0
iq,3,improved_mean,6,2.0,0.38357576727867126,0
iq,3,improved_mean,7,2.0,0.7101194262504578,0
iq,3,improved_mean,8,4.0,0.6042653918266296,0
iq,3,improved_mean,9,0.0,1.3984438180923462,1
iq,3,improved_mean,10,6.0,0.9990324378013611,0
iq,3,improved_mean,11,3.0,3.352628707885742,3
iq,3,improved_mean,12,2.0,5.552213191986084,5
iq,3,improved_mean,13,6.0,3.273209571838379,3
iq,3,improved_mean,14,2.0,7.5907883644104,7
iq,3,improved_mean,15,7.0,3.1696736812591553,3
iq,3,improved_mean,16,4.0,3.4596240520477295,3
iq,3,improved_mean,17,6.0,4.073628902435303,4
iq,3,improved_mean,18,6.0,3.8318941593170166,3
iq,3,improved_mean,19,2.0,6.187088489532471,6
iq,3,improved_mean,20,13.0,4.2255425453186035,4
iq,3,improved_mean,21,10.0,11.320555686950684,11
iq,3,improved_mean,22,5.0,7.654831409454346,7
iq,3,improved_mean,23,2.0,6.619266510009766,6
iq,3,improved_mean,24,0.0,16.778547286987305,16
iq,3,improved_mean,25,1.0,19.94243621826172,19
iq,3,improved_mean,26,0.0,27.976730346679688,27
iq,3,improved_mean,27,14.0,26.288223266601562,26
iq,3,improved_mean,28,6.0,26.105995178222656,26
iq,3,improved_mean,29,10.0,26.8673038482666,26
iq,3,improved_mean,30,5.0,24.305191040039062,24
iq,3,improved_mean,31,12.0,22.365798950195312,22
iq,3,improved_mean,32,9.0,16.119966506958008,16
iq,3,improved_mean,33,5.0,10.278937339782715,10
iq,3,improved_mean,34,11.0,7.0976481437683105,7
iq,3,improved_mean,35,2.0,1.7318143844604492,1
iq,3,improved_mean,36,6.0,0.9464395642280579,0
iq,3,improved_mean,37,7.0,1.3895906209945679,1
iq,3,improved_mean,38,6.0,1.2955292463302612,1
iq,3,improved_mean,39,5.0,1.3759413957595825,1
iq,3,improved_mean,40,9.0,1.9704853296279907,1
iq,3,improved_mean,41,5.0,3.9943954944610596,3
iq,3,improved_mean,42,8.0,7.202779769897461,7
iq,3,improved_mean,43,3.0,4.910976409912109,4
iq,3,improved_mean,44,4.0,6.896221160888672,6
iq,3,improved_mean,45,11.0,6.208249568939209,6
iq,3,improved_mean,46,5.0,8.121397972106934,8
iq,3,improved_mean,47,8.0,5.726168155670166,5
iq,3,improved_mean,48,4.0,7.279299259185791,7
iq,3,improved_mean,49,3.0,2.4629862308502197,2
iq,3,improved_mean,50,1.0,2.7816617488861084,2
iq,3,improved_mean,51,2.0,1.8819780349731445,1
iq,3,improved_median,0,1.0,0.8400416374206543,0
iq,3,improved_median,1,2.0,0.42595478892326355,0
iq,3,improved_median,2,3.0,0.35009756684303284,0
iq,3,improved_median,3,2.0,0.5565769672393799,0
iq,3,improved_median,4,2.0,0.6463778018951416,0
iq,3,improved_median,5,2.0,0.8064634799957275,0
iq,3,improved_median,6,2.0,0.4424838423728943,0
iq,3,improved_median,7,2.0,0.7155787944793701,0
iq,3,improved_median,8,4.0,0.6633665561676025,0
iq,3,improved_median,9,0.0,1.4031445980072021,1
iq,3,improved_median,10,6.0,0.8949387073516846,0
iq,3,improved_median,11,3.0,3.306122064590454,3
iq,3,improved_median,12,2.0,4.906592845916748,4
iq,3,improved_median,13,6.0,3.4183356761932373,3
iq,3,improved_median,14,2.0,7.491057395935059,7
iq,3,improved_median,15,7.0,3.072502374649048,3
iq,3,improved_median,16,4.0,3.396125316619873,3
iq,3,improved_median,17,6.0,3.6756927967071533,3
iq,3,improved_median,18,6.0,3.4915497303009033,3
iq,3,improved_median,19,2.0,6.733132362365723,6
iq,3,improved_median,20,13.0,3.3126680850982666,3
iq,3,improved_median,21,10.0,11.321019172668457,11
iq,3,improved_median,22,5.0,8.564377784729004,8
iq,3,improved_median,23,2.0,6.9578962326049805,6
iq,3,improved_median,24,0.0,15.437928199768066,15
iq,3,improved_median,25,1.0,20.051740646362305,20
iq,3,improved_median,26,0.0,26.831619262695312,26
iq,3,improved_median,27,14.0,25.964326858520508,25
iq,3,improved_median,28,6.0,25.752403259277344,25
iq,3,improved_median,29,10.0,25.545551300048828,25
iq,3,improved_median,30,5.0,24.53302764892578,24
iq,3,improved_median,31,12.0,22.482864379882812,22
iq,3,improved_median,32,9.0,16.030790328979492,16
iq,3,improved_median,33,5.0,10.359360694885254,10
iq,3,improved_median,34,11.0,7.6550397872924805,7
iq,3,improved_median,35,2.0,1.5892703533172607,1
iq,3,improved_median,36,6.0,0.7570111751556396,0
iq,3,improved_median,37,7.0,1.3397325277328491,1
iq,3,improved_median,38,6.0,1.055856704711914,1
iq,3,improved_median,39,5.0,1.119258165359497,1
iq,3,improved_median,40,9.0,1.7331452369689941,1
iq,3,improved_median,41,5.0,4.297847270965576,4
iq,3,improved_median,42,8.0,8.480955123901367,8
iq,3,improved_median,43,3.0,3.753678560256958,3
iq,3,improved_median,44,4.0,5.662386894226074,5
iq,3,improved_median,45,11.0,5.886297225952148,5
iq,3,improved_median,46,5.0,7.485067367553711,7
iq,3,improved_median,47,8.0,5.532346725463867,5
iq,3,improved_median,48,4.0,7.686336517333984,7
iq,3,improved_median,49,3.0,2.4049408435821533,2
iq,3,improved_median,50,1.0,2.531991720199585,2
iq,3,improved_median,51,2.0,1.9668478965759277,1
iq,3,improved_snapshots,0,1.0,0.9687654972076416,0
iq,3,improved_snapshots,1,2.0,0.4772959351539612,0
iq,3,improved_snapshots,2,3.0,0.38359811902046204,0
iq,3,improved_snapshots,3,2.0,0.5454493761062622,0
iq,3,improved_snapshots,4,2.0,0.6860924363136292,0
iq,3,improved_snapshots,5,2.0,0.8943512439727783,0
iq,3,improved_snapshots,6,2.0,0.40510913729667664,0
iq,3,improved_snapshots,7,2.0,0.7267239093780518,0
iq,3,improved_snapshots,8,4.0,0.6179956793785095,0
iq,3,improved_snapshots,9,0.0,1.3640908002853394,1
iq,3,improved_snapshots,10,6.0,1.1017911434173584,1
iq,3,improved_snapshots,11,3.0,3.1273295879364014,3
iq,3,improved_snapshots,12,2.0,5.288910865783691,5
iq,3,improved_snapshots,13,6.0,3.424861431121826,3
iq,3,improved_snapshots,14,2.0,7.127366065979004,7
iq,3,improved_snapshots,15,7.0,3.2752041816711426,3
iq,3,improved_snapshots,16,4.0,3.1265506744384766,3
iq,3,improved_snapshots,17,6.0,3.7755720615386963,3
iq,3,improved_snapshots,18,6.0,3.5195600986480713,3
iq,3,improved_snapshots,19,2.0,6.145797252655029,6
iq,3,improved_snapshots,20,13.0,4.051065444946289,4
iq,3,improved_snapshots,21,10.0,10.542442321777344,10
iq,3,improved_snapshots,22,5.0,7.231889724731445,7
iq,3,improved_snapshots,23,2.0,6.594046592712402,6
iq,3,improved_snapshots,24,0.0,15.493270874023438,15
iq,3,improved_snapshots,25,1.0,18.653297424316406,18
iq,3,improved_snapshots,26,0.0,26.103050231933594,26
iq,3,improved_snapshots,27,14.0,24.939477920532227,24
iq,3,improved_snapshots,28,6.0,24.435874938964844,24
iq,3,improved_snapshots,29,10.0,25.910606384277344,25
iq,3,improved_snapshots,30,5.0,23.016319274902344,23
iq,3,improved_snapshots,31,12.0,21.192665100097656,21
iq,3,improved_snapshots,32,9.0,15.31210994720459,15
iq,3,improved_snapshots,33,5.0,10.025504112243652,10
iq,3,improved_snapshots,34,11.0,6.905346393585205,6
iq,3,improved_snapshots,35,2.0,1.8196266889572144,1
iq,3,improved_snapshots,36,6.0,0.9783923029899597,0
iq,3,improved_snapshots,37,7.0,1.3959336280822754,1
iq,3,improved_snapshots,38,6.0,1.364277720451355,1
iq,3,improved_snapshots,39,5.0,1.4016318321228027,1
iq,3,improved_snapshots,40,9.0,1.9355733394622803,1
iq,3,improved_snapshots,41,5.0,3.675710916519165,3
iq,3,improved_snapshots,42,8.0,6.850462436676025,6
iq,3,improved_snapshots,43,3.0,4.971701145172119,4
iq,3,improved_snapshots,44,4.0,6.488981246948242,6
iq,3,improved_snapshots,45,11.0,6.037696838378906,6
iq,3,improved_snapshots,46,5.0,7.47759485244751,7
iq,3,improved_snapshots,47,8.0,5.405610084533691,5
iq,3,improved_snapshots,48,4.0,6.57835578918457,6
iq,3,improved_snapshots,49,3.0,2.3422534465789795,2
iq,3,improved_snapshots,50,1.0,2.7688848972320557,2
iq,3,improved_snapshots,51,2.0,1.9713902473449707,1
iq,3,tuned_mean,0,1.0,0.9536693096160889,0
iq,3,tuned_mean,1,2.0,0.684704601764679,0
iq,3,tuned_mean,2,3.0,0.6361929774284363,0
iq,3,tuned_mean,3,2.0,0.6614931225776672,0
iq,3,tuned_mean,4,2.0,0.8232627511024475,0
iq,3,tuned_mean,5,2.0,1.4257127046585083,1
iq,3,tuned_mean,6,2.0,0.680108368396759,0
iq,3,tuned_mean,7,2.0,0.9560391306877136,0
iq,3,tuned_mean,8,4.0,0.6604104042053223,0
iq,3,tuned_mean,9,0.0,1.1861129999160767,1
iq,3,tuned_mean,10,6.0,0.8911420702934265,0
iq,3,tuned_mean,11,3.0,4.994204998016357,4
iq,3,tuned_mean,12,2.0,4.85222864151001,4
iq,3,tuned_mean,13,6.0,4.340054988861084,4
iq,3,tuned_mean,14,2.0,7.522251129150391,7
iq,3,tuned_mean,15,7.0,2.119396448135376,2
iq,3,tuned_mean,16,4.0,3.5607802867889404,3
iq,3,tuned_mean,17,6.0,4.829579830169678,4
iq,3,tuned_mean,18,6.0,3.0219125747680664,3
iq,3,tuned_mean,19,2.0,5.427757263183594,5
iq,3,tuned_mean,20,13.0,2.4426562786102295,2
iq,3,tuned_mean,21,10.0,10.49617862701416,10
iq,3,tuned_mean,22,5.0,6.917816162109375,6
iq,3,tuned_mean,23,2.0,7.194839954376221,7
iq,3,tuned_mean,24,0.0,16.129058837890625,16
iq,3,tuned_mean,25,1.0,18.728836059570312,18
iq,3,tuned_mean,26,0.0,26.256027221679688,26
iq,3,tuned_mean,27,14.0,25.679407119750977,25
iq,3,tuned_mean,28,6.0,23.911636352539062,23
iq,3,tuned_mean,29,10.0,24.936655044555664,24
iq,3,tuned_mean,30,5.0,22.673330307006836,22
iq,3,tuned_mean,31,12.0,20.441251754760742,20
iq,3,tuned_mean,32,9.0,16.09178924560547,16
iq,3,tuned_mean,33,5.0,11.364893913269043,11
iq,3,tuned_mean,34,11.0,7.867640972137451,7
iq,3,tuned_mean,35,2.0,1.833163857460022,1
iq,3,tuned_mean,36,6.0,1.0018291473388672,1
iq,3,tuned_mean,37,7.0,1.3553037643432617,1
iq,3,tuned_mean,38,6.0,1.4014533758163452,1
iq,3,tuned_mean,39,5.0,1.4349614381790161,1
iq,3,tuned_mean,40,9.0,2.464043617248535,2
iq,3,tuned_mean,41,5.0,5.694886684417725,5
iq,3,tuned_mean,42,8.0,7.676435947418213,7
iq,3,tuned_mean,43,3.0,4.847963809967041,4
iq,3,tuned_mean,44,4.0,7.415138244628906,7
iq,3,tuned_mean,45,11.0,6.280646800994873,6
iq,3,tuned_mean,46,5.0,9.075604438781738,9
iq,3,tuned_mean,47,8.0,5.546573638916016,5
iq,3,tuned_mean,48,4.0,7.158027172088623,7
iq,3,tuned_mean,49,3.0,2.75887131690979,2
iq,3,tuned_mean,50,1.0,3.754261016845703,3
iq,3,tuned_mean,51,2.0,2.0211238861083984,2
iq,3,tuned_median,0,1.0,0.7567038536071777,0
iq,3,tuned_median,1,2.0,0.5020597577095032,0
iq,3,tuned_median,2,3.0,0.4205760955810547,0
iq,3,tuned_median,3,2.0,0.3736082911491394,0
iq,3,tuned_median,4,2.0,0.8044859766960144,0
iq,3,tuned_median,5,2.0,1.2861449718475342,1
iq,3,tuned_median,6,2.0,0.5572371482849121,0
iq,3,tuned_median,7,2.0,0.9991741180419922,0
iq,3,tuned_median,8,4.0,0.49270302057266235,0
iq,3,tuned_median,9,0.0,1.316537857055664,1
iq,3,tuned_median,10,6.0,0.7296952605247498,0
iq,3,tuned_median,11,3.0,5.424176216125488,5
iq,3,tuned_median,12,2.0,5.46693229675293,5
iq,3,tuned_median,13,6.0,4.758116722106934,4
iq,3,tuned_median,14,2.0,8.415345191955566,8
iq,3,tuned_median,15,7.0,2.0134963989257812,2
iq,3,tuned_median,16,4.0,3.238790512084961,3
iq,3,tuned_median,17,6.0,5.008338451385498,5
iq,3,tuned_median,18,6.0,2.790389060974121,2
iq,3,tuned_median,19,2.0,5.178283214569092,5
iq,3,tuned_median,20,13.0,2.1864495277404785,2
iq,3,tuned_median,21,10.0,11.004652976989746,11
iq,3,tuned_median,22,5.0,6.414609909057617,6
iq,3,tuned_median,23,2.0,6.084644794464111,6
iq,3,tuned_median,24,0.0,15.485699653625488,15
iq,3,tuned_median,25,1.0,18.52296257019043,18
iq,3,tuned_median,26,0.0,26.87078285217285,26
iq,3,tuned_median,27,14.0,24.62462615966797,24
iq,3,tuned_median,28,6.0,24.551368713378906,24
iq,3,tuned_median,29,10.0,25.426921844482422,25
iq,3,tuned_median,30,5.0,22.949390411376953,22
iq,3,tuned_median,31,12.0,20.63726806640625,20
iq,3,tuned_median,32,9.0,15.755277633666992,15
iq,3,tuned_median,33,5.0,11.428571701049805,11
iq,3,tuned_median,34,11.0,6.876605987548828,6
iq,3,tuned_median,35,2.0,2.2222208976745605,2
iq,3,tuned_median,36,6.0,1.1533533334732056,1
iq,3,tuned_median,37,7.0,1.3494408130645752,1
iq,3,tuned_median,38,6.0,1.4321995973587036,1
iq,3,tuned_median,39,5.0,1.3091531991958618,1
iq,3,tuned_median,40,9.0,2.583263635635376,2
iq,3,tuned_median,41,5.0,5.389286041259766,5
iq,3,tuned_median,42,8.0,8.817892074584961,8
iq,3,tuned_median,43,3.0,5.319139003753662,5
iq,3,tuned_median,44,4.0,7.828568935394287,7
iq,3,tuned_median,45,11.0,6.502163410186768,6
iq,3,tuned_median,46,5.0,8.83201789855957,8
iq,3,tuned_median,47,8.0,6.834085464477539,6
iq,3,tuned_median,48,4.0,7.843013286590576,7
iq,3,tuned_median,49,3.0,2.9224154949188232,2
iq,3,tuned_median,50,1.0,3.325772523880005,3
iq,3,tuned_median,51,2.0,2.310774803161621,2
iq,3,tuned_snapshots,0,1.0,1.0310859680175781,1
iq,3,tuned_snapshots,1,2.0,0.7643964290618896,0
iq,3,tuned_snapshots,2,3.0,0.668303906917572,0
iq,3,tuned_snapshots,3,2.0,0.7760252952575684,0
iq,3,tuned_snapshots,4,2.0,0.9240251183509827,0
iq,3,tuned_snapshots,5,2.0,1.587910771369934,1
iq,3,tuned_snapshots,6,2.0,0.6847929954528809,0
iq,3,tuned_snapshots,7,2.0,1.0437791347503662,1
iq,3,tuned_snapshots,8,4.0,0.6864229440689087,0
iq,3,tuned_snapshots,9,0.0,1.3783223628997803,1
iq,3,tuned_snapshots,10,6.0,1.1204098463058472,1
iq,3,tuned_snapshots,11,3.0,5.0896992683410645,5
iq,3,tuned_snapshots,12,2.0,4.917850971221924,4
iq,3,tuned_snapshots,13,6.0,4.741974830627441,4
iq,3,tuned_snapshots,14,2.0,7.611802101135254,7
iq,3,tuned_snapshots,15,7.0,2.3649721145629883,2
iq,3,tuned_snapshots,16,4.0,3.8836610317230225,3
iq,3,tuned_snapshots,17,6.0,4.937807559967041,4
iq,3,tuned_snapshots,18,6.0,3.0831222534179688,3
iq,3,tuned_snapshots,19,2.0,5.50684928894043,5
iq,3,tuned_snapshots,20,13.0,2.67765212059021,2
iq,3,tuned_snapshots,21,10.0,10.744083404541016,10
iq,3,tuned_snapshots,22,5.0,7.272910118103027,7
iq,3,tuned_snapshots,23,2.0,7.323116779327393,7
iq,3,tuned_snapshots,24,0.0,15.889110565185547,15
iq,3,tuned_snapshots,25,1.0,18.7453670501709,18
iq,3,tuned_snapshots,26,0.0,25.782859802246094,25
iq,3,tuned_snapshots,27,14.0,25.127315521240234,25
iq,3,tuned_snapshots,28,6.0,23.72443962097168,23
iq,3,tuned_snapshots,29,10.0,24.81679344177246,24
iq,3,tuned_snapshots,30,5.0,22.261947631835938,22
iq,3,tuned_snapshots,31,12.0,20.131799697875977,20
iq,3,tuned_snapshots,32,9.0,15.778932571411133,15
iq,3,tuned_snapshots,33,5.0,11.4921293258667,11
iq,3,tuned_snapshots,34,11.0,7.425449848175049,7
iq,3,tuned_snapshots,35,2.0,1.8719512224197388,1
iq,3,tuned_snapshots,36,6.0,0.9885672330856323,0
iq,3,tuned_snapshots,37,7.0,1.4131205081939697,1
iq,3,tuned_snapshots,38,6.0,1.3787697553634644,1
iq,3,tuned_snapshots,39,5.0,1.353882908821106,1
iq,3,tuned_snapshots,40,9.0,2.385470390319824,2
iq,3,tuned_snapshots,41,5.0,5.332131385803223,5
iq,3,tuned_snapshots,42,8.0,7.7375946044921875,7
iq,3,tuned_snapshots,43,3.0,4.90812349319458,4
iq,3,tuned_snapshots,44,4.0,7.276895523071289,7
iq,3,tuned_snapshots,45,11.0,6.315392017364502,6
iq,3,tuned_snapshots,46,5.0,8.710223197937012,8
iq,3,tuned_snapshots,47,8.0,5.5060553550720215,5
iq,3,tuned_snapshots,48,4.0,7.153059005737305,7
iq,3,tuned_snapshots,49,3.0,3.0349156856536865,3
iq,3,tuned_snapshots,50,1.0,3.8823394775390625,3
iq,3,tuned_snapshots,51,2.0,2.423381805419922,2
iq,3,mixed_mean,0,1.0,0.905324399471283,0
iq,3,mixed_mean,1,2.0,0.5716701149940491,0
iq,3,mixed_mean,2,3.0,0.5052397847175598,0
iq,3,mixed_mean,3,2.0,0.5822608470916748,0
iq,3,mixed_mean,4,2.0,0.7248784899711609,0
iq,3,mixed_mean,5,2.0,1.1325290203094482,1
iq,3,mixed_mean,6,2.0,0.531842052936554,0
iq,3,mixed_mean,7,2.0,0.8330792784690857,0
iq,3,mixed_mean,8,4.0,0.6323378682136536,0
iq,3,mixed_mean,9,0.0,1.2922784090042114,1
iq,3,mixed_mean,10,6.0,0.945087194442749,0
iq,3,mixed_mean,11,3.0,4.173416614532471,4
iq,3,mixed_mean,12,2.0,5.202220439910889,5
iq,3,mixed_mean,13,6.0,3.8066322803497314,3
iq,3,mixed_mean,14,2.0,7.556519985198975,7
iq,3,mixed_mean,15,7.0,2.6445350646972656,2
iq,3,mixed_mean,16,4.0,3.510202169418335,3
iq,3,mixed_mean,17,6.0,4.45160436630249,4
iq,3,mixed_mean,18,6.0,3.426903486251831,3
iq,3,mixed_mean,19,2.0,5.807423114776611,5
iq,3,mixed_mean,20,13.0,3.334099531173706,3
iq,3,mixed_mean,21,10.0,10.908367156982422,10
iq,3,mixed_mean,22,5.0,7.286323547363281,7
iq,3,mixed_mean,23,2.0,6.907052993774414,6
iq,3,mixed_mean,24,0.0,16.45380210876465,16
iq,3,mixed_mean,25,1.0,19.335636138916016,19
iq,3,mixed_mean,26,0.0,27.116378784179688,27
iq,3,mixed_mean,27,14.0,25.983816146850586,25
iq,3,mixed_mean,28,6.0,25.008813858032227,25
iq,3,mixed_mean,29,10.0,25.901979446411133,25
iq,3,mixed_mean,30,5.0,23.489259719848633,23
iq,3,mixed_mean,31,12.0,21.403526306152344,21
iq,3,mixed_mean,32,9.0,16.105878829956055,16
iq,3,mixed_mean,33,5.0,10.821915626525879,10
iq,3,mixed_mean,34,11.0,7.482644557952881,7
iq,3,mixed_mean,35,2.0,1.7824891805648804,1
iq,3,mixed_mean,36,6.0,0.9741342663764954,0
iq,3,mixed_mean,37,7.0,1.37244713306427,1
iq,3,mixed_mean,38,6.0,1.3484911918640137,1
iq,3,mixed_mean,39,5.0,1.4054514169692993,1
iq,3,mixed_mean,40,9.0,2.217264413833618,2
iq,3,mixed_mean,41,5.0,4.844641208648682,4
iq,3,mixed_mean,42,8.0,7.439607620239258,7
iq,3,mixed_mean,43,3.0,4.879470348358154,4
iq,3,mixed_mean,44,4.0,7.155679702758789,7
iq,3,mixed_mean,45,11.0,6.244448184967041,6
iq,3,mixed_mean,46,5.0,8.598502159118652,8
iq,3,mixed_mean,47,8.0,5.636371612548828,5
iq,3,mixed_mean,48,4.0,7.218663692474365,7
iq,3,mixed_mean,49,3.0,2.610929012298584,2
iq,3,mixed_mean,50,1.0,3.267961263656616,3
iq,3,mixed_mean,51,2.0,1.9515509605407715,1
iq,3,mixed_snapshots,0,1.0,0.9999258518218994,0
iq,3,mixed_snapshots,1,2.0,0.6208462119102478,0
iq,3,mixed_snapshots,2,3.0,0.5259510278701782,0
iq,3,mixed_snapshots,3,2.0,0.6607372760772705,0
iq,3,mixed_snapshots,4,2.0,0.8050588369369507,0
iq,3,mixed_snapshots,5,2.0,1.241131067276001,1
iq,3,mixed_snapshots,6,2.0,0.5449511408805847,0
iq,3,mixed_snapshots,7,2.0,0.885251522064209,0
iq,3,mixed_snapshots,8,4.0,0.6522092223167419,0
iq,3,mixed_snapshots,9,0.0,1.371206521987915,1
iq,3,mixed_snapshots,10,6.0,1.1111005544662476,1
iq,3,mixed_snapshots,11,3.0,4.108514785766602,4
iq,3,mixed_snapshots,12,2.0,5.103381633758545,5
iq,3,mixed_snapshots,13,6.0,4.083418369293213,4
iq,3,mixed_snapshots,14,2.0,7.369584083557129,7
iq,3,mixed_snapshots,15,7.0,2.8200881481170654,2
iq,3,mixed_snapshots,16,4.0,3.50510573387146,3
iq,3,mixed_snapshots,17,6.0,4.356689929962158,4
iq,3,mixed_snapshots,18,6.0,3.3013415336608887,3
iq,3,mixed_snapshots,19,2.0,5.826323509216309,5
iq,3,mixed_snapshots,20,13.0,3.364358425140381,3
iq,3,mixed_snapshots,21,10.0,10.64326286315918,10
iq,3,mixed_snapshots,22,5.0,7.252400875091553,7
iq,3,mixed_snapshots,23,2.0,6.958581924438477,6
iq,3,mixed_snapshots,24,0.0,15.691190719604492,15
iq,3,mixed_snapshots,25,1.0,18.699329376220703,18
iq,3,mixed_snapshots,26,0.0,25.942956924438477,25
iq,3,mixed_snapshots,27,14.0,25.03339385986328,25
iq,3,mixed_snapshots,28,6.0,24.080156326293945,24
iq,3,mixed_snapshots,29,10.0,25.36370086669922,25
iq,3,mixed_snapshots,30,5.0,22.639135360717773,22
iq,3,mixed_snapshots,31,12.0,20.662233352661133,20
iq,3,mixed_snapshots,32,9.0,15.54552173614502,15
iq,3,mixed_snapshots,33,5.0,10.758816719055176,10
iq,3,mixed_snapshots,34,11.0,7.165398597717285,7
iq,3,mixed_snapshots,35,2.0,1.8457889556884766,1
iq,3,mixed_snapshots,36,6.0,0.9834797978401184,0
iq,3,mixed_snapshots,37,7.0,1.4045270681381226,1
iq,3,mixed_snapshots,38,6.0,1.3715238571166992,1
iq,3,mixed_snapshots,39,5.0,1.3777573108673096,1
iq,3,mixed_snapshots,40,9.0,2.160521984100342,2
iq,3,mixed_snapshots,41,5.0,4.503920555114746,4
iq,3,mixed_snapshots,42,8.0,7.294029235839844,7
iq,3,mixed_snapshots,43,3.0,4.93991231918335,4
iq,3,mixed_snapshots,44,4.0,6.882938861846924,6
iq,3,mixed_snapshots,45,11.0,6.176545143127441,6
iq,3,mixed_snapshots,46,5.0,8.09390926361084,8
iq,3,mixed_snapshots,47,8.0,5.455832481384277,5
iq,3,mixed_snapshots,48,4.0,6.865706920623779,6
iq,3,mixed_snapshots,49,3.0,2.688584804534912,2
iq,3,mixed_snapshots,50,1.0,3.3256125450134277,3
iq,3,mixed_snapshots,51,2.0,2.1973860263824463,2
