origin,city,year,weekofyear,week_start_date,split,forecast_origin_date,lead_week,actual,high_case_threshold,baseline_prediction,baseline_prediction_raw,anomalies_th_prediction,anomalies_th_prediction_raw,anomalies_all_prediction,anomalies_all_prediction_raw
1,sj,1995,17,1995-04-30,development,1995-04-30,1,6,117.09999999999994,13,12.962560317460325,12,11.627033333333321,12,12.470129365079366
1,sj,1995,18,1995-05-07,development,1995-04-30,2,5,117.09999999999994,13,12.801551587301585,13,12.974127777777763,14,14.009844444444436
1,sj,1995,19,1995-05-14,development,1995-04-30,3,4,117.09999999999994,12,12.157410317460322,12,12.456773809523808,14,13.728734126984117
1,sj,1995,20,1995-05-21,development,1995-04-30,4,3,117.09999999999994,14,13.824392857142863,14,13.736870634920622,15,14.96034126984125
1,sj,1995,21,1995-05-28,development,1995-04-30,5,4,117.09999999999994,16,16.04532142857143,18,18.12683809523811,18,17.97529285714286
1,sj,1995,22,1995-06-04,development,1995-04-30,6,16,117.09999999999994,18,17.902560317460313,21,21.07054285714288,21,21.267470634920635
1,sj,1995,23,1995-06-11,development,1995-04-30,7,8,117.09999999999994,20,20.177945238095226,23,23.338591269841274,23,22.502537301587314
1,sj,1995,24,1995-06-18,development,1995-04-30,8,7,117.09999999999994,22,21.784999206349205,25,24.78419365079364,24,24.449381746031737
1,sj,1995,25,1995-06-25,development,1995-04-30,9,10,117.09999999999994,23,23.45662698412699,25,25.42879365079366,24,24.46402142857143
1,sj,1995,26,1995-07-02,development,1995-04-30,10,14,117.09999999999994,26,25.94245317460319,29,28.929904761904773,27,27.32056587301583
1,sj,1995,27,1995-07-09,development,1995-04-30,11,7,117.09999999999994,26,26.310365873015876,30,30.250075396825405,28,27.501821428571393
1,sj,1995,28,1995-07-16,development,1995-04-30,12,9,117.09999999999994,35,34.54848253968257,38,37.72115158730158,33,33.38519682539684
1,sj,1995,29,1995-07-23,development,1995-04-30,13,11,117.09999999999994,47,46.76091825396824,47,47.28716269841263,47,47.1739261904762
1,sj,1995,30,1995-07-30,development,1995-04-30,14,23,117.09999999999994,75,74.66522380952382,70,69.53247063492056,67,67.42205238095244
1,sj,1995,31,1995-08-06,development,1995-04-30,15,17,117.09999999999994,55,55.24483492063495,63,63.40898650793649,58,58.29684523809523
1,sj,1995,32,1995-08-13,development,1995-04-30,16,19,117.09999999999994,50,49.533820634920666,51,51.354945238095226,48,48.12786746031741
1,sj,1995,33,1995-08-20,development,1995-04-30,17,24,117.09999999999994,56,56.354674603174615,54,54.087111111111156,52,51.67504126984123
1,sj,1995,34,1995-08-27,development,1995-04-30,18,17,117.09999999999994,76,75.56102380952376,70,70.08351984126979,71,71.05431666666674
1,sj,1995,35,1995-09-03,development,1995-04-30,19,28,117.09999999999994,63,62.838801587301624,61,60.78855238095236,63,63.271609523809495
1,sj,1995,36,1995-09-10,development,1995-04-30,20,40,117.09999999999994,61,61.370769047619056,59,59.35739999999999,61,60.98239365079367
1,sj,1995,37,1995-09-17,development,1995-04-30,21,33,117.09999999999994,76,75.7207126984127,72,72.23301190476197,73,72.54146666666668
1,sj,1995,38,1995-09-24,development,1995-04-30,22,31,117.09999999999994,81,81.2056444444444,79,78.60014047619052,79,79.19143492063492
1,sj,1995,39,1995-10-01,development,1995-04-30,23,33,117.09999999999994,82,81.84379206349203,80,79.88160634920636,81,81.0620531746032
1,sj,1995,40,1995-10-08,development,1995-04-30,24,29,117.09999999999994,86,86.08147857142859,85,84.84332063492064,84,84.3600111111111
1,sj,1995,41,1995-10-15,development,1995-04-30,25,30,117.09999999999994,89,89.26147857142863,88,88.42956984126987,90,89.80765952380948
1,sj,1995,42,1995-10-22,development,1995-04-30,26,36,117.09999999999994,91,91.37973571428579,89,88.95389761904767,91,91.01381507936506
1,sj,1995,43,1995-10-29,development,1995-04-30,27,48,117.09999999999994,94,94.1457396825397,91,91.1585825396826,94,94.42427857142853
1,sj,1995,44,1995-11-05,development,1995-04-30,28,40,117.09999999999994,96,95.53145793650789,93,93.00317222222228,96,96.23321825396815
1,sj,1995,45,1995-11-12,development,1995-04-30,29,28,117.09999999999994,99,98.8247515873016,98,98.42477698412699,101,100.59764047619039
1,sj,1995,46,1995-11-19,development,1995-04-30,30,36,117.09999999999994,91,91.33580714285718,89,89.43813015873006,93,93.42267460317453
1,sj,1995,47,1995-11-26,development,1995-04-30,31,19,117.09999999999994,83,83.10800396825393,82,82.27637698412701,79,78.74212301587302
1,sj,1995,48,1995-12-03,development,1995-04-30,32,34,117.09999999999994,92,91.61404841269831,86,86.49020714285716,83,82.72288492063488
1,sj,1995,49,1995-12-10,development,1995-04-30,33,23,117.09999999999994,91,91.37331428571416,95,94.77940555555561,89,88.99572063492063
1,sj,1995,50,1995-12-17,development,1995-04-30,34,17,117.09999999999994,78,78.0847174603174,78,78.19637698412699,82,82.04999206349214
1,sj,1995,51,1995-12-24,development,1995-04-30,35,17,117.09999999999994,92,91.7322023809524,88,87.70899523809526,92,92.26877936507948
1,sj,1996,1,1996-01-01,development,1995-04-30,36,23,117.09999999999994,80,80.20884761904766,78,78.36685238095235,78,78.16280793650787
1,sj,1996,2,1996-01-08,development,1995-04-30,37,14,117.09999999999994,71,71.32041428571432,67,67.24685952380956,69,69.33743333333335
1,sj,1996,3,1996-01-15,development,1995-04-30,38,20,117.09999999999994,66,65.59732460317467,65,65.45123412698413,68,67.8048142857143
1,sj,1996,4,1996-01-22,development,1995-04-30,39,13,117.09999999999994,56,56.07449285714286,55,54.95489444444444,57,57.27999206349206
1,sj,1996,5,1996-01-29,development,1995-04-30,40,23,117.09999999999994,54,53.788754761904734,54,54.38119047619048,55,55.37016031746026
1,sj,1996,6,1996-02-05,development,1995-04-30,41,20,117.09999999999994,40,39.60497063492062,42,41.80436825396824,41,40.84413333333333
1,sj,1996,7,1996-02-12,development,1995-04-30,42,16,117.09999999999994,36,36.17254365079366,35,35.23100793650793,36,35.69769999999998
1,sj,1996,8,1996-02-19,development,1995-04-30,43,16,117.09999999999994,30,29.982229365079366,30,30.13928571428569,30,29.583976984126977
1,sj,1996,9,1996-02-26,development,1995-04-30,44,23,117.09999999999994,29,28.526688095238093,29,28.847167460317443,29,28.828151587301598
1,sj,1996,10,1996-03-04,development,1995-04-30,45,14,117.09999999999994,29,29.192389682539673,29,29.119852380952384,30,29.869071428571427
1,sj,1996,11,1996-03-11,development,1995-04-30,46,15,117.09999999999994,27,27.24162698412697,26,25.99718412698412,27,26.671230952380974
1,sj,1996,12,1996-03-18,development,1995-04-30,47,4,117.09999999999994,23,22.510889682539666,22,22.097928571428582,22,21.990595238095242
1,sj,1996,13,1996-03-25,development,1995-04-30,48,5,117.09999999999994,22,21.62425793650792,20,19.503238095238114,20,19.802894444444455
1,sj,1996,14,1996-04-01,development,1995-04-30,49,5,117.09999999999994,20,20.4343873015873,22,21.642621428571445,22,21.85680714285713
1,sj,1996,15,1996-04-08,development,1995-04-30,50,11,117.09999999999994,20,19.938066666666668,21,21.0712888888889,22,21.580035714285685
1,sj,1996,16,1996-04-15,development,1995-04-30,51,11,117.09999999999994,19,18.836173809523792,20,20.25578809523812,20,20.27907380952381
1,sj,1996,17,1996-04-22,development,1995-04-30,52,7,117.09999999999994,18,18.40421269841268,20,19.948638888888915,20,19.894580952380966
1,sj,1996,18,1996-04-29,development,1995-04-30,53,4,117.09999999999994,18,18.181619841269843,19,19.14711269841271,19,19.38390634920634
1,sj,1996,19,1996-05-06,development,1995-04-30,54,6,117.09999999999994,19,18.968680952380954,18,18.131539682539692,18,18.205784126984124
1,sj,1996,20,1996-05-13,development,1995-04-30,55,5,117.09999999999994,19,18.683598412698405,17,16.82849126984127,18,18.146677777777768
1,sj,1996,21,1996-05-20,development,1995-04-30,56,2,117.09999999999994,19,18.88026190476191,18,17.537446031746047,18,17.798232539682534
1,sj,1996,22,1996-05-27,development,1995-04-30,57,4,117.09999999999994,19,19.176002380952376,18,17.567141269841283,18,18.241002380952377
1,sj,1996,23,1996-06-03,development,1995-04-30,58,2,117.09999999999994,21,20.901778571428558,19,19.01128015873016,20,20.11744603174604
1,sj,1996,24,1996-06-10,development,1995-04-30,59,4,117.09999999999994,20,20.116505555555566,20,19.76825634920636,20,19.84583333333334
1,sj,1996,25,1996-06-17,development,1995-04-30,60,6,117.09999999999994,21,21.499427777777786,21,21.381632539682542,22,21.539961904761913
1,sj,1996,26,1996-06-24,development,1995-04-30,61,6,117.09999999999994,20,20.459403174603178,20,20.456030158730165,21,21.203816666666675
1,sj,1996,27,1996-07-01,development,1995-04-30,62,4,117.09999999999994,22,21.63703730158731,22,21.547735714285725,22,22.440708730158732
1,sj,1996,28,1996-07-08,development,1995-04-30,63,6,117.09999999999994,21,20.804424603174603,20,20.40705793650795,21,21.066342063492073
1,sj,1996,29,1996-07-15,development,1995-04-30,64,11,117.09999999999994,21,21.052707936507954,22,21.867994444444463,22,21.99692063492062
1,sj,1996,30,1996-07-22,development,1995-04-30,65,16,117.09999999999994,22,22.44118888888891,24,23.75671746031748,24,23.61540396825396
1,sj,1996,31,1996-07-29,development,1995-04-30,66,9,117.09999999999994,26,26.275611904761888,26,26.083217460317485,26,25.954380158730157
1,sj,1996,32,1996-08-05,development,1995-04-30,67,12,117.09999999999994,26,26.008523015873003,26,26.134646031746044,26,25.508980158730175
1,sj,1996,33,1996-08-12,development,1995-04-30,68,13,117.09999999999994,32,32.41040396825398,31,31.339885714285728,30,29.78346190476191
1,sj,1996,34,1996-08-19,development,1995-04-30,69,27,117.09999999999994,41,40.64823809523808,40,40.18387619047619,39,38.809730158730154
1,sj,1996,35,1996-08-26,development,1995-04-30,70,21,117.09999999999994,43,43.18838650793651,42,41.715086507936505,40,39.77138888888887
1,sj,1996,36,1996-09-02,development,1995-04-30,71,19,117.09999999999994,38,38.485183333333346,35,35.03095634920633,35,35.25114206349206
1,sj,1996,37,1996-09-09,development,1995-04-30,72,17,117.09999999999994,34,34.0215888888889,31,31.121741269841277,33,33.403428571428584
1,sj,1996,38,1996-09-16,development,1995-04-30,73,24,117.09999999999994,42,42.148331746031765,39,38.62606746031746,39,38.56945952380952
1,sj,1996,39,1996-09-23,development,1995-04-30,74,27,117.09999999999994,47,46.79465000000002,45,44.55868730158728,43,43.17174523809524
1,sj,1996,40,1996-09-30,development,1995-04-30,75,30,117.09999999999994,43,42.88218015873016,41,41.434601587301586,39,39.44288968253971
1,sj,1996,41,1996-10-07,development,1995-04-30,76,29,117.09999999999994,42,41.677229365079356,39,39.41353174603175,39,39.13863015873015
1,sj,1996,42,1996-10-14,development,1995-04-30,77,25,117.09999999999994,44,43.72085873015872,42,42.18365396825398,43,42.76253174603176
1,sj,1996,43,1996-10-21,development,1995-04-30,78,35,117.09999999999994,48,48.05263333333334,45,44.94254523809527,45,44.68321190476191
1,sj,1996,44,1996-10-28,development,1995-04-30,79,33,117.09999999999994,48,47.55944841269841,47,47.15411666666663,45,44.9731753968254
1,sj,1996,45,1996-11-04,development,1995-04-30,80,30,117.09999999999994,44,44.140442857142865,46,46.24752380952382,44,44.347322222222196
1,sj,1996,46,1996-11-11,development,1995-04-30,81,29,117.09999999999994,45,45.418944444444406,42,42.39723333333334,43,42.93190079365076
1,sj,1996,47,1996-11-18,development,1995-04-30,82,31,117.09999999999994,49,49.148760317460315,50,50.1926095238095,50,50.117072222222205
1,sj,1996,48,1996-11-25,development,1995-04-30,83,29,117.09999999999994,55,54.66722698412695,55,55.058015873015854,54,53.90657380952377
1,sj,1996,49,1996-12-02,development,1995-04-30,84,22,117.09999999999994,50,50.062229365079375,49,49.05580793650791,48,48.42671428571423
1,sj,1996,50,1996-12-09,development,1995-04-30,85,27,117.09999999999994,41,40.65893174603179,41,41.478607142857165,43,43.02098888888885
1,sj,1996,51,1996-12-16,development,1995-04-30,86,24,117.09999999999994,45,45.43582142857148,45,44.78804365079368,44,43.63499126984128
1,sj,1996,52,1996-12-23,development,1995-04-30,87,26,117.09999999999994,41,40.81702063492065,42,41.87781349206346,42,41.73266111111111
1,sj,1997,1,1997-01-01,development,1995-04-30,88,29,117.09999999999994,37,37.13756746031748,38,38.465450000000004,38,38.053413492063484
1,sj,1997,2,1997-01-08,development,1995-04-30,89,22,117.09999999999994,31,31.487427777777757,33,32.597848412698404,32,31.876334126984148
1,sj,1997,3,1997-01-15,development,1995-04-30,90,33,117.09999999999994,40,40.42138333333333,41,40.88374603174597,42,41.859649206349204
1,sj,1997,4,1997-01-22,development,1995-04-30,91,24,117.09999999999994,31,30.878111111111135,32,31.58603015873018,32,32.15791904761905
1,sj,1997,5,1997-01-29,development,1995-04-30,92,30,117.09999999999994,30,30.447353174603204,31,30.566801587301597,31,31.43667936507937
1,sj,1997,6,1997-02-05,development,1995-04-30,93,20,117.09999999999994,26,26.317355555555565,26,26.12395396825398,26,26.176405555555565
1,sj,1997,7,1997-02-12,development,1995-04-30,94,17,117.09999999999994,28,27.823014285714304,27,26.743550793650822,28,27.946434126984123
1,sj,1997,8,1997-02-19,development,1995-04-30,95,24,117.09999999999994,25,24.999810317460327,24,24.359347619047632,26,25.673381746031744
1,sj,1997,9,1997-02-26,development,1995-04-30,96,28,117.09999999999994,26,25.54701428571426,25,25.26195158730158,27,26.587705555555537
1,sj,1997,10,1997-03-05,development,1995-04-30,97,18,117.09999999999994,23,23.115512698412683,22,22.40496269841271,23,22.954962698412682
1,sj,1997,11,1997-03-12,development,1995-04-30,98,13,117.09999999999994,21,20.593496031746028,20,20.213995238095244,21,20.552741269841263
1,sj,1997,12,1997-03-19,development,1995-04-30,99,9,117.09999999999994,19,19.381891269841272,19,19.00015317460317,20,19.50536984126984
1,sj,1997,13,1997-03-26,development,1995-04-30,100,14,117.09999999999994,19,18.591529365079364,18,17.842923809523814,18,18.463752380952382
1,sj,1997,14,1997-04-02,development,1995-04-30,101,11,117.09999999999994,16,15.774729365079349,15,15.1514111111111,15,15.189426190476171
1,sj,1997,15,1997-04-09,development,1995-04-30,102,11,117.09999999999994,15,14.899115079365073,15,15.461213492063472,15,15.456728571428567
1,sj,1997,16,1997-04-16,development,1995-04-30,103,19,117.09999999999994,15,14.808676190476179,15,14.588163492063481,14,14.415713492063473
1,sj,1997,17,1997-04-23,development,1995-04-30,104,10,117.09999999999994,13,13.439988095238089,14,14.360590476190465,14,13.580438095238074
1,sj,1997,18,1997-04-30,development,1995-04-30,105,8,117.09999999999994,13,13.425058730158725,14,14.027373809523796,14,14.13666428571426
1,sj,1997,19,1997-05-07,development,1995-04-30,106,8,117.09999999999994,14,14.17132301587301,14,13.755059523809514,15,14.900424603174583
1,sj,1997,20,1997-05-14,development,1995-04-30,107,9,117.09999999999994,16,16.014612698412705,16,16.36077698412697,17,17.10725396825397
1,sj,1997,21,1997-05-21,development,1995-04-30,108,3,117.09999999999994,17,16.96350396825399,18,18.34833650793652,19,18.9325515873016
1,sj,1997,22,1997-05-28,development,1995-04-30,109,7,117.09999999999994,21,20.76328968253966,21,20.765563492063485,22,21.883430952380976
1,sj,1997,23,1997-06-04,development,1995-04-30,110,14,117.09999999999994,24,23.738863492063498,24,24.342349206349226,24,24.366826984126995
1,sj,1997,24,1997-06-11,development,1995-04-30,111,4,117.09999999999994,24,24.3642365079365,26,26.427621428571445,26,26.010334920634925
1,sj,1997,25,1997-06-18,development,1995-04-30,112,9,117.09999999999994,29,29.001626984126972,30,30.026573809523835,32,31.93361111111111
1,sj,1997,26,1997-06-25,development,1995-04-30,113,14,117.09999999999994,30,29.79360079365079,31,31.46647698412699,31,31.28287222222224
1,sj,1997,27,1997-07-02,development,1995-04-30,114,7,117.09999999999994,35,34.650750000000016,35,34.95706587301587,33,32.592550000000024
1,sj,1997,28,1997-07-09,development,1995-04-30,115,9,117.09999999999994,39,38.63364365079365,38,38.14631428571424,34,33.56860634920638
1,sj,1997,29,1997-07-16,development,1995-04-30,116,3,117.09999999999994,55,55.45266269841267,59,58.670780158730125,56,56.14871349206352
1,sj,1997,30,1997-07-23,development,1995-04-30,117,3,117.09999999999994,53,53.36821349206346,58,58.0860761904762,53,53.31054999999999
1,sj,1997,31,1997-07-30,development,1995-04-30,118,14,117.09999999999994,69,69.21026587301586,74,74.05707222222222,72,71.57129920634927
1,sj,1997,32,1997-08-06,development,1995-04-30,119,12,117.09999999999994,61,60.875676984127,58,58.21289603174604,65,65.24473888888895
1,sj,1997,33,1997-08-13,development,1995-04-30,120,10,117.09999999999994,89,89.17962142857147,81,81.16687777777777,84,84.24823174603168
1,sj,1997,34,1997-08-20,development,1995-04-30,121,21,117.09999999999994,70,70.05723492063493,62,62.35636825396828,68,67.92795476190473
1,sj,1997,35,1997-08-27,development,1995-04-30,122,26,117.09999999999994,65,65.09403730158729,60,59.64973412698414,62,62.37662380952375
1,sj,1997,36,1997-09-03,development,1995-04-30,123,47,117.09999999999994,65,64.70504047619048,63,62.89800158730161,65,64.8624896825396
1,sj,1997,37,1997-09-10,development,1995-04-30,124,42,117.09999999999994,67,67.0142873015873,63,63.297330952380975,62,61.888850793650754
1,sj,1997,38,1997-09-17,development,1995-04-30,125,31,117.09999999999994,56,55.54658809523807,51,50.523426984126985,53,53.36909047619045
1,sj,1997,39,1997-09-24,development,1995-04-30,126,34,117.09999999999994,55,54.919311904761855,57,56.585853968253936,52,52.16527539682538
1,sj,1997,40,1997-10-01,development,1995-04-30,127,33,117.09999999999994,75,74.73532301587294,74,73.56828650793649,73,72.7337753968254
1,sj,1997,41,1997-10-08,development,1995-04-30,128,52,117.09999999999994,55,55.34801428571426,54,53.648888095238064,54,54.40375952380954
1,sj,1997,42,1997-10-15,development,1995-04-30,129,56,117.09999999999994,54,53.87215079365079,52,52.14041428571429,51,51.37625634920634
1,sj,1997,43,1997-10-22,development,1995-04-30,130,70,117.09999999999994,46,46.02262936507937,46,46.095749206349154,44,44.21619047619042
1,sj,1997,44,1997-10-29,development,1995-04-30,131,112,117.09999999999994,50,49.705846031746034,49,48.56787777777776,47,47.27311428571426
1,sj,1997,45,1997-11-05,development,1995-04-30,132,70,117.09999999999994,50,49.784563492063455,50,50.22458888888884,48,48.39571428571428
1,sj,1997,46,1997-11-12,development,1995-04-30,133,47,117.09999999999994,55,54.6238246031746,53,52.56763412698412,54,53.684117460317495
1,sj,1997,47,1997-11-19,development,1995-04-30,134,48,117.09999999999994,59,58.98638809523809,59,58.6641134920635,62,62.487314285714326
1,sj,1997,48,1997-11-26,development,1995-04-30,135,49,117.09999999999994,68,68.12748809523806,66,66.2160809523809,65,64.83480476190476
1,sj,1997,49,1997-12-03,development,1995-04-30,136,66,117.09999999999994,64,63.784206349206386,65,64.86028730158728,65,65.25434047619049
1,sj,1997,50,1997-12-10,development,1995-04-30,137,56,117.09999999999994,74,74.17777857142856,73,73.02119603174602,74,74.0849007936508
1,sj,1997,51,1997-12-17,development,1995-04-30,138,61,117.09999999999994,77,77.0308642857143,73,72.72547698412693,73,73.42114285714288
1,sj,1997,52,1997-12-24,development,1995-04-30,139,67,117.09999999999994,76,75.92614444444445,75,74.58416746031747,77,76.89577063492062
1,sj,1998,1,1998-01-01,development,1995-04-30,140,64,117.09999999999994,80,79.61328730158735,80,80.21259761904757,78,78.15618015873015
1,sj,1998,2,1998-01-08,development,1995-04-30,141,68,117.09999999999994,58,58.24499682539679,57,57.21832539682541,56,56.13473174603172
1,sj,1998,3,1998-01-15,development,1995-04-30,142,49,117.09999999999994,58,57.771701587301614,59,59.38096507936506,58,57.818707936507934
1,sj,1998,4,1998-01-22,development,1995-04-30,143,50,117.09999999999994,58,58.04926269841271,59,59.197126190476204,57,57.042753968253955
1,sj,1998,5,1998-01-29,development,1995-04-30,144,56,117.09999999999994,60,59.62166984126985,60,59.64037777777779,58,58.01068888888884
1,sj,1998,6,1998-02-05,development,1995-04-30,145,75,117.09999999999994,40,39.681976984127,41,41.290738888888896,41,41.168376190476216
1,sj,1998,7,1998-02-12,development,1995-04-30,146,63,117.09999999999994,42,41.93207936507938,44,44.211719841269854,42,42.23494920634921
1,sj,1998,8,1998-02-19,development,1995-04-30,147,62,117.09999999999994,48,48.43681507936508,51,51.05151587301586,52,52.200470634920656
1,sj,1998,9,1998-02-26,development,1995-04-30,148,41,117.09999999999994,41,40.88804444444445,41,41.39810000000002,42,41.54452301587303
1,sj,1998,10,1998-03-05,development,1995-04-30,149,50,117.09999999999994,32,31.924928571428556,33,33.441783333333355,33,32.938265873015894
1,sj,1998,11,1998-03-12,development,1995-04-30,150,34,117.09999999999994,32,32.103883333333336,35,34.74724285714283,34,34.11912460317461
1,sj,1998,12,1998-03-19,development,1995-04-30,151,31,117.09999999999994,25,24.98443888888889,27,26.56130952380954,27,27.137149206349193
1,sj,1998,13,1998-03-26,development,1995-04-30,152,38,117.09999999999994,22,21.95903095238095,24,23.824243650793644,24,23.927902380952375
1,sj,1998,14,1998-04-02,development,1995-04-30,153,30,117.09999999999994,22,21.69961507936509,23,22.94015555555556,23,23.401787301587326
1,sj,1998,15,1998-04-09,development,1995-04-30,154,32,117.09999999999994,22,21.823676984126976,24,24.241353968253964,25,24.639122222222213
1,sj,1998,16,1998-04-16,development,1995-04-30,155,26,117.09999999999994,20,20.38993174603175,22,21.897304761904756,22,22.371171428571458
1,sj,1998,17,1998-04-23,development,1995-04-30,156,30,117.09999999999994,18,17.648477777777796,19,19.353990476190486,20,19.96445000000001
1,sj,1998,18,1998-04-30,development,1995-04-30,157,36,117.09999999999994,19,18.9957134920635,22,21.785763492063502,22,22.149107142857158
1,sj,1998,19,1998-05-07,development,1995-04-30,158,35,117.09999999999994,22,22.416291269841267,24,23.653475396825414,25,24.611135714285705
1,sj,1998,20,1998-05-14,development,1995-04-30,159,46,117.09999999999994,22,22.00272698412699,25,25.023243650793685,25,24.592757936507912
1,sj,1998,21,1998-05-21,development,1995-04-30,160,48,117.09999999999994,21,21.077180952380946,24,24.486287301587318,24,24.000338095238103
1,sj,1998,22,1998-05-28,development,1995-04-30,161,44,117.09999999999994,19,19.357529365079372,23,23.44449920634924,23,22.793308730158735
1,sj,1998,23,1998-06-04,development,1995-04-30,162,51,117.09999999999994,16,16.384432539682557,19,18.80938571428571,20,19.674881746031758
1,sj,1998,24,1998-06-11,development,1995-04-30,163,59,117.09999999999994,20,20.414090476190474,24,23.680440476190494,24,23.557699999999997
1,sj,1998,25,1998-06-18,development,1995-04-30,164,71,117.09999999999994,22,21.583159523809528,25,24.980229365079378,24,24.007479365079355
1,sj,1998,26,1998-06-25,development,1995-04-30,165,102,117.09999999999994,23,22.94059761904762,25,24.818984126984127,24,23.844738095238085
1,sj,1998,27,1998-07-02,development,1995-04-30,166,128,117.09999999999994,21,21.42663253968254,24,23.636046825396825,23,22.749766666666652
1,sj,1998,28,1998-07-09,development,1995-04-30,167,127,117.09999999999994,26,25.621023809523788,26,25.71698095238094,25,24.651764285714282
1,sj,1998,29,1998-07-16,development,1995-04-30,168,150,117.09999999999994,26,26.412870634920623,27,26.809998412698413,27,26.950727777777768
1,sj,1998,30,1998-07-23,development,1995-04-30,169,191,117.09999999999994,30,29.909240476190448,30,29.796690476190484,29,29.120238888888878
1,sj,1998,31,1998-07-30,development,1995-04-30,170,256,117.09999999999994,33,33.24315873015872,33,32.8503738095238,32,32.477696825396805
1,sj,1998,32,1998-08-06,development,1995-04-30,171,329,117.09999999999994,35,35.317341269841265,36,36.31658492063493,35,34.57092380952376
1,sj,1998,33,1998-08-13,development,1995-04-30,172,263,117.09999999999994,41,41.395465873015866,41,40.74306984126983,41,40.87833253968253
1,sj,1998,34,1998-08-20,development,1995-04-30,173,220,117.09999999999994,41,40.50495555555556,40,40.29577063492067,39,39.10101746031745
1,sj,1998,35,1998-08-27,development,1995-04-30,174,204,117.09999999999994,41,41.25766031746033,40,40.14284523809524,38,37.54992777777778
1,sj,1998,36,1998-09-03,development,1995-04-30,175,181,117.09999999999994,39,39.265754761904766,39,39.35180238095238,36,36.4819579365079
1,sj,1998,37,1998-09-10,development,1995-04-30,176,99,117.09999999999994,40,40.19139841269841,39,38.871128571428585,37,37.11959047619043
1,sj,1998,38,1998-09-17,development,1995-04-30,177,54,117.09999999999994,45,44.678871428571426,46,45.638404761904724,43,43.217193650793604
1,sj,1998,39,1998-09-24,development,1995-04-30,178,80,117.09999999999994,42,41.818231746031735,43,43.374896825396796,42,41.791272222222204
1,sj,1998,40,1998-10-01,development,1995-04-30,179,102,117.09999999999994,45,44.97428174603174,47,46.74661825396826,47,46.68524047619044
1,sj,1998,41,1998-10-08,development,1995-04-30,180,127,117.09999999999994,54,54.236015873015845,56,56.16981666666663,56,56.3196722222222
1,sj,1998,42,1998-10-15,development,1995-04-30,181,73,117.09999999999994,56,56.198789682539655,58,57.780399999999936,57,56.84822539682534
1,sj,1998,43,1998-10-22,development,1995-04-30,182,68,117.09999999999994,55,55.13525634920633,57,57.08280396825387,57,56.70900714285712
1,sj,1998,44,1998-10-29,development,1995-04-30,183,64,117.09999999999994,53,53.17595079365077,51,51.265043650793636,50,50.3340476190476
1,sj,1998,45,1998-11-05,development,1995-04-30,184,55,117.09999999999994,56,55.60163253968251,53,53.241689682539636,52,52.32900555555555
1,sj,1998,46,1998-11-12,development,1995-04-30,185,67,117.09999999999994,55,54.74496984126986,55,54.765327777777756,52,52.03292539682538
1,sj,1998,47,1998-11-19,development,1995-04-30,186,84,117.09999999999994,54,54.08237936507938,54,53.95080952380951,52,51.86946349206349
1,sj,1998,48,1998-11-26,development,1995-04-30,187,85,117.09999999999994,55,55.16799365079367,54,54.24993809523806,55,55.25590476190472
1,sj,1998,49,1998-12-03,development,1995-04-30,188,67,117.09999999999994,59,58.89550079365082,58,58.456197619047586,58,57.848741269841284
1,sj,1998,50,1998-12-10,development,1995-04-30,189,73,117.09999999999994,67,66.66671904761907,65,64.66226746031742,65,64.94532063492062
1,sj,1998,51,1998-12-17,development,1995-04-30,190,89,117.09999999999994,56,56.40212301587303,57,56.54514047619046,55,55.29696984126987
1,sj,1998,52,1998-12-24,development,1995-04-30,191,68,117.09999999999994,56,56.33160158730162,57,57.39107380952375,57,57.16138174603176
1,sj,1999,53,1999-01-01,development,1995-04-30,192,59,117.09999999999994,57,57.140289682539695,58,58.276562698412654,59,59.014310317460314
1,sj,1999,1,1999-01-08,development,1995-04-30,193,56,117.09999999999994,67,66.81997777777778,68,68.00602857142857,65,65.10800079365076
1,sj,1999,2,1999-01-15,development,1995-04-30,194,77,117.09999999999994,64,64.46404285714291,64,63.70686825396826,64,63.90314365079363
1,sj,1999,3,1999-01-22,development,1995-04-30,195,75,117.09999999999994,55,54.73131984126982,55,55.41073015873014,56,55.616685714285715
1,sj,1999,4,1999-01-29,development,1995-04-30,196,47,117.09999999999994,50,49.96323253968248,49,48.706149999999994,50,50.272776190476186
1,sj,1999,5,1999-02-05,development,1995-04-30,197,50,117.09999999999994,44,43.97544047619048,46,45.82550555555555,46,45.78328809523809
1,sj,1999,6,1999-02-12,development,1995-04-30,198,42,117.09999999999994,36,35.957858730158755,37,36.79892460317459,35,35.01745714285715
1,sj,1999,7,1999-02-19,development,1995-04-30,199,28,117.09999999999994,37,37.34841031746033,37,37.350596031746036,37,37.17718095238097
1,sj,1999,8,1999-02-26,development,1995-04-30,200,37,117.09999999999994,33,32.74408015873015,34,34.077053968253985,34,33.56829444444447
1,sj,1999,9,1999-03-05,development,1995-04-30,201,37,117.09999999999994,28,27.778856349206336,29,28.62745634920635,29,28.749429365079358
1,sj,1999,10,1999-03-12,development,1995-04-30,202,27,117.09999999999994,24,24.147185714285705,25,25.14620952380953,25,24.57057698412697
1,sj,1999,11,1999-03-19,development,1995-04-30,203,12,117.09999999999994,25,24.77985714285711,24,24.248851587301573,24,24.428421428571422
1,sj,1999,12,1999-03-26,development,1995-04-30,204,15,117.09999999999994,19,19.053241269841273,20,19.82583015873014,20,19.927911904761892
1,sj,1999,13,1999-04-02,development,1995-04-30,205,22,117.09999999999994,16,15.615934920634924,16,16.314756349206345,16,15.843217460317467
1,sj,1999,14,1999-04-09,development,1995-04-30,206,8,117.09999999999994,14,13.63084444444445,14,14.223503968253963,14,14.003046031746031
1,sj,1999,15,1999-04-16,development,1995-04-30,207,15,117.09999999999994,15,14.914107142857153,17,17.00287301587301,17,17.182286507936507
1,sj,1999,16,1999-04-23,development,1995-04-30,208,17,117.09999999999994,13,12.8179642857143,15,15.020931746031762,16,15.86290555555557
1,sj,1999,17,1999-04-30,development,1995-04-30,209,10,117.09999999999994,16,16.401319841269842,18,18.053266666666676,18,17.780338888888892
1,sj,1999,18,1999-05-07,development,1995-04-30,210,9,117.09999999999994,17,16.79128253968253,19,18.70333968253969,18,18.319365079365078
1,sj,1999,19,1999-05-14,development,1995-04-30,211,11,117.09999999999994,17,17.310855555555563,19,19.22703095238095,19,18.65446984126986
1,sj,1999,20,1999-05-21,development,1995-04-30,212,20,117.09999999999994,17,17.255920634920635,20,20.0237158730159,20,19.727306349206366
1,sj,1999,21,1999-05-28,development,1995-04-30,213,13,117.09999999999994,20,20.346973015873004,23,23.25562142857145,23,22.856285714285715
1,sj,1999,22,1999-06-04,development,1995-04-30,214,11,117.09999999999994,24,23.945691269841262,26,26.005511904761917,26,25.74623809523809
1,sj,1999,23,1999-06-11,development,1995-04-30,215,16,117.09999999999994,26,25.659550793650805,28,27.523858730158757,26,26.09876746031747
1,sj,1999,24,1999-06-18,development,1995-04-30,216,11,117.09999999999994,26,26.41063888888889,28,28.26513015873018,30,29.630215873015892
1,sj,1999,25,1999-06-25,development,1995-04-30,217,7,117.09999999999994,26,26.28099523809524,28,28.15328333333333,27,27.24281428571429
1,sj,1999,26,1999-07-02,development,1995-04-30,218,17,117.09999999999994,27,26.780241269841273,30,30.055858730158743,27,27.32082222222222
1,sj,1999,27,1999-07-09,development,1995-04-30,219,14,117.09999999999994,25,24.531896825396846,27,27.364589682539684,26,26.238518253968266
1,sj,1999,28,1999-07-16,development,1995-04-30,220,13,117.09999999999994,27,27.037031746031758,29,28.818061904761915,30,30.48099999999999
1,sj,1999,29,1999-07-23,development,1995-04-30,221,15,117.09999999999994,26,26.27278095238094,30,30.38837142857144,28,28.340290476190464
1,sj,1999,30,1999-07-30,development,1995-04-30,222,30,117.09999999999994,37,37.465823015873006,41,41.3730968253968,35,35.44755
1,sj,1999,31,1999-08-06,development,1995-04-30,223,25,117.09999999999994,29,29.488958730158686,30,29.754494444444425,28,28.335065079365048
1,sj,1999,32,1999-08-13,development,1995-04-30,224,40,117.09999999999994,36,35.59819682539683,36,35.59451031746031,33,33.422766666666675
1,sj,1999,33,1999-08-20,development,1995-04-30,225,44,117.09999999999994,42,42.015936507936445,40,39.870207936507946,38,38.1088507936508
1,sj,1999,34,1999-08-27,development,1995-04-30,226,25,117.09999999999994,48,48.076254761904714,46,46.2733246031746,42,41.76305952380954
1,sj,1999,35,1999-09-03,development,1995-04-30,227,21,117.09999999999994,42,41.80036111111107,42,41.634363492063514,38,37.91123174603175
1,sj,1999,36,1999-09-10,development,1995-04-30,228,48,117.09999999999994,47,46.5711722222222,43,43.45112698412699,44,43.919933333333326
1,sj,1999,37,1999-09-17,development,1995-04-30,229,56,117.09999999999994,44,43.6816412698413,42,42.27919444444445,42,42.27180873015872
1,sj,1999,38,1999-09-24,development,1995-04-30,230,60,117.09999999999994,51,50.98103174603179,50,50.142637301587264,50,49.78917063492065
1,sj,1999,39,1999-10-01,development,1995-04-30,231,45,117.09999999999994,44,44.37320634920637,45,44.589111904761864,44,43.84984999999997
1,sj,1999,40,1999-10-08,development,1995-04-30,232,55,117.09999999999994,47,47.00192460317459,49,48.992746031746,47,46.5996674603174
1,sj,1999,41,1999-10-15,development,1995-04-30,233,32,117.09999999999994,47,46.58277619047618,48,48.010109523809525,47,46.76583571428571
1,sj,1999,42,1999-10-22,development,1995-04-30,234,46,117.09999999999994,59,58.63196349206353,59,59.10228650793648,61,60.60835634920638
1,sj,1999,43,1999-10-29,development,1995-04-30,235,61,117.09999999999994,51,50.85850555555559,51,50.7240365079365,54,53.69433968253966
1,sj,1999,44,1999-11-05,development,1995-04-30,236,42,117.09999999999994,55,54.89593333333336,52,52.451508730158686,53,52.98611587301587
1,sj,1999,45,1999-11-12,development,1995-04-30,237,37,117.09999999999994,54,54.42122063492068,52,52.32145158730153,54,54.1707626984127
1,sj,1999,46,1999-11-19,development,1995-04-30,238,43,117.09999999999994,56,56.078837301587356,59,59.179369841269796,57,57.0872984126984
1,sj,1999,47,1999-11-26,development,1995-04-30,239,34,117.09999999999994,55,55.153852380952394,55,54.77327619047621,54,53.66140952380954
1,sj,1999,48,1999-12-03,development,1995-04-30,240,40,117.09999999999994,58,57.507569047619086,57,56.534755555555506,56,55.897146031746026
1,sj,1999,49,1999-12-10,development,1995-04-30,241,25,117.09999999999994,62,61.88390079365083,59,59.47850238095238,61,60.842403174603135
1,sj,1999,50,1999-12-17,development,1995-04-30,242,16,117.09999999999994,57,56.569261904761966,55,55.2767507936508,55,55.24518412698413
1,sj,1999,51,1999-12-24,development,1995-04-30,243,17,117.09999999999994,50,49.87354920634922,51,50.51213174603176,50,50.27016111111106
1,sj,2000,52,2000-01-01,development,1995-04-30,244,17,117.09999999999994,41,41.45527460317463,42,42.28143412698408,41,41.34775873015874
1,sj,2000,1,2000-01-08,development,1995-04-30,245,16,117.09999999999994,41,40.77699682539684,41,41.443998412698384,41,41.09135396825398
1,sj,2000,2,2000-01-15,development,1995-04-30,246,23,117.09999999999994,38,38.105807936507965,38,37.726946825396794,37,37.213638095238124
1,sj,2000,3,2000-01-22,development,1995-04-30,247,18,117.09999999999994,42,42.08138492063489,42,42.154780158730155,43,43.34092222222222
1,sj,2000,4,2000-01-29,development,1995-04-30,248,18,117.09999999999994,36,35.53965238095241,36,35.84097222222226,34,33.678820634920626
1,sj,2000,5,2000-02-05,development,1995-04-30,249,9,117.09999999999994,37,37.19001269841273,35,35.25311031746035,35,35.07725158730157
1,sj,2000,6,2000-02-12,development,1995-04-30,250,7,117.09999999999994,25,24.904826984126988,26,25.625732539682524,25,25.076192063492037
1,sj,2000,7,2000-02-19,development,1995-04-30,251,7,117.09999999999994,28,28.102541269841296,27,27.35208015873018,27,26.884111904761877
1,sj,2000,8,2000-02-26,development,1995-04-30,252,4,117.09999999999994,25,24.84573412698412,25,24.903489682539693,24,24.16564444444441
1,sj,2000,9,2000-03-04,development,1995-04-30,253,3,117.09999999999994,25,24.861578571428556,25,24.969434920634924,24,24.265199206349177
1,sj,2000,10,2000-03-11,development,1995-04-30,254,2,117.09999999999994,21,21.253823809523798,23,22.55091825396826,22,22.40302460317459
1,sj,2000,11,2000-03-18,development,1995-04-30,255,8,117.09999999999994,19,18.546676984126986,20,19.505386507936514,20,19.726503968253965
1,sj,2000,12,2000-03-25,development,1995-04-30,256,3,117.09999999999994,18,17.524365873015856,19,18.698807936507936,19,18.650853968253966
1,sj,2000,13,2000-04-01,development,1995-04-30,257,1,117.09999999999994,16,16.499071428571412,17,16.96685396825396,17,16.58715476190476
1,sj,2000,14,2000-04-08,development,1995-04-30,258,1,117.09999999999994,15,15.279952380952363,15,15.405993650793642,15,15.284196031746022
1,sj,2000,15,2000-04-15,development,1995-04-30,259,2,117.09999999999994,15,14.811684126984112,15,15.325575396825387,15,14.620450793650788
1,sj,2000,16,2000-04-22,development,1995-04-30,260,3,117.09999999999994,15,14.534665079365073,15,15.387668253968238,15,14.62750634920634
2,sj,1996,18,1996-04-29,development,1996-04-29,1,4,91.90000000000003,13,12.948934126984122,13,13.021706349206355,14,13.60922380952379
2,sj,1996,19,1996-05-06,development,1996-04-29,2,6,91.90000000000003,13,12.85086904761905,13,13.051476984126992,14,13.741654761904753
2,sj,1996,20,1996-05-13,development,1996-04-29,3,5,91.90000000000003,15,14.594775396825398,14,13.893544444444448,15,15.161080158730158
2,sj,1996,21,1996-05-20,development,1996-04-29,4,2,91.90000000000003,14,13.93945079365079,13,13.212761111111117,14,14.468439682539676
2,sj,1996,22,1996-05-27,development,1996-04-29,5,4,91.90000000000003,16,16.032070634920633,15,14.957346825396835,16,16.043924603174595
2,sj,1996,23,1996-06-03,development,1996-04-29,6,2,91.90000000000003,18,17.83714285714286,18,17.804003174603178,18,18.041623015873014
2,sj,1996,24,1996-06-10,development,1996-04-29,7,4,91.90000000000003,19,18.955709523809542,18,18.20353492063493,18,17.960834126984118
2,sj,1996,25,1996-06-17,development,1996-04-29,8,6,91.90000000000003,21,20.764179365079364,19,19.41267857142858,20,19.5090103174603
2,sj,1996,26,1996-06-24,development,1996-04-29,9,6,91.90000000000003,19,19.020233333333323,19,18.60928095238096,18,18.272380158730154
2,sj,1996,27,1996-07-01,development,1996-04-29,10,4,91.90000000000003,20,19.58309047619048,20,19.526634126984142,20,20.174084920634904
2,sj,1996,28,1996-07-08,development,1996-04-29,11,6,91.90000000000003,19,18.706004761904783,18,18.000141269841276,19,18.789139682539663
2,sj,1996,29,1996-07-15,development,1996-04-29,12,11,91.90000000000003,21,20.605741269841275,20,19.888587301587297,20,19.92058253968253
2,sj,1996,30,1996-07-22,development,1996-04-29,13,16,91.90000000000003,24,24.015909523809523,23,23.089680158730154,24,23.616684920634924
2,sj,1996,31,1996-07-29,development,1996-04-29,14,9,91.90000000000003,27,27.09956269841268,27,26.927619841269845,26,26.298803174603165
2,sj,1996,32,1996-08-05,development,1996-04-29,15,12,91.90000000000003,26,26.33505873015872,26,25.774641269841293,26,26.0901888888889
2,sj,1996,33,1996-08-12,development,1996-04-29,16,13,91.90000000000003,29,28.70728253968255,30,29.862569047619036,29,28.795899206349226
2,sj,1996,34,1996-08-19,development,1996-04-29,17,27,91.90000000000003,35,34.80408730158734,36,35.66053492063493,36,36.141142857142874
2,sj,1996,35,1996-08-26,development,1996-04-29,18,21,91.90000000000003,40,39.69674761904761,40,39.55099603174603,40,39.78593015873017
2,sj,1996,36,1996-09-02,development,1996-04-29,19,19,91.90000000000003,35,35.298369047619055,35,35.370103968253964,36,36.274508730158736
2,sj,1996,37,1996-09-09,development,1996-04-29,20,17,91.90000000000003,32,32.10816904761907,31,31.49808968253969,33,32.79637619047619
2,sj,1996,38,1996-09-16,development,1996-04-29,21,24,91.90000000000003,38,37.622422222222184,38,37.71133333333333,38,38.190979365079365
2,sj,1996,39,1996-09-23,development,1996-04-29,22,27,91.90000000000003,45,45.0333650793651,44,43.71491587301586,44,43.94762936507932
2,sj,1996,40,1996-09-30,development,1996-04-29,23,30,91.90000000000003,41,41.00559920634918,42,41.543744444444464,42,42.12284126984129
2,sj,1996,41,1996-10-07,development,1996-04-29,24,29,91.90000000000003,39,38.96212936507937,40,39.59323174603176,40,39.65667063492063
2,sj,1996,42,1996-10-14,development,1996-04-29,25,25,91.90000000000003,43,43.28798253968254,41,40.75772539682542,42,42.374427777777754
2,sj,1996,43,1996-10-21,development,1996-04-29,26,35,91.90000000000003,43,42.88739126984127,42,42.26094761904762,45,44.60693253968253
2,sj,1996,44,1996-10-28,development,1996-04-29,27,33,91.90000000000003,43,43.490700793650795,43,42.99211428571429,43,43.13015555555557
2,sj,1996,45,1996-11-04,development,1996-04-29,28,30,91.90000000000003,42,42.30761587301584,42,42.49394682539684,43,43.18345476190478
2,sj,1996,46,1996-11-11,development,1996-04-29,29,29,91.90000000000003,40,40.10808412698413,39,38.98742619047618,40,39.81341904761908
2,sj,1996,47,1996-11-18,development,1996-04-29,30,31,91.90000000000003,48,47.802712698412726,46,45.630180158730134,48,47.89519047619048
2,sj,1996,48,1996-11-25,development,1996-04-29,31,29,91.90000000000003,50,49.79168333333335,47,46.724422222222245,49,49.48199523809523
2,sj,1996,49,1996-12-02,development,1996-04-29,32,22,91.90000000000003,46,45.86701825396828,43,43.46896349206348,46,45.891120634920654
2,sj,1996,50,1996-12-09,development,1996-04-29,33,27,91.90000000000003,38,38.33674841269843,37,37.338150793650776,39,38.659626190476224
2,sj,1996,51,1996-12-16,development,1996-04-29,34,24,91.90000000000003,41,41.47341984126984,41,41.29557857142853,41,40.830403968254025
2,sj,1996,52,1996-12-23,development,1996-04-29,35,26,91.90000000000003,37,37.0909619047619,37,37.29917301587302,38,37.5468880952381
2,sj,1997,1,1997-01-01,development,1996-04-29,36,29,91.90000000000003,37,37.17787857142853,35,34.837846031746025,36,35.724793650793636
2,sj,1997,2,1997-01-08,development,1996-04-29,37,22,91.90000000000003,31,31.23976587301584,32,31.839459523809502,32,31.754377777777748
2,sj,1997,3,1997-01-15,development,1996-04-29,38,33,91.90000000000003,36,35.634184920634894,37,36.53774603174604,37,36.982964285714324
2,sj,1997,4,1997-01-22,development,1996-04-29,39,24,91.90000000000003,31,31.15259126984126,30,29.845769047619036,30,30.344294444444458
2,sj,1997,5,1997-01-29,development,1996-04-29,40,30,91.90000000000003,29,29.338386507936494,28,28.094012698412694,28,28.351636507936494
2,sj,1997,6,1997-02-05,development,1996-04-29,41,20,91.90000000000003,23,23.421801587301598,24,23.644176190476205,23,22.89339603174604
2,sj,1997,7,1997-02-12,development,1996-04-29,42,17,91.90000000000003,22,22.102784920634917,22,21.812415873015876,21,21.44970793650793
2,sj,1997,8,1997-02-19,development,1996-04-29,43,24,91.90000000000003,21,20.73965793650793,20,19.807035714285718,20,20.15242698412699
2,sj,1997,9,1997-02-26,development,1996-04-29,44,28,91.90000000000003,19,19.081619047619032,19,19.222530952380936,19,18.61751428571429
2,sj,1997,10,1997-03-05,development,1996-04-29,45,18,91.90000000000003,19,18.59505158730158,18,18.00560873015872,18,17.631965873015876
2,sj,1997,11,1997-03-12,development,1996-04-29,46,13,91.90000000000003,17,17.156494444444448,17,16.693884126984127,16,16.11248174603175
2,sj,1997,12,1997-03-19,development,1996-04-29,47,9,91.90000000000003,15,15.318249206349215,15,15.242383333333327,14,14.41477777777779
2,sj,1997,13,1997-03-26,development,1996-04-29,48,14,91.90000000000003,15,14.640427777777775,14,14.448726190476188,14,13.760105555555555
2,sj,1997,14,1997-04-02,development,1996-04-29,49,11,91.90000000000003,13,13.059488888888891,13,13.255753968253968,13,13.226532539682532
2,sj,1997,15,1997-04-09,development,1996-04-29,50,11,91.90000000000003,13,12.617584126984127,13,12.691359523809515,13,13.410841269841269
2,sj,1997,16,1997-04-16,development,1996-04-29,51,19,91.90000000000003,12,12.27448095238095,11,11.439199206349214,12,11.808436507936504
2,sj,1997,17,1997-04-23,development,1996-04-29,52,10,91.90000000000003,11,10.609741269841264,10,10.099179365079358,10,10.371334920634917
2,sj,1997,18,1997-04-30,development,1996-04-29,53,8,91.90000000000003,11,10.752808730158726,10,9.974478571428564,11,10.770975396825405
2,sj,1997,19,1997-05-07,development,1996-04-29,54,8,91.90000000000003,11,10.981758730158724,11,10.92503650793651,11,11.475234920634925
2,sj,1997,20,1997-05-14,development,1996-04-29,55,9,91.90000000000003,13,13.415302380952385,13,13.233602380952382,14,14.09109444444445
2,sj,1997,21,1997-05-21,development,1996-04-29,56,3,91.90000000000003,15,15.066427777777776,15,15.1795238095238,16,15.524280158730155
2,sj,1997,22,1997-05-28,development,1996-04-29,57,7,91.90000000000003,19,18.564530158730175,19,18.697521428571424,19,18.708778571428557
2,sj,1997,23,1997-06-04,development,1996-04-29,58,14,91.90000000000003,22,21.6504507936508,22,22.168939682539705,22,22.49775793650794
2,sj,1997,24,1997-06-11,development,1996-04-29,59,4,91.90000000000003,24,23.798183333333345,23,22.80686746031748,24,23.597758730158723
2,sj,1997,25,1997-06-18,development,1996-04-29,60,9,91.90000000000003,27,27.14375555555555,27,26.80238968253968,27,27.100157936507905
2,sj,1997,26,1997-06-25,development,1996-04-29,61,14,91.90000000000003,28,27.956642063492062,27,27.09110873015875,28,28.471962698412685
2,sj,1997,27,1997-07-02,development,1996-04-29,62,7,91.90000000000003,31,30.616129365079367,31,31.014477777777785,30,29.60374285714286
2,sj,1997,28,1997-07-09,development,1996-04-29,63,9,91.90000000000003,29,29.05232857142857,31,30.69380476190475,29,28.782073015873
2,sj,1997,29,1997-07-16,development,1996-04-29,64,3,91.90000000000003,49,49.48855873015879,50,50.1658166666667,46,46.16853888888887
2,sj,1997,30,1997-07-23,development,1996-04-29,65,3,91.90000000000003,49,49.27603492063495,47,46.78670714285713,40,40.426586507936534
2,sj,1997,31,1997-07-30,development,1996-04-29,66,14,91.90000000000003,64,63.53020079365083,64,64.33842222222223,58,57.861274603174586
2,sj,1997,32,1997-08-06,development,1996-04-29,67,12,91.90000000000003,53,53.216470634920654,55,54.591813492063494,56,55.66279206349205
2,sj,1997,33,1997-08-13,development,1996-04-29,68,10,91.90000000000003,80,80.47572301587299,87,86.55337777777781,80,80.33994841269843
2,sj,1997,34,1997-08-20,development,1996-04-29,69,21,91.90000000000003,70,69.54303809523812,65,64.97558650793651,66,65.96006111111113
2,sj,1997,35,1997-08-27,development,1996-04-29,70,26,91.90000000000003,59,59.045460317460325,61,60.816724603174606,61,60.66218492063492
2,sj,1997,36,1997-09-03,development,1996-04-29,71,47,91.90000000000003,66,65.53893650793655,65,64.69389603174602,63,63.18884126984127
2,sj,1997,37,1997-09-10,development,1996-04-29,72,42,91.90000000000003,67,67.02673015873022,69,68.51571507936508,61,61.2614357142857
2,sj,1997,38,1997-09-17,development,1996-04-29,73,31,91.90000000000003,54,53.90497142857139,54,53.85052539682542,48,48.29552698412701
2,sj,1997,39,1997-09-24,development,1996-04-29,74,34,91.90000000000003,50,50.33280873015874,53,52.674265079365156,50,49.67601190476196
2,sj,1997,40,1997-10-01,development,1996-04-29,75,33,91.90000000000003,63,63.22939841269842,65,65.356130952381,64,63.948138095238086
2,sj,1997,41,1997-10-08,development,1996-04-29,76,52,91.90000000000003,51,51.26174603174599,53,52.6477436507937,51,50.848953968253966
2,sj,1997,42,1997-10-15,development,1996-04-29,77,56,91.90000000000003,50,50.258736507936504,51,50.85729603174608,51,50.812501587301576
2,sj,1997,43,1997-10-22,development,1996-04-29,78,70,91.90000000000003,47,46.867812698412735,45,44.76730634920635,45,45.09459285714285
2,sj,1997,44,1997-10-29,development,1996-04-29,79,112,91.90000000000003,47,47.056776190476214,46,46.38404603174604,46,45.8173857142857
2,sj,1997,45,1997-11-05,development,1996-04-29,80,70,91.90000000000003,46,45.937665873015895,46,45.55880476190475,44,44.160351587301534
2,sj,1997,46,1997-11-12,development,1996-04-29,81,47,91.90000000000003,48,48.31611349206353,47,47.104961904761936,46,46.36469761904761
2,sj,1997,47,1997-11-19,development,1996-04-29,82,48,91.90000000000003,56,56.05108571428572,55,54.83329920634922,57,56.89217063492064
2,sj,1997,48,1997-11-26,development,1996-04-29,83,49,91.90000000000003,59,59.06135079365084,55,55.29343015873021,54,54.42008888888893
2,sj,1997,49,1997-12-03,development,1996-04-29,84,66,91.90000000000003,54,53.916766666666646,56,55.80876111111114,52,52.22893253968253
2,sj,1997,50,1997-12-10,development,1996-04-29,85,56,91.90000000000003,55,54.820873015873005,55,55.48046746031753,55,55.417326984127
2,sj,1997,51,1997-12-17,development,1996-04-29,86,61,91.90000000000003,66,66.46057301587298,65,64.56943571428576,67,66.58600714285714
2,sj,1997,52,1997-12-24,development,1996-04-29,87,67,91.90000000000003,66,65.80103730158721,67,66.90030158730163,65,64.85581507936506
2,sj,1998,1,1998-01-01,development,1996-04-29,88,64,91.90000000000003,76,75.63936428571421,66,66.21455714285715,69,68.89915396825397
2,sj,1998,2,1998-01-08,development,1996-04-29,89,68,91.90000000000003,51,50.804177777777774,48,48.15523253968252,49,48.97560396825397
2,sj,1998,3,1998-01-15,development,1996-04-29,90,49,91.90000000000003,57,56.58639365079368,55,54.81354841269841,52,52.22426984126982
2,sj,1998,4,1998-01-22,development,1996-04-29,91,50,91.90000000000003,55,55.44755555555556,54,53.575439682539674,53,53.41144444444447
2,sj,1998,5,1998-01-29,development,1996-04-29,92,56,91.90000000000003,56,55.89835793650795,54,54.015111111111146,55,55.06903174603179
2,sj,1998,6,1998-02-05,development,1996-04-29,93,75,91.90000000000003,37,37.42143174603175,35,35.405197619047605,37,37.068594444444486
2,sj,1998,7,1998-02-12,development,1996-04-29,94,63,91.90000000000003,42,41.554542063492086,40,40.267021428571425,39,38.83528888888892
2,sj,1998,8,1998-02-19,development,1996-04-29,95,62,91.90000000000003,46,46.11095317460322,42,41.59937222222221,43,42.97253809523811
2,sj,1998,9,1998-02-26,development,1996-04-29,96,41,91.90000000000003,38,37.8182753968254,37,36.84561507936508,38,37.64066825396827
2,sj,1998,10,1998-03-05,development,1996-04-29,97,50,91.90000000000003,29,29.040475396825425,29,28.99062777777775,30,30.012211111111135
2,sj,1998,11,1998-03-12,development,1996-04-29,98,34,91.90000000000003,30,30.14981587301591,30,30.117774603174592,30,30.471359523809515
2,sj,1998,12,1998-03-19,development,1996-04-29,99,31,91.90000000000003,25,25.01843492063494,24,24.03385158730159,24,23.527466666666648
2,sj,1998,13,1998-03-26,development,1996-04-29,100,38,91.90000000000003,23,22.976133333333348,23,22.852320634920634,22,21.91293095238094
2,sj,1998,14,1998-04-02,development,1996-04-29,101,30,91.90000000000003,19,19.34499682539683,18,18.392441269841267,19,18.751300793650795
2,sj,1998,15,1998-04-09,development,1996-04-29,102,32,91.90000000000003,21,20.774847619047613,20,19.85374841269841,19,19.290410317460314
2,sj,1998,16,1998-04-16,development,1996-04-29,103,26,91.90000000000003,19,19.352952380952377,20,19.810784920634934,20,20.46836666666667
2,sj,1998,17,1998-04-23,development,1996-04-29,104,30,91.90000000000003,17,16.994253174603188,17,17.124872222222237,19,18.84775079365079
2,sj,1998,18,1998-04-30,development,1996-04-29,105,36,91.90000000000003,14,14.257475396825406,15,14.761495238095241,15,15.352676984126978
2,sj,1998,19,1998-05-07,development,1996-04-29,106,35,91.90000000000003,18,17.607561111111107,16,16.38472222222223,17,16.981125396825384
2,sj,1998,20,1998-05-14,development,1996-04-29,107,46,91.90000000000003,19,19.217925396825407,19,19.309112698412694,20,19.67425476190477
2,sj,1998,21,1998-05-21,development,1996-04-29,108,48,91.90000000000003,19,18.53707301587303,19,18.98265476190478,19,19.01699047619047
2,sj,1998,22,1998-05-28,development,1996-04-29,109,44,91.90000000000003,16,16.276742857142857,16,16.45427619047619,17,17.26326587301587
2,sj,1998,23,1998-06-04,development,1996-04-29,110,51,91.90000000000003,14,14.461243650793648,15,14.816007142857147,16,16.204237301587295
2,sj,1998,24,1998-06-11,development,1996-04-29,111,59,91.90000000000003,19,18.82547222222223,19,19.264774603174615,21,21.058561111111104
2,sj,1998,25,1998-06-18,development,1996-04-29,112,71,91.90000000000003,19,19.26895,20,19.83715158730158,20,19.90531269841269
2,sj,1998,26,1998-06-25,development,1996-04-29,113,102,91.90000000000003,20,19.711092063492053,20,19.97389206349206,21,20.779003174603154
2,sj,1998,27,1998-07-02,development,1996-04-29,114,128,91.90000000000003,20,19.801557936507944,20,19.932424603174617,21,21.255972222222212
2,sj,1998,28,1998-07-09,development,1996-04-29,115,127,91.90000000000003,23,22.963849206349202,24,23.857718253968265,24,23.758476190476166
2,sj,1998,29,1998-07-16,development,1996-04-29,116,150,91.90000000000003,26,26.29787936507938,26,26.016223015873027,26,26.24287698412698
2,sj,1998,30,1998-07-23,development,1996-04-29,117,191,91.90000000000003,28,28.095084920634907,30,29.730902380952372,29,29.36973015873016
2,sj,1998,31,1998-07-30,development,1996-04-29,118,256,91.90000000000003,30,29.717728571428555,29,28.62668571428574,30,30.459548412698435
2,sj,1998,32,1998-08-06,development,1996-04-29,119,329,91.90000000000003,32,32.02701031746032,33,33.45423809523808,33,33.10280714285716
2,sj,1998,33,1998-08-13,development,1996-04-29,120,263,91.90000000000003,36,35.667819841269846,37,36.98221825396826,36,35.69153492063491
2,sj,1998,34,1998-08-20,development,1996-04-29,121,220,91.90000000000003,38,37.802707142857166,37,37.00567222222222,37,36.63126904761905
2,sj,1998,35,1998-08-27,development,1996-04-29,122,204,91.90000000000003,38,38.2077015873016,37,37.06020793650794,36,35.945277777777775
2,sj,1998,36,1998-09-03,development,1996-04-29,123,181,91.90000000000003,36,36.08308571428568,35,34.578375396825386,34,33.83433492063489
2,sj,1998,37,1998-09-10,development,1996-04-29,124,99,91.90000000000003,35,34.68288809523808,35,34.60667936507937,34,33.55490555555551
2,sj,1998,38,1998-09-17,development,1996-04-29,125,54,91.90000000000003,36,36.29664682539683,36,35.59626269841266,36,36.49389206349204
2,sj,1998,39,1998-09-24,development,1996-04-29,126,80,91.90000000000003,33,33.396173015873,34,33.99748968253966,33,33.4106865079365
2,sj,1998,40,1998-10-01,development,1996-04-29,127,102,91.90000000000003,36,36.17163809523809,37,36.60475634920636,36,36.471169047619036
2,sj,1998,41,1998-10-08,development,1996-04-29,128,127,91.90000000000003,41,40.74189126984126,42,41.56016904761907,41,41.42357460317458
2,sj,1998,42,1998-10-15,development,1996-04-29,129,73,91.90000000000003,41,41.266676190476176,41,40.939667460317445,41,41.24740714285712
2,sj,1998,43,1998-10-22,development,1996-04-29,130,68,91.90000000000003,42,42.059083333333334,41,41.149069841269856,43,42.55611984126979
2,sj,1998,44,1998-10-29,development,1996-04-29,131,64,91.90000000000003,43,42.8140523809524,40,39.63195793650795,42,41.84856269841268
2,sj,1998,45,1998-11-05,development,1996-04-29,132,55,91.90000000000003,44,43.93976190476192,43,43.26693730158732,43,42.93670476190475
2,sj,1998,46,1998-11-12,development,1996-04-29,133,67,91.90000000000003,46,46.371561904761904,45,45.395830952380976,44,44.48731031746031
2,sj,1998,47,1998-11-19,development,1996-04-29,134,84,91.90000000000003,47,46.917996031746036,47,46.81632142857148,47,46.529923015873024
2,sj,1998,48,1998-11-26,development,1996-04-29,135,85,91.90000000000003,49,48.974021428571454,48,48.372346825396846,49,48.685211904761914
2,sj,1998,49,1998-12-03,development,1996-04-29,136,67,91.90000000000003,53,52.74591825396828,51,50.73180555555554,52,52.09524365079366
2,sj,1998,50,1998-12-10,development,1996-04-29,137,73,91.90000000000003,54,53.558160317460334,51,50.61953333333336,52,51.70026825396829
2,sj,1998,51,1998-12-17,development,1996-04-29,138,89,91.90000000000003,50,50.16169682539683,48,48.32898174603176,48,48.30280158730157
2,sj,1998,52,1998-12-24,development,1996-04-29,139,68,91.90000000000003,49,48.813370634920695,47,46.71094920634921,47,47.37222380952383
2,sj,1999,53,1999-01-01,development,1996-04-29,140,59,91.90000000000003,47,47.41805000000004,47,46.7051253968254,46,45.9543857142857
2,sj,1999,1,1999-01-08,development,1996-04-29,141,56,91.90000000000003,63,62.553399206349226,60,60.49639285714285,58,58.005594444444434
2,sj,1999,2,1999-01-15,development,1996-04-29,142,77,91.90000000000003,56,56.01647380952382,56,55.67528968253966,55,55.28354523809528
2,sj,1999,3,1999-01-22,development,1996-04-29,143,75,91.90000000000003,52,51.70094444444448,49,49.02533174603172,50,49.98648730158731
2,sj,1999,4,1999-01-29,development,1996-04-29,144,47,91.90000000000003,46,45.69602063492067,45,44.85962301587299,45,45.3574865079365
2,sj,1999,5,1999-02-05,development,1996-04-29,145,50,91.90000000000003,40,40.4374126984127,40,39.939536507936495,41,41.11231904761905
2,sj,1999,6,1999-02-12,development,1996-04-29,146,42,91.90000000000003,33,33.48397142857144,33,33.45340873015876,34,34.037566666666685
2,sj,1999,7,1999-02-19,development,1996-04-29,147,28,91.90000000000003,36,36.10682698412698,36,36.182321428571434,37,36.5410650793651
2,sj,1999,8,1999-02-26,development,1996-04-29,148,37,91.90000000000003,35,34.56308253968252,34,33.828761111111135,35,35.031773015873014
2,sj,1999,9,1999-03-05,development,1996-04-29,149,37,91.90000000000003,28,28.352701587301592,26,26.21309841269842,28,28.24964047619047
2,sj,1999,10,1999-03-12,development,1996-04-29,150,27,91.90000000000003,24,24.435485714285722,24,23.888367460317458,26,25.606235714285734
2,sj,1999,11,1999-03-19,development,1996-04-29,151,12,91.90000000000003,26,25.516912698412696,24,23.687308730158733,25,24.720660317460325
2,sj,1999,12,1999-03-26,development,1996-04-29,152,15,91.90000000000003,20,20.051156349206366,20,19.749278571428572,20,20.157012698412704
2,sj,1999,13,1999-04-02,development,1996-04-29,153,22,91.90000000000003,15,14.780531746031754,15,14.579909523809528,14,13.536477777777781
2,sj,1999,14,1999-04-09,development,1996-04-29,154,8,91.90000000000003,13,13.061466666666677,14,14.35180158730159,14,13.83401111111112
2,sj,1999,15,1999-04-16,development,1996-04-29,155,15,91.90000000000003,14,14.004036507936506,15,15.187868253968258,15,15.434203174603185
2,sj,1999,16,1999-04-23,development,1996-04-29,156,17,91.90000000000003,11,11.469708730158732,13,13.14740555555555,13,13.30500317460317
2,sj,1999,17,1999-04-30,development,1996-04-29,157,10,91.90000000000003,14,14.382039682539684,15,14.868976190476202,15,14.944723015873015
2,sj,1999,18,1999-05-07,development,1996-04-29,158,9,91.90000000000003,15,14.941733333333335,15,15.207095238095242,15,15.142689682539684
2,sj,1999,19,1999-05-14,development,1996-04-29,159,11,91.90000000000003,16,15.963032539682539,16,15.850060317460313,15,15.136699999999996
2,sj,1999,20,1999-05-21,development,1996-04-29,160,20,91.90000000000003,13,13.403547619047629,13,12.643657936507934,13,13.353456349206347
2,sj,1999,21,1999-05-28,development,1996-04-29,161,13,91.90000000000003,16,16.233801587301592,17,16.59510952380952,17,16.74274603174603
2,sj,1999,22,1999-06-04,development,1996-04-29,162,11,91.90000000000003,22,21.698050793650797,22,22.25569920634921,22,21.622496825396823
2,sj,1999,23,1999-06-11,development,1996-04-29,163,16,91.90000000000003,22,21.64936904761904,23,22.67717222222223,23,22.53323968253969
2,sj,1999,24,1999-06-18,development,1996-04-29,164,11,91.90000000000003,22,21.761730952380937,22,21.7930388888889,22,22.428447619047617
2,sj,1999,25,1999-06-25,development,1996-04-29,165,7,91.90000000000003,22,21.610082539682534,21,21.174264285714308,22,21.85547698412696
2,sj,1999,26,1999-07-02,development,1996-04-29,166,17,91.90000000000003,22,21.56926349206348,23,22.934279365079394,23,22.610121428571443
2,sj,1999,27,1999-07-09,development,1996-04-29,167,14,91.90000000000003,21,21.4933238095238,23,23.121230952380945,22,21.984228571428563
2,sj,1999,28,1999-07-16,development,1996-04-29,168,13,91.90000000000003,25,25.10888571428571,26,25.995779365079365,26,26.00099603174602
2,sj,1999,29,1999-07-23,development,1996-04-29,169,15,91.90000000000003,23,23.46318968253967,27,26.63929365079365,29,29.225338095238065
2,sj,1999,30,1999-07-30,development,1996-04-29,170,30,91.90000000000003,33,33.29173888888888,39,38.76909126984125,42,41.661058730158736
2,sj,1999,31,1999-08-06,development,1996-04-29,171,25,91.90000000000003,25,24.786276190476183,25,24.975946031746044,29,28.77491428571427
2,sj,1999,32,1999-08-13,development,1996-04-29,172,40,91.90000000000003,33,32.521462698412705,33,33.26165793650792,34,33.75946269841272
2,sj,1999,33,1999-08-20,development,1996-04-29,173,44,91.90000000000003,36,36.05926587301588,36,36.47812222222223,37,36.81938571428573
2,sj,1999,34,1999-08-27,development,1996-04-29,174,25,91.90000000000003,42,41.851010317460315,40,40.36492857142855,41,41.30466746031744
2,sj,1999,35,1999-09-03,development,1996-04-29,175,21,91.90000000000003,35,35.398606349206325,35,34.85718650793651,35,35.28266349206353
2,sj,1999,36,1999-09-10,development,1996-04-29,176,48,91.90000000000003,42,42.1699738095238,41,40.50277063492062,40,39.909647619047604
2,sj,1999,37,1999-09-17,development,1996-04-29,177,56,91.90000000000003,39,39.336023809523816,38,38.222519047619045,39,38.65545317460316
2,sj,1999,38,1999-09-24,development,1996-04-29,178,60,91.90000000000003,48,47.66241984126984,44,43.87090238095237,45,45.20602460317457
2,sj,1999,39,1999-10-01,development,1996-04-29,179,45,91.90000000000003,40,40.02892619047618,40,39.80610873015875,40,40.38551666666665
2,sj,1999,40,1999-10-08,development,1996-04-29,180,55,91.90000000000003,44,43.56342063492064,44,44.039189682539664,45,44.61805555555555
2,sj,1999,41,1999-10-15,development,1996-04-29,181,32,91.90000000000003,44,44.047682539682505,45,45.30665,46,45.803842063492084
2,sj,1999,42,1999-10-22,development,1996-04-29,182,46,91.90000000000003,56,55.92977380952382,53,53.41789761904768,53,53.29431428571428
2,sj,1999,43,1999-10-29,development,1996-04-29,183,61,91.90000000000003,48,48.439743650793645,51,50.939625396825456,50,49.81681746031748
2,sj,1999,44,1999-11-05,development,1996-04-29,184,42,91.90000000000003,51,51.09820238095234,49,49.231147619047675,53,52.52525000000002
2,sj,1999,45,1999-11-12,development,1996-04-29,185,37,91.90000000000003,52,51.518792857142856,47,46.81685079365083,48,48.272711111111114
2,sj,1999,46,1999-11-19,development,1996-04-29,186,43,91.90000000000003,54,53.692830158730196,50,49.98518015873017,49,49.230126190476206
2,sj,1999,47,1999-11-26,development,1996-04-29,187,34,91.90000000000003,51,51.08737619047618,48,48.447376984127004,48,48.33494523809528
2,sj,1999,48,1999-12-03,development,1996-04-29,188,40,91.90000000000003,52,52.289994444444396,51,50.5236476190476,51,50.70288095238103
2,sj,1999,49,1999-12-10,development,1996-04-29,189,25,91.90000000000003,53,52.83358412698415,52,52.16068095238094,54,53.94792619047623
2,sj,1999,50,1999-12-17,development,1996-04-29,190,16,91.90000000000003,48,48.456312698412745,50,49.65759126984131,49,49.01987619047619
2,sj,1999,51,1999-12-24,development,1996-04-29,191,17,91.90000000000003,43,43.48506111111118,45,44.841932539682524,47,46.838711904761894
2,sj,2000,52,2000-01-01,development,1996-04-29,192,17,91.90000000000003,39,38.793266666666646,39,39.435223809523784,39,39.38058809523813
2,sj,2000,1,2000-01-08,development,1996-04-29,193,16,91.90000000000003,37,37.06787460317458,37,36.952265873015875,38,38.189407936507955
2,sj,2000,2,2000-01-15,development,1996-04-29,194,23,91.90000000000003,32,31.975390476190466,32,32.451401587301596,33,32.52409365079363
2,sj,2000,3,2000-01-22,development,1996-04-29,195,18,91.90000000000003,37,37.08673015873015,37,37.04485158730157,37,37.249594444444455
2,sj,2000,4,2000-01-29,development,1996-04-29,196,18,91.90000000000003,32,31.817276190476186,32,31.63971428571428,33,33.210745238095214
2,sj,2000,5,2000-02-05,development,1996-04-29,197,9,91.90000000000003,33,33.26264206349204,34,34.22274523809524,33,32.603238095238076
2,sj,2000,6,2000-02-12,development,1996-04-29,198,7,91.90000000000003,23,22.51859444444446,22,22.078829365079358,22,21.876568253968255
2,sj,2000,7,2000-02-19,development,1996-04-29,199,7,91.90000000000003,25,25.18277460317462,27,26.743980158730132,25,24.89401507936507
2,sj,2000,8,2000-02-26,development,1996-04-29,200,4,91.90000000000003,21,20.972403174603176,21,20.64593492063492,21,20.681838095238103
2,sj,2000,9,2000-03-04,development,1996-04-29,201,3,91.90000000000003,21,21.11720873015873,21,20.501882539682523,20,19.625700000000005
2,sj,2000,10,2000-03-11,development,1996-04-29,202,2,91.90000000000003,18,17.950317460317454,17,17.175192857142864,17,16.532756349206355
2,sj,2000,11,2000-03-18,development,1996-04-29,203,8,91.90000000000003,16,16.0318126984127,16,15.596423809523813,15,14.697519841269848
2,sj,2000,12,2000-03-25,development,1996-04-29,204,3,91.90000000000003,15,14.613,15,14.6530388888889,13,13.321575396825398
2,sj,2000,13,2000-04-01,development,1996-04-29,205,1,91.90000000000003,13,13.424543650793643,13,13.473314285714295,12,12.414192063492068
2,sj,2000,14,2000-04-08,development,1996-04-29,206,1,91.90000000000003,13,13.101584126984127,12,12.406323809523817,12,12.031466666666665
2,sj,2000,15,2000-04-15,development,1996-04-29,207,2,91.90000000000003,13,12.769681746031742,12,11.971935714285717,12,12.021393650793648
2,sj,2000,16,2000-04-22,development,1996-04-29,208,3,91.90000000000003,13,12.712303968253966,12,11.907586507936518,12,11.564069841269836
2,sj,2000,17,2000-04-29,development,1996-04-29,209,3,91.90000000000003,13,12.84257777777778,12,11.97846904761906,12,11.954230952380948
2,sj,2000,18,2000-05-06,development,1996-04-29,210,2,91.90000000000003,12,12.005884920634916,11,11.12409603174604,11,11.174307936507937
2,sj,2000,19,2000-05-13,development,1996-04-29,211,0,91.90000000000003,11,11.183163492063493,10,10.279693650793652,10,10.4745626984127
2,sj,2000,20,2000-05-20,development,1996-04-29,212,0,91.90000000000003,14,14.418488095238096,14,13.959498412698418,14,13.874291269841281
2,sj,2000,21,2000-05-27,development,1996-04-29,213,2,91.90000000000003,13,13.409486507936512,13,13.16691746031747,13,13.269466666666675
2,sj,2000,22,2000-06-03,development,1996-04-29,214,2,91.90000000000003,14,14.432444444444448,15,14.658781746031758,15,15.227882539682541
2,sj,2000,23,2000-06-10,development,1996-04-29,215,0,91.90000000000003,16,16.15861190476191,16,16.09977063492063,17,16.94513730158729
2,sj,2000,24,2000-06-17,development,1996-04-29,216,6,91.90000000000003,20,20.000342857142865,19,19.356148412698435,19,18.91407142857142
2,sj,2000,25,2000-06-24,development,1996-04-29,217,3,91.90000000000003,21,21.365700000000025,21,20.877419047619075,21,20.695071428571413
2,sj,2000,26,2000-07-01,development,1996-04-29,218,6,91.90000000000003,24,24.29587222222223,24,24.159516666666686,23,23.415217460317432
2,sj,2000,27,2000-07-08,development,1996-04-29,219,2,91.90000000000003,25,24.765214285714272,26,25.770352380952374,23,23.0396968253968
2,sj,2000,28,2000-07-15,development,1996-04-29,220,3,91.90000000000003,27,27.05304603174604,28,27.698016666666657,26,25.556276190476172
2,sj,2000,29,2000-07-22,development,1996-04-29,221,2,91.90000000000003,29,28.910079365079344,29,29.01252142857144,28,28.02079523809524
2,sj,2000,30,2000-07-29,development,1996-04-29,222,4,91.90000000000003,37,36.65014365079362,37,36.92876111111109,35,35.09456269841272
2,sj,2000,31,2000-08-05,development,1996-04-29,223,5,91.90000000000003,42,42.473830158730195,40,39.99944206349207,41,40.67486349206348
2,sj,2000,32,2000-08-12,development,1996-04-29,224,2,91.90000000000003,41,40.771236507936486,41,41.00629761904761,43,42.89401507936508
2,sj,2000,33,2000-08-19,development,1996-04-29,225,9,91.90000000000003,42,42.002819841269854,34,34.056688095238115,37,37.13584603174609
2,sj,2000,34,2000-08-26,development,1996-04-29,226,2,91.90000000000003,63,63.0098698412698,62,61.8301412698413,59,59.25359841269843
2,sj,2000,35,2000-09-02,development,1996-04-29,227,4,91.90000000000003,73,72.87076031746037,82,82.26518809523814,78,78.07638730158726
2,sj,2000,36,2000-09-09,development,1996-04-29,228,8,91.90000000000003,63,62.568884920634986,68,67.8483349206349,69,68.55816587301584
2,sj,2000,37,2000-09-16,development,1996-04-29,229,6,91.90000000000003,66,65.53692936507933,70,70.0454658730159,65,65.26923253968253
2,sj,2000,38,2000-09-23,development,1996-04-29,230,3,91.90000000000003,72,71.85630952380957,78,78.47950634920643,73,73.41811825396827
2,sj,2000,39,2000-09-30,development,1996-04-29,231,11,91.90000000000003,83,82.88731825396825,82,82.46416587301592,80,79.9898325396825
2,sj,2000,40,2000-10-07,development,1996-04-29,232,14,91.90000000000003,76,75.71509206349212,77,76.57378492063503,76,75.81588650793643
2,sj,2000,41,2000-10-14,development,1996-04-29,233,15,91.90000000000003,67,66.95520793650796,66,65.59790793650795,68,67.79346507936503
2,sj,2000,42,2000-10-21,development,1996-04-29,234,20,91.90000000000003,82,81.92389761904768,80,80.45427777777797,77,77.10285714285709
2,sj,2000,43,2000-10-28,development,1996-04-29,235,9,91.90000000000003,77,76.58889365079365,68,67.69570079365089,71,71.02981587301586
2,sj,2000,44,2000-11-04,development,1996-04-29,236,20,91.90000000000003,77,77.09145238095238,73,73.34561825396837,76,75.730219047619
2,sj,2000,45,2000-11-11,development,1996-04-29,237,28,91.90000000000003,76,76.23212936507937,73,72.86051746031761,76,75.87414444444445
2,sj,2000,46,2000-11-18,development,1996-04-29,238,38,91.90000000000003,87,87.39934999999993,85,84.607584920635,90,89.8913873015873
2,sj,2000,47,2000-11-25,development,1996-04-29,239,30,91.90000000000003,67,66.82376190476191,64,63.88007222222224,64,63.586628571428584
2,sj,2000,48,2000-12-02,development,1996-04-29,240,30,91.90000000000003,95,95.31074523809527,104,104.21393412698417,99,98.88302857142857
2,sj,2000,49,2000-12-09,development,1996-04-29,241,23,91.90000000000003,91,90.71312539682532,91,91.45105873015872,88,87.79597698412701
2,sj,2000,50,2000-12-16,development,1996-04-29,242,16,91.90000000000003,94,94.10114285714282,96,95.9165277777778,98,97.64412460317469
2,sj,2000,51,2000-12-23,development,1996-04-29,243,22,91.90000000000003,63,62.93642222222226,64,63.77592619047621,67,66.67196111111114
2,sj,2001,1,2001-01-01,development,1996-04-29,244,28,91.90000000000003,63,62.770334126984125,66,66.20419761904756,66,65.52901349206348
2,sj,2001,2,2001-01-08,development,1996-04-29,245,14,91.90000000000003,49,48.907275396825405,50,50.28904206349207,47,47.35128095238097
2,sj,2001,3,2001-01-15,development,1996-04-29,246,17,91.90000000000003,51,50.65576825396826,51,51.05063015873012,52,52.23399285714283
2,sj,2001,4,2001-01-22,development,1996-04-29,247,20,91.90000000000003,34,34.29914285714284,36,36.2834634920635,37,37.14949682539682
2,sj,2001,5,2001-01-29,development,1996-04-29,248,17,91.90000000000003,34,34.169915079365055,35,35.00968730158731,37,36.79634365079366
2,sj,2001,6,2001-02-05,development,1996-04-29,249,10,91.90000000000003,25,25.499865873015878,26,25.97647777777779,26,25.743128571428574
2,sj,2001,7,2001-02-12,development,1996-04-29,250,13,91.90000000000003,25,24.671261111111143,25,24.913350793650796,26,25.80727142857142
2,sj,2001,8,2001-02-19,development,1996-04-29,251,20,91.90000000000003,25,24.707839682539692,25,25.416087301587314,25,25.010553174603178
2,sj,2001,9,2001-02-26,development,1996-04-29,252,9,91.90000000000003,24,24.2110634920635,24,23.63931746031747,23,23.035461111111104
2,sj,2001,10,2001-03-05,development,1996-04-29,253,18,91.90000000000003,20,19.524923015873036,19,19.22220079365078,20,19.963566666666672
2,sj,2001,11,2001-03-12,development,1996-04-29,254,9,91.90000000000003,17,17.31391746031746,17,17.490423015873013,18,17.747369841269848
2,sj,2001,12,2001-03-19,development,1996-04-29,255,8,91.90000000000003,16,16.266796825396828,17,16.599765873015876,17,16.790283333333335
2,sj,2001,13,2001-03-26,development,1996-04-29,256,19,91.90000000000003,16,16.330491269841264,17,16.934939682539696,16,16.332788888888874
2,sj,2001,14,2001-04-02,development,1996-04-29,257,11,91.90000000000003,13,13.251924603174597,14,14.244899206349205,14,14.374537301587296
2,sj,2001,15,2001-04-09,development,1996-04-29,258,4,91.90000000000003,14,14.471619841269847,15,14.576730952380954,15,15.087599206349202
2,sj,2001,16,2001-04-16,development,1996-04-29,259,6,91.90000000000003,15,14.625534920634923,15,14.87523095238095,16,15.569025396825394
2,sj,2001,17,2001-04-23,development,1996-04-29,260,6,91.90000000000003,15,15.258256349206349,15,15.10640396825397,15,15.446186507936492
3,sj,1997,18,1997-04-30,development,1997-04-30,1,8,84.69999999999999,10,10.258248412698416,10,10.100702380952375,10,9.8339365079365
3,sj,1997,19,1997-05-07,development,1997-04-30,2,8,84.69999999999999,13,12.92492936507937,12,12.454620634920628,12,11.989546825396829
3,sj,1997,20,1997-05-14,development,1997-04-30,3,9,84.69999999999999,14,14.446698412698424,15,15.256755555555548,15,15.434370634920636
3,sj,1997,21,1997-05-21,development,1997-04-30,4,3,84.69999999999999,16,16.44790396825397,16,16.104880952380956,16,15.865425396825403
3,sj,1997,22,1997-05-28,development,1997-04-30,5,7,84.69999999999999,20,19.925668253968254,20,19.555129365079374,21,21.01926904761905
3,sj,1997,23,1997-06-04,development,1997-04-30,6,14,84.69999999999999,22,22.430034920634913,23,22.668093650793647,24,23.5758761904762
3,sj,1997,24,1997-06-11,development,1997-04-30,7,4,84.69999999999999,23,22.5898007936508,24,23.82523888888887,25,24.640519841269843
3,sj,1997,25,1997-06-18,development,1997-04-30,8,9,84.69999999999999,27,26.609577777777776,28,27.836865873015864,27,27.498470634920622
3,sj,1997,26,1997-06-25,development,1997-04-30,9,14,84.69999999999999,28,27.944251587301586,29,28.752192063492068,28,28.372518253968256
3,sj,1997,27,1997-07-02,development,1997-04-30,10,7,84.69999999999999,32,31.896897619047618,33,32.879358730158714,29,28.89151666666669
3,sj,1997,28,1997-07-09,development,1997-04-30,11,9,84.69999999999999,31,30.98608650793652,33,32.83633412698412,31,31.206053174603177
3,sj,1997,29,1997-07-16,development,1997-04-30,12,3,84.69999999999999,51,51.206268253968304,53,52.862676190476215,53,53.30524523809523
3,sj,1997,30,1997-07-23,development,1997-04-30,13,3,84.69999999999999,47,47.1333619047619,52,52.13513888888887,49,48.689537301587315
3,sj,1997,31,1997-07-30,development,1997-04-30,14,14,84.69999999999999,59,59.48525476190479,64,63.62732380952385,66,65.64980952380948
3,sj,1997,32,1997-08-06,development,1997-04-30,15,12,84.69999999999999,63,62.9964,61,61.21236031746032,70,69.77988650793648
3,sj,1997,33,1997-08-13,development,1997-04-30,16,10,84.69999999999999,87,87.35338412698405,77,77.10416825396824,87,87.15170634920624
3,sj,1997,34,1997-08-20,development,1997-04-30,17,21,84.69999999999999,68,68.43224761904762,66,66.49227222222217,73,73.03823333333327
3,sj,1997,35,1997-08-27,development,1997-04-30,18,26,84.69999999999999,61,60.83943492063493,62,61.53073968253964,63,62.97130952380951
3,sj,1997,36,1997-09-03,development,1997-04-30,19,47,84.69999999999999,67,67.46347698412704,68,67.62701190476191,66,66.41006666666665
3,sj,1997,37,1997-09-10,development,1997-04-30,20,42,84.69999999999999,66,66.08923571428575,68,67.68425396825401,66,66.43762460317458
3,sj,1997,38,1997-09-17,development,1997-04-30,21,31,84.69999999999999,52,52.07235317460312,53,53.22819682539682,54,54.181535714285666
3,sj,1997,39,1997-09-24,development,1997-04-30,22,34,84.69999999999999,57,56.712144444444455,54,54.13081269841265,50,50.26231031746035
3,sj,1997,40,1997-10-01,development,1997-04-30,23,33,84.69999999999999,72,72.3221301587302,67,67.2508849206349,67,67.19977857142855
3,sj,1997,41,1997-10-08,development,1997-04-30,24,52,84.69999999999999,54,54.28060317460321,51,50.58100793650794,53,52.86302698412698
3,sj,1997,42,1997-10-15,development,1997-04-30,25,56,84.69999999999999,49,49.04573174603175,48,47.93127777777771,50,50.206427777777805
3,sj,1997,43,1997-10-22,development,1997-04-30,26,70,84.69999999999999,43,42.58827063492064,41,41.048096031746006,42,41.81613650793652
3,sj,1997,44,1997-10-29,development,1997-04-30,27,112,84.69999999999999,44,43.50516428571427,41,41.30785793650796,43,42.88574206349208
3,sj,1997,45,1997-11-05,development,1997-04-30,28,70,84.69999999999999,43,43.19013968253967,42,41.537050000000015,42,42.23280396825399
3,sj,1997,46,1997-11-12,development,1997-04-30,29,47,84.69999999999999,51,51.23001349206346,46,45.912755555555584,46,45.87846031746033
3,sj,1997,47,1997-11-19,development,1997-04-30,30,48,84.69999999999999,55,55.10290396825401,57,56.66386190476188,55,55.437565873015856
3,sj,1997,48,1997-11-26,development,1997-04-30,31,49,84.69999999999999,57,57.44786031746031,54,54.37129761904758,55,55.09181111111114
3,sj,1997,49,1997-12-03,development,1997-04-30,32,66,84.69999999999999,52,52.407394444444435,50,49.61224365079367,51,50.57571825396823
3,sj,1997,50,1997-12-10,development,1997-04-30,33,56,84.69999999999999,53,53.201830158730154,51,50.864235714285726,57,56.69093333333331
3,sj,1997,51,1997-12-17,development,1997-04-30,34,61,84.69999999999999,66,65.6059388888889,64,63.952146825396824,64,64.4793619047619
3,sj,1997,52,1997-12-24,development,1997-04-30,35,67,84.69999999999999,67,67.46369761904755,70,70.16861587301588,68,68.0853849206349
3,sj,1998,1,1998-01-01,development,1997-04-30,36,64,84.69999999999999,70,70.06247936507937,69,68.56949999999998,65,64.79839047619046
3,sj,1998,2,1998-01-08,development,1997-04-30,37,68,84.69999999999999,49,49.10666349206351,50,49.76975952380952,49,48.712257142857155
3,sj,1998,3,1998-01-15,development,1997-04-30,38,49,84.69999999999999,52,51.75109285714282,52,51.51314047619044,51,51.11861190476195
3,sj,1998,4,1998-01-22,development,1997-04-30,39,50,84.69999999999999,51,51.15962539682537,52,52.25600714285712,51,51.20067619047622
3,sj,1998,5,1998-01-29,development,1997-04-30,40,56,84.69999999999999,53,52.8488134920635,55,54.53786746031744,53,52.622596031746085
3,sj,1998,6,1998-02-05,development,1997-04-30,41,75,84.69999999999999,37,36.5385650793651,38,37.73138809523809,37,37.01804841269847
3,sj,1998,7,1998-02-12,development,1997-04-30,42,63,84.69999999999999,39,38.68225476190477,40,39.64853809523809,37,36.842638888888935
3,sj,1998,8,1998-02-19,development,1997-04-30,43,62,84.69999999999999,41,41.29983015873017,41,41.08435793650795,41,40.89161349206354
3,sj,1998,9,1998-02-26,development,1997-04-30,44,41,84.69999999999999,36,36.45441666666669,37,36.74719126984126,37,36.569602380952404
3,sj,1998,10,1998-03-05,development,1997-04-30,45,50,84.69999999999999,30,29.625059523809508,31,30.515342063492078,29,29.481088095238103
3,sj,1998,11,1998-03-12,development,1997-04-30,46,34,84.69999999999999,30,29.633849999999974,30,29.68636031746033,28,28.495454761904757
3,sj,1998,12,1998-03-19,development,1997-04-30,47,31,84.69999999999999,24,23.54990000000001,24,24.005246031746044,24,23.84056190476191
3,sj,1998,13,1998-03-26,development,1997-04-30,48,38,84.69999999999999,21,20.740153968253964,22,22.301939682539675,22,21.832952380952378
3,sj,1998,14,1998-04-02,development,1997-04-30,49,30,84.69999999999999,15,15.204647619047625,16,16.20706984126985,15,15.076615079365084
3,sj,1998,15,1998-04-09,development,1997-04-30,50,32,84.69999999999999,15,15.449173809523815,19,18.567558730158723,18,17.603047619047615
3,sj,1998,16,1998-04-16,development,1997-04-30,51,26,84.69999999999999,17,16.608661904761913,18,17.69199603174604,17,16.920218253968258
3,sj,1998,17,1998-04-23,development,1997-04-30,52,30,84.69999999999999,15,14.727993650793643,18,17.60143730158731,18,17.802168253968258
3,sj,1998,18,1998-04-30,development,1997-04-30,53,36,84.69999999999999,9,9.003594444444447,11,10.82231111111111,11,10.634847619047608
3,sj,1998,19,1998-05-07,development,1997-04-30,54,35,84.69999999999999,11,11.317064285714283,13,13.054138888888877,13,13.45567619047618
3,sj,1998,20,1998-05-14,development,1997-04-30,55,46,84.69999999999999,11,10.665046825396836,14,13.676490476190477,13,13.258542063492056
3,sj,1998,21,1998-05-21,development,1997-04-30,56,48,84.69999999999999,11,10.736983333333336,15,14.79227460317461,13,12.97873412698412
3,sj,1998,22,1998-05-28,development,1997-04-30,57,44,84.69999999999999,10,9.687873015873018,13,12.680396825396825,12,12.341025396825396
3,sj,1998,23,1998-06-04,development,1997-04-30,58,51,84.69999999999999,10,10.237340476190473,12,12.172748412698406,12,12.120026190476192
3,sj,1998,24,1998-06-11,development,1997-04-30,59,59,84.69999999999999,13,13.472415873015875,15,15.406944444444452,16,16.24258174603175
3,sj,1998,25,1998-06-18,development,1997-04-30,60,71,84.69999999999999,14,13.941434126984142,17,16.54449841269841,15,15.316160317460321
3,sj,1998,26,1998-06-25,development,1997-04-30,61,102,84.69999999999999,16,15.808530158730171,16,15.768635714285717,15,15.413052380952376
3,sj,1998,27,1998-07-02,development,1997-04-30,62,128,84.69999999999999,17,16.98820476190476,17,17.463645238095218,17,16.721956349206348
3,sj,1998,28,1998-07-09,development,1997-04-30,63,127,84.69999999999999,21,20.864929365079384,21,20.557331746031732,20,20.24470000000002
3,sj,1998,29,1998-07-16,development,1997-04-30,64,150,84.69999999999999,24,23.76348492063492,24,23.909053968253954,23,23.311805555555562
3,sj,1998,30,1998-07-23,development,1997-04-30,65,191,84.69999999999999,26,25.61933888888889,27,26.969323015873,27,26.653934126984126
3,sj,1998,31,1998-07-30,development,1997-04-30,66,256,84.69999999999999,26,26.367365873015874,27,27.113683333333324,27,26.815161111111113
3,sj,1998,32,1998-08-06,development,1997-04-30,67,329,84.69999999999999,30,29.929735714285687,32,31.62438968253967,30,30.450709523809536
3,sj,1998,33,1998-08-13,development,1997-04-30,68,263,84.69999999999999,33,33.49371587301586,35,35.14943888888891,34,33.756349206349206
3,sj,1998,34,1998-08-20,development,1997-04-30,69,220,84.69999999999999,37,37.31570476190476,36,35.85648095238098,36,35.53800793650793
3,sj,1998,35,1998-08-27,development,1997-04-30,70,204,84.69999999999999,37,36.69940555555559,36,36.420934126984136,36,35.73711190476188
3,sj,1998,36,1998-09-03,development,1997-04-30,71,181,84.69999999999999,33,33.32540476190477,32,32.27125476190475,32,31.750676190476195
3,sj,1998,37,1998-09-10,development,1997-04-30,72,99,84.69999999999999,34,34.21818174603176,33,32.95323571428569,33,32.55051666666669
3,sj,1998,38,1998-09-17,development,1997-04-30,73,54,84.69999999999999,35,34.72680793650793,34,33.902461111111116,35,34.67611269841268
3,sj,1998,39,1998-09-24,development,1997-04-30,74,80,84.69999999999999,32,32.02961111111113,31,31.35923015873013,32,31.89300476190476
3,sj,1998,40,1998-10-01,development,1997-04-30,75,102,84.69999999999999,35,35.27958174603179,35,34.66194999999998,35,34.79634444444442
3,sj,1998,41,1998-10-08,development,1997-04-30,76,127,84.69999999999999,40,40.47561904761908,41,40.5556611111111,39,38.94594206349204
3,sj,1998,42,1998-10-15,development,1997-04-30,77,73,84.69999999999999,40,40.251380952380956,40,39.71012936507936,40,39.950157936507935
3,sj,1998,43,1998-10-22,development,1997-04-30,78,68,84.69999999999999,40,40.454410317460294,40,40.401273809523815,41,40.65332619047615
3,sj,1998,44,1998-10-29,development,1997-04-30,79,64,84.69999999999999,40,39.641769841269834,41,40.99034761904762,40,40.0982968253968
3,sj,1998,45,1998-11-05,development,1997-04-30,80,55,84.69999999999999,41,40.53321666666669,42,41.60481031746033,41,40.649492857142846
3,sj,1998,46,1998-11-12,development,1997-04-30,81,67,84.69999999999999,44,43.781691269841254,42,41.58313968253966,42,41.94027063492062
3,sj,1998,47,1998-11-19,development,1997-04-30,82,84,84.69999999999999,43,42.53096190476189,43,43.17679682539681,43,42.71983571428572
3,sj,1998,48,1998-11-26,development,1997-04-30,83,85,84.69999999999999,45,44.764392063492046,44,43.759833333333326,45,45.09086428571428
3,sj,1998,49,1998-12-03,development,1997-04-30,84,67,84.69999999999999,44,44.13261031746033,44,43.54984603174606,45,44.72282460317461
3,sj,1998,50,1998-12-10,development,1997-04-30,85,73,84.69999999999999,43,42.86861111111112,42,42.453859523809555,43,43.072121428571414
3,sj,1998,51,1998-12-17,development,1997-04-30,86,89,84.69999999999999,36,36.04806904761906,36,35.9597293650794,37,36.878928571428574
3,sj,1998,52,1998-12-24,development,1997-04-30,87,68,84.69999999999999,36,36.43468571428575,37,36.648677777777785,36,36.30251746031744
3,sj,1999,53,1999-01-01,development,1997-04-30,88,59,84.69999999999999,36,35.670956349206385,37,37.17493730158731,37,37.23332777777777
3,sj,1999,1,1999-01-08,development,1997-04-30,89,56,84.69999999999999,58,58.07148095238096,59,59.054245238095156,58,57.75381904761907
3,sj,1999,2,1999-01-15,development,1997-04-30,90,77,84.69999999999999,54,54.15060714285713,54,53.71971984126981,54,53.51975555555553
3,sj,1999,3,1999-01-22,development,1997-04-30,91,75,84.69999999999999,49,49.01944206349203,50,49.564228571428586,48,47.97982222222227
3,sj,1999,4,1999-01-29,development,1997-04-30,92,47,84.69999999999999,44,43.98549761904759,45,44.54516111111111,44,43.79416507936508
3,sj,1999,5,1999-02-05,development,1997-04-30,93,50,84.69999999999999,38,38.24700873015872,42,42.45122142857143,40,40.18181587301593
3,sj,1999,6,1999-02-12,development,1997-04-30,94,42,84.69999999999999,34,33.760687301587296,35,35.07959682539681,33,32.8856373015873
3,sj,1999,7,1999-02-19,development,1997-04-30,95,28,84.69999999999999,36,36.09671428571429,38,37.73297301587297,36,35.65934444444446
3,sj,1999,8,1999-02-26,development,1997-04-30,96,37,84.69999999999999,36,35.93517063492063,35,34.830084920634924,34,34.33809603174603
3,sj,1999,9,1999-03-05,development,1997-04-30,97,37,84.69999999999999,27,27.17236825396824,28,27.538469047619024,27,27.452277777777795
3,sj,1999,10,1999-03-12,development,1997-04-30,98,27,84.69999999999999,24,24.07029920634918,25,24.82438095238097,24,23.75154603174605
3,sj,1999,11,1999-03-19,development,1997-04-30,99,12,84.69999999999999,23,23.14800873015873,24,24.11666825396825,23,22.91564206349206
3,sj,1999,12,1999-03-26,development,1997-04-30,100,15,84.69999999999999,20,19.548541269841266,21,20.76869126984127,19,19.21928095238092
3,sj,1999,13,1999-04-02,development,1997-04-30,101,22,84.69999999999999,15,15.41247936507937,16,16.223546825396824,15,14.934181746031758
3,sj,1999,14,1999-04-09,development,1997-04-30,102,8,84.69999999999999,14,13.699758730158736,13,13.481438888888881,13,13.179919841269843
3,sj,1999,15,1999-04-16,development,1997-04-30,103,15,84.69999999999999,15,15.035834920634926,16,15.619511904761914,16,15.629235714285729
3,sj,1999,16,1999-04-23,development,1997-04-30,104,17,84.69999999999999,13,12.640706349206368,15,14.919654761904761,14,13.932812698412699
3,sj,1999,17,1999-04-30,development,1997-04-30,105,10,84.69999999999999,15,14.567225396825409,15,14.649534126984133,15,14.854788888888892
3,sj,1999,18,1999-05-07,development,1997-04-30,106,9,84.69999999999999,16,16.026339682539696,16,16.316939682539687,16,15.98182857142858
3,sj,1999,19,1999-05-14,development,1997-04-30,107,11,84.69999999999999,16,16.14189285714287,17,16.636336507936527,16,16.277501587301597
3,sj,1999,20,1999-05-21,development,1997-04-30,108,20,84.69999999999999,12,11.785302380952396,14,13.677230952380958,13,12.815736507936505
3,sj,1999,21,1999-05-28,development,1997-04-30,109,13,84.69999999999999,12,12.429338095238101,14,14.126791269841263,14,13.775085714285712
3,sj,1999,22,1999-06-04,development,1997-04-30,110,11,84.69999999999999,19,19.25863095238097,21,20.56102063492063,20,19.570611904761904
3,sj,1999,23,1999-06-11,development,1997-04-30,111,16,84.69999999999999,20,20.44823968253969,21,20.620893650793647,20,20.449451587301596
3,sj,1999,24,1999-06-18,development,1997-04-30,112,11,84.69999999999999,16,15.883064285714276,18,17.665499206349214,16,16.054226190476193
3,sj,1999,25,1999-06-25,development,1997-04-30,113,7,84.69999999999999,16,15.947353968253973,17,17.36099126984129,17,17.340429365079373
3,sj,1999,26,1999-07-02,development,1997-04-30,114,17,84.69999999999999,21,20.67106190476191,22,22.477695238095254,19,18.925383333333325
3,sj,1999,27,1999-07-09,development,1997-04-30,115,14,84.69999999999999,18,18.351225396825413,19,18.851245238095252,18,18.30554761904762
3,sj,1999,28,1999-07-16,development,1997-04-30,116,13,84.69999999999999,23,22.599938095238087,21,21.244466666666654,20,19.796661111111113
3,sj,1999,29,1999-07-23,development,1997-04-30,117,15,84.69999999999999,25,24.96737698412698,22,22.01587063492064,25,24.54027301587301
3,sj,1999,30,1999-07-30,development,1997-04-30,118,30,84.69999999999999,33,33.276898412698436,37,37.02498730158731,37,37.0018507936508
3,sj,1999,31,1999-08-06,development,1997-04-30,119,25,84.69999999999999,24,24.380086507936543,23,22.843275396825394,26,25.59224682539684
3,sj,1999,32,1999-08-13,development,1997-04-30,120,40,84.69999999999999,34,33.593053968253976,33,33.273600793650786,35,34.78493730158731
3,sj,1999,33,1999-08-20,development,1997-04-30,121,44,84.69999999999999,33,33.18822222222222,36,35.70698095238098,35,34.73092142857143
3,sj,1999,34,1999-08-27,development,1997-04-30,122,25,84.69999999999999,41,41.052141269841265,40,39.80287063492063,41,41.1007841269841
3,sj,1999,35,1999-09-03,development,1997-04-30,123,21,84.69999999999999,32,32.02661904761903,31,31.33614603174602,34,33.50193095238095
3,sj,1999,36,1999-09-10,development,1997-04-30,124,48,84.69999999999999,37,36.91699206349204,35,35.00840714285719,36,35.98207063492063
3,sj,1999,37,1999-09-17,development,1997-04-30,125,56,84.69999999999999,34,33.91875714285713,34,33.57808730158734,35,34.860573015873015
3,sj,1999,38,1999-09-24,development,1997-04-30,126,60,84.69999999999999,42,41.536730952380935,41,41.036553174603156,43,43.30214841269842
3,sj,1999,39,1999-10-01,development,1997-04-30,127,45,84.69999999999999,38,37.97157936507936,38,38.31306269841266,39,39.1323404761905
3,sj,1999,40,1999-10-08,development,1997-04-30,128,55,84.69999999999999,42,42.26206746031745,41,40.780634126984125,42,42.42424603174607
3,sj,1999,41,1999-10-15,development,1997-04-30,129,32,84.69999999999999,44,44.0691253968254,43,43.27880555555557,45,44.70916507936511
3,sj,1999,42,1999-10-22,development,1997-04-30,130,46,84.69999999999999,55,54.671503968253965,56,55.80260396825405,57,56.58902777777782
3,sj,1999,43,1999-10-29,development,1997-04-30,131,61,84.69999999999999,49,49.025053174603165,50,49.52826825396827,49,48.93828333333333
3,sj,1999,44,1999-11-05,development,1997-04-30,132,42,84.69999999999999,46,46.17743650793649,48,47.729494444444434,48,47.92868015873019
3,sj,1999,45,1999-11-12,development,1997-04-30,133,37,84.69999999999999,47,46.94077380952378,47,46.77149365079366,47,46.65863174603176
3,sj,1999,46,1999-11-19,development,1997-04-30,134,43,84.69999999999999,47,46.56801825396826,45,45.464134920634905,46,46.101976190476215
3,sj,1999,47,1999-11-26,development,1997-04-30,135,34,84.69999999999999,41,40.66781904761905,40,39.596252380952386,41,41.19596190476192
3,sj,1999,48,1999-12-03,development,1997-04-30,136,40,84.69999999999999,42,41.626946825396836,40,40.431038095238115,43,43.05251269841271
3,sj,1999,49,1999-12-10,development,1997-04-30,137,25,84.69999999999999,41,40.96736587301589,41,40.696309523809546,41,40.90260952380951
3,sj,1999,50,1999-12-17,development,1997-04-30,138,16,84.69999999999999,37,36.94203492063493,37,36.71899761904764,38,37.60778333333335
3,sj,1999,51,1999-12-24,development,1997-04-30,139,17,84.69999999999999,37,36.64336031746034,36,35.66473015873018,36,36.01974920634921
3,sj,2000,52,2000-01-01,development,1997-04-30,140,17,84.69999999999999,32,32.49367460317463,33,33.03570952380953,32,32.38860555555554
3,sj,2000,1,2000-01-08,development,1997-04-30,141,16,84.69999999999999,31,31.464641269841305,32,31.514399206349214,32,31.524233333333346
3,sj,2000,2,2000-01-15,development,1997-04-30,142,23,84.69999999999999,28,28.189574603174606,28,28.372616666666683,28,28.170023015873028
3,sj,2000,3,2000-01-22,development,1997-04-30,143,18,84.69999999999999,31,31.434040476190486,32,31.67026587301589,32,32.037803968253975
3,sj,2000,4,2000-01-29,development,1997-04-30,144,18,84.69999999999999,29,29.411812698412714,30,29.93471746031746,29,29.1286
3,sj,2000,5,2000-02-05,development,1997-04-30,145,9,84.69999999999999,31,30.957537301587298,31,30.63593095238096,34,34.19718571428572
3,sj,2000,6,2000-02-12,development,1997-04-30,146,7,84.69999999999999,22,22.41198492063493,22,22.367679365079365,22,22.447583333333363
3,sj,2000,7,2000-02-19,development,1997-04-30,147,7,84.69999999999999,25,25.44822460317462,26,25.53255317460313,26,26.2493396825397
3,sj,2000,8,2000-02-26,development,1997-04-30,148,4,84.69999999999999,23,22.68813968253969,23,22.537980158730143,22,22.40972460317462
3,sj,2000,9,2000-03-04,development,1997-04-30,149,3,84.69999999999999,22,21.98147460317461,22,21.99154999999998,22,22.0607523809524
3,sj,2000,10,2000-03-11,development,1997-04-30,150,2,84.69999999999999,18,17.646132539682544,18,18.25743968253968,18,17.994137301587305
3,sj,2000,11,2000-03-18,development,1997-04-30,151,8,84.69999999999999,15,15.188490476190466,16,15.875496825396807,15,15.463148412698418
3,sj,2000,12,2000-03-25,development,1997-04-30,152,3,84.69999999999999,14,13.873370634920631,14,13.817130952380937,13,13.244815079365088
3,sj,2000,13,2000-04-01,development,1997-04-30,153,1,84.69999999999999,13,13.198026984126988,13,13.419562698412687,13,12.569747619047638
3,sj,2000,14,2000-04-08,development,1997-04-30,154,1,84.69999999999999,13,13.441528571428567,13,12.86366587301586,13,12.803663492063508
3,sj,2000,15,2000-04-15,development,1997-04-30,155,2,84.69999999999999,14,13.985397619047626,13,13.317465079365071,13,13.114068253968263
3,sj,2000,16,2000-04-22,development,1997-04-30,156,3,84.69999999999999,14,14.00328730158731,13,13.26501904761904,13,13.066838888888894
3,sj,2000,17,2000-04-29,development,1997-04-30,157,3,84.69999999999999,14,13.80141507936508,13,13.287712698412697,13,13.341254761904759
3,sj,2000,18,2000-05-06,development,1997-04-30,158,2,84.69999999999999,13,13.430600000000004,13,13.358377777777777,13,13.071630158730162
3,sj,2000,19,2000-05-13,development,1997-04-30,159,0,84.69999999999999,13,13.304662698412693,13,12.630472222222222,12,12.433006349206353
3,sj,2000,20,2000-05-20,development,1997-04-30,160,0,84.69999999999999,15,15.186848412698428,14,14.267779365079365,14,14.063070634920651
3,sj,2000,21,2000-05-27,development,1997-04-30,161,2,84.69999999999999,14,14.339335714285712,13,13.494422222222223,13,13.374474603174606
3,sj,2000,22,2000-06-03,development,1997-04-30,162,2,84.69999999999999,16,15.61147063492064,15,15.327819841269848,15,15.464751587301588
3,sj,2000,23,2000-06-10,development,1997-04-30,163,0,84.69999999999999,16,15.785141269841283,17,16.52800079365079,16,16.32349444444445
3,sj,2000,24,2000-06-17,development,1997-04-30,164,6,84.69999999999999,19,18.696038095238094,19,18.922298412698403,18,18.293513492063486
3,sj,2000,25,2000-06-24,development,1997-04-30,165,3,84.69999999999999,17,17.36596349206349,18,18.233652380952368,17,17.141684920634937
3,sj,2000,26,2000-07-01,development,1997-04-30,166,6,84.69999999999999,18,18.401444444444454,20,19.510819841269843,18,18.388113492063496
3,sj,2000,27,2000-07-08,development,1997-04-30,167,2,84.69999999999999,17,17.423826984126983,17,17.46369682539682,17,16.52986111111112
3,sj,2000,28,2000-07-15,development,1997-04-30,168,3,84.69999999999999,18,18.440337301587313,19,18.751006349206346,17,16.73529761904762
3,sj,2000,29,2000-07-22,development,1997-04-30,169,2,84.69999999999999,23,22.866818253968287,23,23.475853968253986,22,21.895981746031765
3,sj,2000,30,2000-07-29,development,1997-04-30,170,4,84.69999999999999,30,29.671942857142852,32,31.692769841269804,30,29.59532777777784
3,sj,2000,31,2000-08-05,development,1997-04-30,171,5,84.69999999999999,32,32.200003174603175,35,34.81245634920632,35,35.241966666666656
3,sj,2000,32,2000-08-12,development,1997-04-30,172,2,84.69999999999999,34,34.0767984126984,40,39.95819444444445,37,37.388286507936506
3,sj,2000,33,2000-08-19,development,1997-04-30,173,9,84.69999999999999,40,40.32182539682537,40,40.17557539682539,39,39.02990952380958
3,sj,2000,34,2000-08-26,development,1997-04-30,174,2,84.69999999999999,61,61.12298333333329,65,64.52203174603177,67,66.66530714285719
3,sj,2000,35,2000-09-02,development,1997-04-30,175,4,84.69999999999999,75,75.10291111111107,78,78.4342841269841,81,81.20292619047618
3,sj,2000,36,2000-09-09,development,1997-04-30,176,8,84.69999999999999,66,65.73197460317459,70,69.96143253968256,76,76.24287857142856
3,sj,2000,37,2000-09-16,development,1997-04-30,177,6,84.69999999999999,64,64.48537142857143,67,67.19608253968255,69,69.10374285714285
3,sj,2000,38,2000-09-23,development,1997-04-30,178,3,84.69999999999999,79,78.53088571428576,83,82.80425952380956,82,82.43203650793656
3,sj,2000,39,2000-09-30,development,1997-04-30,179,11,84.69999999999999,82,82.26263253968256,81,80.87701507936505,86,85.80987619047616
3,sj,2000,40,2000-10-07,development,1997-04-30,180,14,84.69999999999999,77,76.66981666666669,74,73.95328412698414,77,76.96546507936506
3,sj,2000,41,2000-10-14,development,1997-04-30,181,15,84.69999999999999,65,65.02862460317463,66,66.2565777777778,65,65.40361190476189
3,sj,2000,42,2000-10-21,development,1997-04-30,182,20,84.69999999999999,75,75.48114126984125,78,78.30873571428566,78,77.69898809523816
3,sj,2000,43,2000-10-28,development,1997-04-30,183,9,84.69999999999999,75,75.02726269841264,80,80.11381269841263,73,73.28662857142861
3,sj,2000,44,2000-11-04,development,1997-04-30,184,20,84.69999999999999,72,72.12386666666663,82,82.11303730158724,80,80.48171428571429
3,sj,2000,45,2000-11-11,development,1997-04-30,185,28,84.69999999999999,74,74.33383571428573,81,81.10213571428574,76,76.07112301587308
3,sj,2000,46,2000-11-18,development,1997-04-30,186,38,84.69999999999999,83,83.453523015873,91,91.04104523809525,86,86.25916587301593
3,sj,2000,47,2000-11-25,development,1997-04-30,187,30,84.69999999999999,60,59.99924841269839,67,66.8717031746032,59,59.27088571428577
3,sj,2000,48,2000-12-02,development,1997-04-30,188,30,84.69999999999999,88,88.49825158730165,93,92.76351587301599,89,88.6019873015873
3,sj,2000,49,2000-12-09,development,1997-04-30,189,23,84.69999999999999,83,83.33523015873023,85,84.50824206349216,78,78.27898968253974
3,sj,2000,50,2000-12-16,development,1997-04-30,190,16,84.69999999999999,83,82.52925952380957,86,86.286961904762,87,87.24750396825397
3,sj,2000,51,2000-12-23,development,1997-04-30,191,22,84.69999999999999,58,57.678876190476146,60,60.19775952380952,65,64.96796031746031
3,sj,2001,1,2001-01-01,development,1997-04-30,192,28,84.69999999999999,60,60.40475079365076,62,62.2918706349206,65,65.11751428571428
3,sj,2001,2,2001-01-08,development,1997-04-30,193,14,84.69999999999999,50,50.36442857142853,52,52.3836611111111,50,50.43159444444448
3,sj,2001,3,2001-01-15,development,1997-04-30,194,17,84.69999999999999,50,49.73071507936506,54,53.80730158730157,51,50.904165873015884
3,sj,2001,4,2001-01-22,development,1997-04-30,195,20,84.69999999999999,34,33.51577698412697,35,34.97107539682542,35,35.134980952380936
3,sj,2001,5,2001-01-29,development,1997-04-30,196,17,84.69999999999999,33,33.40395317460318,35,35.24342936507937,34,33.97874603174602
3,sj,2001,6,2001-02-05,development,1997-04-30,197,10,84.69999999999999,24,23.556084920634927,25,25.296319841269852,25,24.914100000000015
3,sj,2001,7,2001-02-12,development,1997-04-30,198,13,84.69999999999999,24,23.580693650793645,25,24.85094523809522,25,24.67636587301588
3,sj,2001,8,2001-02-19,development,1997-04-30,199,20,84.69999999999999,24,24.357257936507956,26,25.80396507936508,24,24.33065396825396
3,sj,2001,9,2001-02-26,development,1997-04-30,200,9,84.69999999999999,24,23.902600793650812,25,24.913657936507928,24,24.260588095238102
3,sj,2001,10,2001-03-05,development,1997-04-30,201,18,84.69999999999999,19,19.359274603174594,21,20.667936507936506,20,19.8406119047619
3,sj,2001,11,2001-03-12,development,1997-04-30,202,9,84.69999999999999,16,16.273579365079367,16,16.388546031746028,16,16.446655555555548
3,sj,2001,12,2001-03-19,development,1997-04-30,203,8,84.69999999999999,15,14.545360317460322,15,14.848986507936518,15,15.032447619047625
3,sj,2001,13,2001-03-26,development,1997-04-30,204,19,84.69999999999999,16,15.65688888888889,16,16.100215873015877,17,16.59937063492063
3,sj,2001,14,2001-04-02,development,1997-04-30,205,11,84.69999999999999,13,12.660237301587312,13,13.339779365079377,13,13.105518253968263
3,sj,2001,15,2001-04-09,development,1997-04-30,206,4,84.69999999999999,14,13.81994285714286,14,14.443529365079389,14,13.81310476190477
3,sj,2001,16,2001-04-16,development,1997-04-30,207,6,84.69999999999999,14,13.513988888888903,14,13.981817460317476,14,13.722847619047634
3,sj,2001,17,2001-04-23,development,1997-04-30,208,6,84.69999999999999,15,15.197097619047616,16,16.156264285714297,16,16.09682619047619
3,sj,2001,18,2001-04-30,development,1997-04-30,209,8,84.69999999999999,15,15.237965079365088,16,15.858203174603174,16,15.596026984126977
3,sj,2001,19,2001-05-07,development,1997-04-30,210,13,84.69999999999999,16,16.234355555555563,17,17.498416666666667,17,17.148395238095244
3,sj,2001,20,2001-05-14,development,1997-04-30,211,8,84.69999999999999,8,8.431185714285702,10,9.874084920634921,10,9.522024603174604
3,sj,2001,21,2001-05-21,development,1997-04-30,212,8,84.69999999999999,10,10.319482539682534,12,11.791867460317466,11,11.437923809523799
3,sj,2001,22,2001-05-28,development,1997-04-30,213,5,84.69999999999999,15,14.738588095238104,16,16.024016666666675,14,14.253719841269843
3,sj,2001,23,2001-06-04,development,1997-04-30,214,16,84.69999999999999,19,18.974134126984126,20,20.148299206349215,18,17.575271428571412
3,sj,2001,24,2001-06-11,development,1997-04-30,215,12,84.69999999999999,21,21.24837857142859,22,21.983709523809534,19,19.359319047619056
3,sj,2001,25,2001-06-18,development,1997-04-30,216,11,84.69999999999999,25,24.815277777777805,25,25.389857936507962,24,24.3716634920635
3,sj,2001,26,2001-06-25,development,1997-04-30,217,18,84.69999999999999,29,29.181214285714283,31,30.612274603174605,28,28.20992698412698
3,sj,2001,27,2001-07-02,development,1997-04-30,218,10,84.69999999999999,37,36.64454841269839,36,35.73120317460316,34,34.233802380952376
3,sj,2001,28,2001-07-09,development,1997-04-30,219,22,84.69999999999999,53,53.24720000000001,55,55.12415555555559,48,48.147921428571436
3,sj,2001,29,2001-07-16,development,1997-04-30,220,14,84.69999999999999,73,72.88678730158733,77,76.86926111111113,67,67.24325793650796
3,sj,2001,30,2001-07-23,development,1997-04-30,221,16,84.69999999999999,85,84.93927936507944,91,91.12298650793659,80,79.53555238095242
3,sj,2001,31,2001-07-30,development,1997-04-30,222,18,84.69999999999999,100,100.38657619047618,106,106.45267222222236,98,97.67554285714296
3,sj,2001,32,2001-08-06,development,1997-04-30,223,27,84.69999999999999,130,130.40573253968253,142,141.89966111111139,134,134.0571555555556
3,sj,2001,33,2001-08-13,development,1997-04-30,224,38,84.69999999999999,152,152.2848888888889,157,157.15373730158754,150,149.82429682539694
3,sj,2001,34,2001-08-20,development,1997-04-30,225,35,84.69999999999999,181,181.1811412698412,183,183.23112539682538,175,175.06597936507927
3,sj,2001,35,2001-08-27,development,1997-04-30,226,41,84.69999999999999,197,197.0694603174603,193,192.6576174603172,191,191.09494523809522
3,sj,2001,36,2001-09-03,development,1997-04-30,227,51,84.69999999999999,216,216.35975158730156,221,220.94123809523794,213,213.03836111111102
3,sj,2001,37,2001-09-10,development,1997-04-30,228,65,84.69999999999999,212,212.17484841269828,197,197.4819777777777,208,208.17058888888883
3,sj,2001,38,2001-09-17,development,1997-04-30,229,55,84.69999999999999,217,217.49788571428576,212,211.51886428571422,217,216.82270079365088
3,sj,2001,39,2001-09-24,development,1997-04-30,230,54,84.69999999999999,211,210.81756111111116,207,206.80718015873006,211,211.43750396825396
3,sj,2001,40,2001-10-01,development,1997-04-30,231,62,84.69999999999999,217,216.52528968253944,211,211.0044722222222,221,221.07282777777766
3,sj,2001,41,2001-10-08,development,1997-04-30,232,64,84.69999999999999,203,203.3970301587301,199,199.06891428571413,200,200.2522293650792
3,sj,2001,42,2001-10-15,development,1997-04-30,233,56,84.69999999999999,216,216.29993730158736,222,222.18362142857146,221,221.1943571428571
3,sj,2001,43,2001-10-22,development,1997-04-30,234,65,84.69999999999999,193,192.90525714285718,194,193.9044698412698,194,193.78118968253955
3,sj,2001,44,2001-10-29,development,1997-04-30,235,71,84.69999999999999,177,177.14826031746026,186,186.128257936508,182,182.06970714285708
3,sj,2001,45,2001-11-05,development,1997-04-30,236,75,84.69999999999999,179,178.95309285714293,180,179.86248015873022,182,182.48417539682526
3,sj,2001,46,2001-11-12,development,1997-04-30,237,71,84.69999999999999,164,163.66935238095223,170,169.52952380952397,169,169.04367142857143
3,sj,2001,47,2001-11-19,development,1997-04-30,238,72,84.69999999999999,139,139.14763492063494,144,144.12699206349217,140,140.12155396825406
3,sj,2001,48,2001-11-26,development,1997-04-30,239,47,84.69999999999999,124,123.651242063492,124,124.06179841269847,124,124.04921825396835
3,sj,2001,49,2001-12-03,development,1997-04-30,240,27,84.69999999999999,118,117.87233650793661,126,125.56376428571437,125,125.13351111111116
3,sj,2001,50,2001-12-10,development,1997-04-30,241,35,84.69999999999999,91,91.07801825396834,96,95.88536825396824,89,89.20687142857138
3,sj,2001,51,2001-12-17,development,1997-04-30,242,25,84.69999999999999,76,75.89439444444446,73,73.31358809523806,81,80.72145396825398
3,sj,2001,52,2001-12-24,development,1997-04-30,243,19,84.69999999999999,68,68.47645396825398,69,68.84588968253966,75,74.79961349206351
3,sj,2002,1,2002-01-01,development,1997-04-30,244,37,84.69999999999999,50,49.86658333333335,51,51.04056428571427,53,52.89495873015871
3,sj,2002,2,2002-01-08,development,1997-04-30,245,38,84.69999999999999,38,38.16746190476192,39,39.49587857142858,41,40.935133333333376
3,sj,2002,3,2002-01-15,development,1997-04-30,246,34,84.69999999999999,38,38.41235793650793,41,40.784149206349184,40,40.00042777777775
3,sj,2002,4,2002-01-22,development,1997-04-30,247,26,84.69999999999999,41,41.37598253968251,40,40.49409047619046,43,43.13420952380954
3,sj,2002,5,2002-01-29,development,1997-04-30,248,19,84.69999999999999,32,31.68593968253968,31,31.39081428571428,33,32.869155555555565
3,sj,2002,6,2002-02-05,development,1997-04-30,249,18,84.69999999999999,28,27.678408730158743,27,26.96977936507935,27,27.137899206349214
3,sj,2002,7,2002-02-12,development,1997-04-30,250,22,84.69999999999999,26,26.22482063492064,26,26.482466666666642,26,25.594361111111102
3,sj,2002,8,2002-02-19,development,1997-04-30,251,16,84.69999999999999,24,23.975436507936525,25,25.129385714285714,25,25.27482857142857
3,sj,2002,9,2002-02-26,development,1997-04-30,252,18,84.69999999999999,22,21.824981746031746,23,22.772637301587327,23,23.203202380952394
3,sj,2002,10,2002-03-05,development,1997-04-30,253,6,84.69999999999999,20,19.736134920634928,20,20.461267460317462,22,21.50889841269843
3,sj,2002,11,2002-03-12,development,1997-04-30,254,12,84.69999999999999,17,17.09861984126984,18,18.474481746031735,18,17.850294444444454
3,sj,2002,12,2002-03-19,development,1997-04-30,255,6,84.69999999999999,16,16.085021428571437,17,17.45516111111112,16,16.462915873015874
3,sj,2002,13,2002-03-26,development,1997-04-30,256,6,84.69999999999999,16,15.54677460317461,16,16.277283333333344,16,15.96006507936508
3,sj,2002,14,2002-04-02,development,1997-04-30,257,3,84.69999999999999,15,14.760292857142858,15,14.824370634920651,15,14.966434126984122
3,sj,2002,15,2002-04-09,development,1997-04-30,258,7,84.69999999999999,15,14.784499999999994,15,14.723574603174631,15,14.62423333333334
3,sj,2002,16,2002-04-16,development,1997-04-30,259,6,84.69999999999999,16,16.248032539682537,17,16.998165873015903,16,15.92060079365079
3,sj,2002,17,2002-04-23,development,1997-04-30,260,1,84.69999999999999,17,17.08684603174603,17,17.489688888888892,18,17.811109523809524
4,sj,1998,18,1998-04-30,development,1998-04-30,1,36,77.0,10,10.434723015873017,12,12.263078571428583,11,11.373413492063483
4,sj,1998,19,1998-05-07,development,1998-04-30,2,35,77.0,13,13.310651587301592,15,14.685196825396837,15,14.599905555555544
4,sj,1998,20,1998-05-14,development,1998-04-30,3,46,77.0,13,12.723377777777774,15,14.807586507936508,14,14.312201587301587
4,sj,1998,21,1998-05-21,development,1998-04-30,4,48,77.0,13,13.105469047619033,15,14.94859285714285,15,14.501829365079363
4,sj,1998,22,1998-05-28,development,1998-04-30,5,44,77.0,11,10.743994444444446,12,12.474113492063493,12,12.333099206349203
4,sj,1998,23,1998-06-04,development,1998-04-30,6,51,77.0,12,12.2716365079365,14,13.698499999999994,14,14.025931746031734
4,sj,1998,24,1998-06-11,development,1998-04-30,7,59,77.0,12,12.481366666666654,14,13.994158730158729,14,13.844826984126973
4,sj,1998,25,1998-06-18,development,1998-04-30,8,71,77.0,14,13.826397619047611,15,15.268987301587302,14,14.421538095238095
4,sj,1998,26,1998-06-25,development,1998-04-30,9,102,77.0,14,14.463272222222209,16,16.063992063492073,16,15.71160714285714
4,sj,1998,27,1998-07-02,development,1998-04-30,10,128,77.0,15,15.11028650793652,17,16.515280158730157,16,15.798127777777777
4,sj,1998,28,1998-07-09,development,1998-04-30,11,127,77.0,18,17.906821428571423,19,19.000703174603146,18,18.458941269841258
4,sj,1998,29,1998-07-16,development,1998-04-30,12,150,77.0,20,19.67706111111112,20,20.153912698412686,20,20.215349206349213
4,sj,1998,30,1998-07-23,development,1998-04-30,13,191,77.0,23,23.499054761904773,24,24.322062698412708,23,22.976684920634913
4,sj,1998,31,1998-07-30,development,1998-04-30,14,256,77.0,24,23.924179365079375,23,23.157964285714296,23,23.27010952380954
4,sj,1998,32,1998-08-06,development,1998-04-30,15,329,77.0,28,28.485333333333323,30,29.98442142857143,28,27.72359365079367
4,sj,1998,33,1998-08-13,development,1998-04-30,16,263,77.0,35,34.72911428571428,34,34.407842063492055,34,34.10060238095236
4,sj,1998,34,1998-08-20,development,1998-04-30,17,220,77.0,40,40.10531825396825,37,37.39685714285715,38,38.09752936507934
4,sj,1998,35,1998-08-27,development,1998-04-30,18,204,77.0,39,39.29617936507936,38,38.10524047619047,40,39.94664047619049
4,sj,1998,36,1998-09-03,development,1998-04-30,19,181,77.0,37,36.75932539682536,37,37.184720634920644,37,37.48975793650794
4,sj,1998,37,1998-09-10,development,1998-04-30,20,99,77.0,37,37.15313174603172,38,38.18701190476191,37,37.431484126984145
4,sj,1998,38,1998-09-17,development,1998-04-30,21,54,77.0,39,38.66847857142853,39,39.3591650793651,40,40.03593968253968
4,sj,1998,39,1998-09-24,development,1998-04-30,22,80,77.0,36,36.492615873015836,38,37.73685952380951,36,36.31588809523808
4,sj,1998,40,1998-10-01,development,1998-04-30,23,102,77.0,38,38.289861111111094,41,40.58601746031749,39,39.490673015872964
4,sj,1998,41,1998-10-08,development,1998-04-30,24,127,77.0,44,44.36096904761907,45,45.11272936507938,45,45.14417619047615
4,sj,1998,42,1998-10-15,development,1998-04-30,25,73,77.0,46,46.05359920634924,46,45.98435952380957,46,45.647272222222206
4,sj,1998,43,1998-10-22,development,1998-04-30,26,68,77.0,47,47.00793571428572,46,46.15013015873021,46,46.42570238095235
4,sj,1998,44,1998-10-29,development,1998-04-30,27,64,77.0,45,45.24055396825399,47,46.53351904761907,45,44.881838095238
4,sj,1998,45,1998-11-05,development,1998-04-30,28,55,77.0,48,47.75544603174607,47,47.229512698412734,47,46.69096825396815
4,sj,1998,46,1998-11-12,development,1998-04-30,29,67,77.0,50,49.553703968254,50,49.515464285714295,48,47.73861428571428
4,sj,1998,47,1998-11-19,development,1998-04-30,30,84,77.0,49,48.88144603174605,49,49.36459841269842,48,48.13335555555555
4,sj,1998,48,1998-11-26,development,1998-04-30,31,85,77.0,51,50.85774285714286,49,48.61606587301586,48,48.25073730158729
4,sj,1998,49,1998-12-03,development,1998-04-30,32,67,77.0,49,48.5403603174603,48,47.87587936507937,49,48.52105238095239
4,sj,1998,50,1998-12-10,development,1998-04-30,33,73,77.0,44,44.147009523809494,43,43.34206190476194,43,43.219037301587264
4,sj,1998,51,1998-12-17,development,1998-04-30,34,89,77.0,36,36.47506269841267,36,35.88772142857141,36,35.78724920634919
4,sj,1998,52,1998-12-24,development,1998-04-30,35,68,77.0,36,35.6447603174603,36,35.94508095238095,36,36.420247619047615
4,sj,1999,53,1999-01-01,development,1998-04-30,36,59,77.0,35,35.100747619047624,34,34.37023015873014,35,34.864200793650795
4,sj,1999,1,1999-01-08,development,1998-04-30,37,56,77.0,63,63.36338968253966,63,62.504180158730186,64,63.815345238095254
4,sj,1999,2,1999-01-15,development,1998-04-30,38,77,77.0,56,55.67666746031747,56,56.32032936507939,54,54.16328253968256
4,sj,1999,3,1999-01-22,development,1998-04-30,39,75,77.0,54,54.32623174603174,54,53.790868253968235,54,53.9151492063492
4,sj,1999,4,1999-01-29,development,1998-04-30,40,47,77.0,49,49.093027777777735,50,50.49321666666666,49,49.24793968253973
4,sj,1999,5,1999-02-05,development,1998-04-30,41,50,77.0,46,45.98910000000001,45,45.493616666666675,46,46.48305555555552
4,sj,1999,6,1999-02-12,development,1998-04-30,42,42,77.0,38,37.77367063492062,39,39.05625952380948,37,37.1353404761905
4,sj,1999,7,1999-02-19,development,1998-04-30,43,28,77.0,41,41.20905238095235,41,41.12976111111111,41,40.748103968253965
4,sj,1999,8,1999-02-26,development,1998-04-30,44,37,77.0,37,36.7282738095238,37,36.61598095238093,37,37.29455079365079
4,sj,1999,9,1999-03-05,development,1998-04-30,45,37,77.0,28,27.501653968253994,28,27.731434126984116,28,28.394677777777797
4,sj,1999,10,1999-03-12,development,1998-04-30,46,27,77.0,26,25.58302222222223,24,24.423170634920645,26,26.261914285714294
4,sj,1999,11,1999-03-19,development,1998-04-30,47,12,77.0,25,25.122619047619043,25,25.205947619047627,26,26.083023015873017
4,sj,1999,12,1999-03-26,development,1998-04-30,48,15,77.0,22,21.71110793650792,22,21.606384126984132,23,22.67071269841271
4,sj,1999,13,1999-04-02,development,1998-04-30,49,22,77.0,19,18.766323809523804,19,18.915383333333327,20,20.393858730158726
4,sj,1999,14,1999-04-09,development,1998-04-30,50,8,77.0,18,17.805338888888887,18,17.969647619047624,20,19.539955555555547
4,sj,1999,15,1999-04-16,development,1998-04-30,51,15,77.0,20,19.964142857142836,20,20.189120634920638,21,21.139955555555563
4,sj,1999,16,1999-04-23,development,1998-04-30,52,17,77.0,18,17.76353968253969,19,18.60395793650794,20,20.490246031746036
4,sj,1999,17,1999-04-30,development,1998-04-30,53,10,77.0,12,11.864473015873024,12,11.783014285714287,12,11.817463492063492
4,sj,1999,18,1999-05-07,development,1998-04-30,54,9,77.0,12,11.5419,12,12.370088095238097,12,12.358208730158731
4,sj,1999,19,1999-05-14,development,1998-04-30,55,11,77.0,12,12.333592063492064,13,13.059049206349206,13,13.18229523809523
4,sj,1999,20,1999-05-21,development,1998-04-30,56,20,77.0,9,9.483415079365079,12,12.061476984126982,12,11.717573809523804
4,sj,1999,21,1999-05-28,development,1998-04-30,57,13,77.0,10,10.326440476190468,12,11.503971428571425,12,11.580703174603183
4,sj,1999,22,1999-06-04,development,1998-04-30,58,11,77.0,13,13.499804761904764,14,13.915423015873012,14,13.565820634920632
4,sj,1999,23,1999-06-11,development,1998-04-30,59,16,77.0,14,13.855785714285721,15,14.68328888888888,16,15.880284126984122
4,sj,1999,24,1999-06-18,development,1998-04-30,60,11,77.0,12,12.109291269841268,13,13.03061507936508,13,13.25221825396825
4,sj,1999,25,1999-06-25,development,1998-04-30,61,7,77.0,14,13.914371428571421,14,14.014959523809516,14,14.372456349206344
4,sj,1999,26,1999-07-02,development,1998-04-30,62,17,77.0,15,15.259421428571427,17,16.645088095238084,16,16.23100634920634
4,sj,1999,27,1999-07-09,development,1998-04-30,63,14,77.0,14,14.472958730158725,15,15.079526190476198,16,16.435382539682546
4,sj,1999,28,1999-07-16,development,1998-04-30,64,13,77.0,16,16.203044444444455,18,17.69815396825397,17,17.328
4,sj,1999,29,1999-07-23,development,1998-04-30,65,15,77.0,17,16.915831746031742,20,19.513034920634905,18,18.159169841269826
4,sj,1999,30,1999-07-30,development,1998-04-30,66,30,77.0,28,28.434750000000037,31,31.174193650793654,31,30.681064285714296
4,sj,1999,31,1999-08-06,development,1998-04-30,67,25,77.0,19,19.13521825396827,21,20.657785714285698,21,20.613540476190465
4,sj,1999,32,1999-08-13,development,1998-04-30,68,40,77.0,24,23.76089365079364,26,26.417138095238112,24,24.056565873015874
4,sj,1999,33,1999-08-20,development,1998-04-30,69,44,77.0,30,30.461226984126984,30,30.14809206349208,31,31.08165396825397
4,sj,1999,34,1999-08-27,development,1998-04-30,70,25,77.0,38,37.53857936507936,37,36.58689920634922,36,36.023133333333334
4,sj,1999,35,1999-09-03,development,1998-04-30,71,21,77.0,31,30.67670238095239,32,31.93266666666668,31,30.724577777777775
4,sj,1999,36,1999-09-10,development,1998-04-30,72,48,77.0,37,37.18666587301585,36,35.609033333333336,37,37.05378412698411
4,sj,1999,37,1999-09-17,development,1998-04-30,73,56,77.0,38,38.25226825396825,37,37.31277380952382,39,38.7816253968254
4,sj,1999,38,1999-09-24,development,1998-04-30,74,60,77.0,46,45.85517698412699,46,45.85470317460321,46,46.19557698412691
4,sj,1999,39,1999-10-01,development,1998-04-30,75,45,77.0,42,42.240094444444445,43,42.65423888888894,44,43.781858730158724
4,sj,1999,40,1999-10-08,development,1998-04-30,76,55,77.0,45,45.118882539682566,47,47.112486507936545,47,47.021580158730124
4,sj,1999,41,1999-10-15,development,1998-04-30,77,32,77.0,44,44.236158730158756,47,46.63772539682547,47,46.814532539682496
4,sj,1999,42,1999-10-22,development,1998-04-30,78,46,77.0,53,53.486182539682524,57,56.98331031746038,57,56.764911904761846
4,sj,1999,43,1999-10-29,development,1998-04-30,79,61,77.0,48,47.94284285714284,51,51.265535714285775,50,49.9789809523809
4,sj,1999,44,1999-11-05,development,1998-04-30,80,42,77.0,51,51.383461904761866,55,54.83931190476193,53,53.059873015872995
4,sj,1999,45,1999-11-12,development,1998-04-30,81,37,77.0,51,51.09573174603177,54,53.58096111111113,51,50.6030325396825
4,sj,1999,46,1999-11-19,development,1998-04-30,82,43,77.0,51,51.25501904761905,49,48.94186111111115,50,49.79404523809525
4,sj,1999,47,1999-11-26,development,1998-04-30,83,34,77.0,47,47.47756825396823,46,45.643269841269856,46,46.39490396825392
4,sj,1999,48,1999-12-03,development,1998-04-30,84,40,77.0,45,45.38814126984124,46,46.27012222222223,46,46.43636111111109
4,sj,1999,49,1999-12-10,development,1998-04-30,85,25,77.0,44,44.19685238095234,42,42.46479206349212,42,41.997912698412634
4,sj,1999,50,1999-12-17,development,1998-04-30,86,16,77.0,35,35.36675873015868,36,35.55620873015873,34,34.42772936507937
4,sj,1999,51,1999-12-24,development,1998-04-30,87,17,77.0,35,35.06629523809523,35,34.676261904761915,34,33.96759206349205
4,sj,2000,52,2000-01-01,development,1998-04-30,88,17,77.0,32,31.805448412698404,33,32.6670007936508,32,31.754030952380933
4,sj,2000,1,2000-01-08,development,1998-04-30,89,16,77.0,31,31.410417460317476,31,30.91459206349206,31,30.603857142857144
4,sj,2000,2,2000-01-15,development,1998-04-30,90,23,77.0,29,28.559586507936512,28,28.0130634920635,28,27.935570634920648
4,sj,2000,3,2000-01-22,development,1998-04-30,91,18,77.0,30,29.93516507936508,30,30.070800793650793,31,30.56535555555553
4,sj,2000,4,2000-01-29,development,1998-04-30,92,18,77.0,31,31.01846428571428,29,29.312520634920656,30,30.09572777777778
4,sj,2000,5,2000-02-05,development,1998-04-30,93,9,77.0,32,31.906615873015866,31,30.542803968253978,34,34.3072111111111
4,sj,2000,6,2000-02-12,development,1998-04-30,94,7,77.0,22,21.55822936507937,22,21.566112698412702,22,22.306796825396827
4,sj,2000,7,2000-02-19,development,1998-04-30,95,7,77.0,23,23.15597777777777,24,23.971685714285712,25,24.684150793650804
4,sj,2000,8,2000-02-26,development,1998-04-30,96,4,77.0,22,22.04979603174604,23,22.60210555555557,22,21.90707222222223
4,sj,2000,9,2000-03-04,development,1998-04-30,97,3,77.0,21,20.788730158730143,21,21.166843650793673,21,20.880704761904784
4,sj,2000,10,2000-03-11,development,1998-04-30,98,2,77.0,17,16.775650000000002,16,16.29717539682539,16,16.358144444444438
4,sj,2000,11,2000-03-18,development,1998-04-30,99,8,77.0,14,14.098875396825393,14,13.561554761904754,14,13.570531746031751
4,sj,2000,12,2000-03-25,development,1998-04-30,100,3,77.0,13,13.04994285714286,12,12.012885714285721,12,12.258638888888878
4,sj,2000,13,2000-04-01,development,1998-04-30,101,1,77.0,12,12.296190476190473,11,11.371378571428574,11,11.455306349206344
4,sj,2000,14,2000-04-08,development,1998-04-30,102,1,77.0,12,12.156299206349203,11,11.05493412698413,11,11.115784126984126
4,sj,2000,15,2000-04-15,development,1998-04-30,103,2,77.0,12,12.444736507936508,11,10.800564285714286,11,11.379341269841273
4,sj,2000,16,2000-04-22,development,1998-04-30,104,3,77.0,12,12.455325396825396,11,10.949288888888894,12,11.599611904761902
4,sj,2000,17,2000-04-29,development,1998-04-30,105,3,77.0,12,12.415257936507935,11,11.02126031746031,12,11.54137857142857
4,sj,2000,18,2000-05-06,development,1998-04-30,106,2,77.0,12,11.550111904761904,11,10.534224603174604,11,10.701887301587306
4,sj,2000,19,2000-05-13,development,1998-04-30,107,0,77.0,11,11.259900793650795,10,10.10691587301587,10,10.050023809523813
4,sj,2000,20,2000-05-20,development,1998-04-30,108,0,77.0,12,12.039642857142853,12,11.77255158730159,12,12.235377777777767
4,sj,2000,21,2000-05-27,development,1998-04-30,109,2,77.0,12,12.47607301587302,12,11.971578571428568,12,11.840658730158726
4,sj,2000,22,2000-06-03,development,1998-04-30,110,2,77.0,13,13.267146825396829,14,13.690171428571427,14,13.638223015873002
4,sj,2000,23,2000-06-10,development,1998-04-30,111,0,77.0,13,13.06644444444445,13,12.937561111111101,13,13.263765079365072
4,sj,2000,24,2000-06-17,development,1998-04-30,112,6,77.0,13,13.450186507936506,14,13.678924603174595,14,13.674794444444439
4,sj,2000,25,2000-06-24,development,1998-04-30,113,3,77.0,13,13.490746825396824,14,13.80654365079365,14,13.82901269841271
4,sj,2000,26,2000-07-01,development,1998-04-30,114,6,77.0,15,15.01692936507938,14,13.913673809523807,14,13.90447301587302
4,sj,2000,27,2000-07-08,development,1998-04-30,115,2,77.0,14,14.270198412698416,14,13.731969047619039,15,14.584167460317458
4,sj,2000,28,2000-07-15,development,1998-04-30,116,3,77.0,18,17.8726873015873,16,15.904039682539679,16,15.71939841269841
4,sj,2000,29,2000-07-22,development,1998-04-30,117,2,77.0,17,17.04177936507937,18,18.28123650793653,18,18.152016666666658
4,sj,2000,30,2000-07-29,development,1998-04-30,118,4,77.0,22,21.74200714285713,25,25.2633015873016,24,24.345807936507953
4,sj,2000,31,2000-08-05,development,1998-04-30,119,5,77.0,24,23.569433333333322,29,28.695788888888895,28,28.434776190476192
4,sj,2000,32,2000-08-12,development,1998-04-30,120,2,77.0,24,24.054714285714294,29,29.086822222222228,28,28.166561111111125
4,sj,2000,33,2000-08-19,development,1998-04-30,121,9,77.0,25,25.34795396825395,27,26.542561111111112,28,28.01267936507937
4,sj,2000,34,2000-08-26,development,1998-04-30,122,2,77.0,44,43.55990476190476,45,45.029181746031796,46,45.84018333333335
4,sj,2000,35,2000-09-02,development,1998-04-30,123,4,77.0,56,55.93325873015877,58,58.46523968253968,55,55.112974603174614
4,sj,2000,36,2000-09-09,development,1998-04-30,124,8,77.0,45,45.44409682539684,50,50.11961111111109,42,41.56154365079366
4,sj,2000,37,2000-09-16,development,1998-04-30,125,6,77.0,49,49.15264206349205,51,50.721230952380935,44,44.202534920634896
4,sj,2000,38,2000-09-23,development,1998-04-30,126,3,77.0,51,51.351664285714286,56,55.935373015873,50,49.85447142857143
4,sj,2000,39,2000-09-30,development,1998-04-30,127,11,77.0,64,63.550799999999995,64,64.06265476190475,56,56.2461238095238
4,sj,2000,40,2000-10-07,development,1998-04-30,128,14,77.0,63,63.051976984126945,64,63.82915476190482,59,59.25441190476188
4,sj,2000,41,2000-10-14,development,1998-04-30,129,15,77.0,57,57.145569047619006,58,57.68246587301585,58,57.96980238095234
4,sj,2000,42,2000-10-21,development,1998-04-30,130,20,77.0,64,64.4285238095238,67,67.20605555555565,62,62.24856111111111
4,sj,2000,43,2000-10-28,development,1998-04-30,131,9,77.0,67,67.02316349206343,72,71.55259047619057,67,66.53940555555556
4,sj,2000,44,2000-11-04,development,1998-04-30,132,20,77.0,70,69.51386349206342,78,77.97805873015884,72,71.6164412698413
4,sj,2000,45,2000-11-11,development,1998-04-30,133,28,77.0,70,69.64289444444445,74,74.1474468253969,72,72.4143738095238
4,sj,2000,46,2000-11-18,development,1998-04-30,134,38,77.0,79,79.20456428571433,88,87.8175682539683,82,82.10933412698417
4,sj,2000,47,2000-11-25,development,1998-04-30,135,30,77.0,64,63.688409523809476,72,72.26273650793651,69,69.06624841269837
4,sj,2000,48,2000-12-02,development,1998-04-30,136,30,77.0,96,95.89985634920635,96,96.34680793650797,94,94.03997936507932
4,sj,2000,49,2000-12-09,development,1998-04-30,137,23,77.0,86,85.87022380952382,91,90.62624523809534,84,84.02044999999997
4,sj,2000,50,2000-12-16,development,1998-04-30,138,16,77.0,86,86.06334206349206,91,91.1985476190477,91,91.43502142857133
4,sj,2000,51,2000-12-23,development,1998-04-30,139,22,77.0,63,62.98621269841267,64,63.50940158730162,67,67.00584920634917
4,sj,2001,1,2001-01-01,development,1998-04-30,140,28,77.0,64,64.32510158730159,69,68.91271746031747,72,71.87235238095234
4,sj,2001,2,2001-01-08,development,1998-04-30,141,14,77.0,47,46.857769047619044,51,51.34478333333338,49,49.22194523809522
4,sj,2001,3,2001-01-15,development,1998-04-30,142,17,77.0,51,51.23513174603179,50,49.99433015873018,53,53.3128738095238
4,sj,2001,4,2001-01-22,development,1998-04-30,143,20,77.0,32,32.32345238095236,35,35.206626984126984,37,37.00304523809522
4,sj,2001,5,2001-01-29,development,1998-04-30,144,17,77.0,31,31.271730952380956,35,34.566143650793634,37,36.6573476190476
4,sj,2001,6,2001-02-05,development,1998-04-30,145,10,77.0,24,23.980077777777772,23,23.1650261904762,24,23.956704761904778
4,sj,2001,7,2001-02-12,development,1998-04-30,146,13,77.0,23,23.480375396825416,25,24.871058730158737,27,26.74969761904762
4,sj,2001,8,2001-02-19,development,1998-04-30,147,20,77.0,24,23.564746031746036,24,23.94323412698412,24,24.14811587301588
4,sj,2001,9,2001-02-26,development,1998-04-30,148,9,77.0,24,23.82357619047619,24,23.71248333333332,24,23.69646031746032
4,sj,2001,10,2001-03-05,development,1998-04-30,149,18,77.0,20,19.97877936507936,19,19.33198412698413,20,20.265149206349186
4,sj,2001,11,2001-03-12,development,1998-04-30,150,9,77.0,15,15.186756349206343,15,15.26084126984127,15,15.139822222222213
4,sj,2001,12,2001-03-19,development,1998-04-30,151,8,77.0,14,14.055028571428586,15,14.635044444444436,15,14.70524365079365
4,sj,2001,13,2001-03-26,development,1998-04-30,152,19,77.0,15,14.5495261904762,14,14.292213492063496,15,15.037769841269848
4,sj,2001,14,2001-04-02,development,1998-04-30,153,11,77.0,12,11.89525,13,13.012033333333326,13,13.303699206349204
4,sj,2001,15,2001-04-09,development,1998-04-30,154,4,77.0,12,11.94137698412697,13,13.442126984126984,13,13.261259523809537
4,sj,2001,16,2001-04-16,development,1998-04-30,155,6,77.0,12,11.926470634920634,13,12.818422222222217,13,12.971346031746034
4,sj,2001,17,2001-04-23,development,1998-04-30,156,6,77.0,13,13.146002380952378,13,12.87456428571428,13,13.3511880952381
4,sj,2001,18,2001-04-30,development,1998-04-30,157,8,77.0,12,11.556136507936506,13,13.005299999999995,13,13.348362698412702
4,sj,2001,19,2001-05-07,development,1998-04-30,158,13,77.0,13,13.10032460317461,14,14.451915079365088,14,14.254236507936502
4,sj,2001,20,2001-05-14,development,1998-04-30,159,8,77.0,8,8.341339682539688,10,10.268425396825398,10,9.88185555555556
4,sj,2001,21,2001-05-21,development,1998-04-30,160,8,77.0,10,10.116304761904763,12,12.170526190476203,11,11.195881746031741
4,sj,2001,22,2001-05-28,development,1998-04-30,161,5,77.0,13,12.625904761904762,14,14.415777777777771,14,14.08837857142858
4,sj,2001,23,2001-06-04,development,1998-04-30,162,16,77.0,18,17.882885714285724,18,18.2823,18,17.544219841269854
4,sj,2001,24,2001-06-11,development,1998-04-30,163,12,77.0,18,18.425490476190454,19,18.8976238095238,18,18.336227777777783
4,sj,2001,25,2001-06-18,development,1998-04-30,164,11,77.0,23,23.430168253968283,24,24.492349999999995,24,24.44595634920637
4,sj,2001,26,2001-06-25,development,1998-04-30,165,18,77.0,27,26.935231746031757,29,28.913162698412687,29,28.572096825396862
4,sj,2001,27,2001-07-02,development,1998-04-30,166,10,77.0,31,31.30415634920637,30,30.4854373015873,32,32.47360317460317
4,sj,2001,28,2001-07-09,development,1998-04-30,167,22,77.0,36,36.39923730158733,39,38.502070634920685,42,41.642178571428566
4,sj,2001,29,2001-07-16,development,1998-04-30,168,14,77.0,54,54.35282857142859,57,56.86151428571427,54,54.46769365079363
4,sj,2001,30,2001-07-23,development,1998-04-30,169,16,77.0,63,62.64164285714281,62,62.219711904761894,63,63.4473492063492
4,sj,2001,31,2001-07-30,development,1998-04-30,170,18,77.0,82,82.02172539682543,80,80.00847539682533,81,80.78601746031747
4,sj,2001,32,2001-08-06,development,1998-04-30,171,27,77.0,114,114.23052380952387,118,118.42112460317469,119,118.64098492063496
4,sj,2001,33,2001-08-13,development,1998-04-30,172,38,77.0,124,123.87200396825402,130,129.51531587301605,125,124.62822698412697
4,sj,2001,34,2001-08-20,development,1998-04-30,173,35,77.0,152,152.40969365079343,153,152.80644285714297,146,146.05606904761905
4,sj,2001,35,2001-08-27,development,1998-04-30,174,41,77.0,170,169.79815793650792,173,172.93509920634915,158,158.22636428571428
4,sj,2001,36,2001-09-03,development,1998-04-30,175,51,77.0,191,191.45683015873004,204,203.68456587301586,190,189.69976111111112
4,sj,2001,37,2001-09-10,development,1998-04-30,176,65,77.0,183,182.77775317460316,182,181.85238888888878,168,167.80141507936506
4,sj,2001,38,2001-09-17,development,1998-04-30,177,55,77.0,192,191.8758992063492,203,202.74660555555548,194,194.43747142857146
4,sj,2001,39,2001-09-24,development,1998-04-30,178,54,77.0,187,187.46832619047612,193,193.49410952380933,184,183.59362539682547
4,sj,2001,40,2001-10-01,development,1998-04-30,179,62,77.0,193,192.70616904761908,201,201.05709841269825,190,190.2246746031746
4,sj,2001,41,2001-10-08,development,1998-04-30,180,64,77.0,178,178.37930238095245,188,188.33646507936498,184,183.57698730158728
4,sj,2001,42,2001-10-15,development,1998-04-30,181,56,77.0,204,204.1979746031746,209,208.83571825396805,202,202.0353888888888
4,sj,2001,43,2001-10-22,development,1998-04-30,182,65,77.0,167,166.9768603174603,175,175.4435190476189,177,176.99203174603173
4,sj,2001,44,2001-10-29,development,1998-04-30,183,71,77.0,149,148.54451428571429,164,163.57901269841255,165,165.4567753968255
4,sj,2001,45,2001-11-05,development,1998-04-30,184,75,77.0,155,154.98552936507932,162,162.4567452380951,169,169.25961111111124
4,sj,2001,46,2001-11-12,development,1998-04-30,185,71,77.0,146,145.63367936507933,143,142.78773730158736,153,153.11311190476192
4,sj,2001,47,2001-11-19,development,1998-04-30,186,72,77.0,120,120.06707380952388,114,113.90960396825403,116,115.65146031746036
4,sj,2001,48,2001-11-26,development,1998-04-30,187,47,77.0,106,105.89824920634918,103,102.87401269841277,108,107.69731825396828
4,sj,2001,49,2001-12-03,development,1998-04-30,188,27,77.0,111,111.22267857142859,114,113.70371031746039,115,115.2342404761905
4,sj,2001,50,2001-12-10,development,1998-04-30,189,35,77.0,93,92.71937460317454,87,87.31799523809522,92,91.78620714285712
4,sj,2001,51,2001-12-17,development,1998-04-30,190,25,77.0,76,75.96006269841268,76,75.55121269841268,72,72.46646507936502
4,sj,2001,52,2001-12-24,development,1998-04-30,191,19,77.0,70,70.170676984127,68,67.79887063492059,68,67.99151746031745
4,sj,2002,1,2002-01-01,development,1998-04-30,192,37,77.0,55,54.81346507936507,54,54.182485714285775,51,51.18848095238095
4,sj,2002,2,2002-01-08,development,1998-04-30,193,38,77.0,41,41.29568968253971,42,41.72152936507937,40,40.330048412698424
4,sj,2002,3,2002-01-15,development,1998-04-30,194,34,77.0,40,39.630599206349224,42,42.41366507936508,39,38.562944444444405
4,sj,2002,4,2002-01-22,development,1998-04-30,195,26,77.0,42,41.95643412698417,43,42.99989126984124,40,39.70780476190475
4,sj,2002,5,2002-01-29,development,1998-04-30,196,19,77.0,33,33.33686111111111,33,33.41418492063494,33,32.75873888888887
4,sj,2002,6,2002-02-05,development,1998-04-30,197,18,77.0,28,28.218606349206343,30,29.59023253968255,28,27.750983333333355
4,sj,2002,7,2002-02-12,development,1998-04-30,198,22,77.0,27,27.23996825396825,27,26.90984047619047,27,27.248512698412664
4,sj,2002,8,2002-02-19,development,1998-04-30,199,16,77.0,26,26.363931746031756,26,25.79271825396826,26,26.00364126984127
4,sj,2002,9,2002-02-26,development,1998-04-30,200,18,77.0,22,22.247117460317437,22,21.79283253968254,22,22.275423809523815
4,sj,2002,10,2002-03-05,development,1998-04-30,201,6,77.0,21,21.07621269841271,21,21.178953174603198,22,21.795327777777786
4,sj,2002,11,2002-03-12,development,1998-04-30,202,12,77.0,18,17.816788888888855,17,17.35637063492064,18,18.216369047619033
4,sj,2002,12,2002-03-19,development,1998-04-30,203,6,77.0,17,16.934262698412695,17,16.812818253968242,17,17.322011111111102
4,sj,2002,13,2002-03-26,development,1998-04-30,204,6,77.0,14,14.397019047619057,15,14.571819841269846,16,15.526734126984135
4,sj,2002,14,2002-04-02,development,1998-04-30,205,3,77.0,14,13.71183333333334,14,13.865649206349206,15,14.535771428571424
4,sj,2002,15,2002-04-09,development,1998-04-30,206,7,77.0,13,12.80533412698413,13,12.901438095238104,14,13.892518253968255
4,sj,2002,16,2002-04-16,development,1998-04-30,207,6,77.0,15,15.064638888888902,16,16.18699047619048,16,16.275764285714295
4,sj,2002,17,2002-04-23,development,1998-04-30,208,1,77.0,16,15.611411904761907,15,15.351539682539684,15,15.374546825396829
4,sj,2002,18,2002-04-30,development,1998-04-30,209,3,77.0,13,12.699864285714291,14,13.807144444444434,13,13.186600793650792
4,sj,2002,19,2002-05-07,development,1998-04-30,210,2,77.0,14,14.074291269841284,16,15.723730952380945,15,15.013632539682545
4,sj,2002,20,2002-05-14,development,1998-04-30,211,2,77.0,10,9.539923015873017,12,11.617045238095242,11,11.27915793650793
4,sj,2002,21,2002-05-21,development,1998-04-30,212,1,77.0,10,9.72690555555556,12,11.862800000000005,11,11.128053174603172
4,sj,2002,22,2002-05-28,development,1998-04-30,213,10,77.0,12,12.188403174603177,14,13.912446031746034,13,13.443722222222219
4,sj,2002,23,2002-06-04,development,1998-04-30,214,3,77.0,13,13.391272222222229,14,14.378730158730157,15,15.09272619047619
4,sj,2002,24,2002-06-11,development,1998-04-30,215,3,77.0,13,13.09827539682539,14,13.966580952380957,14,14.161869841269837
4,sj,2002,25,2002-06-18,development,1998-04-30,216,1,77.0,13,13.282897619047622,14,14.347811904761912,15,14.814841269841255
4,sj,2002,26,2002-06-25,development,1998-04-30,217,1,77.0,15,14.867758730158734,16,15.728041269841269,16,15.740482539682525
4,sj,2002,27,2002-07-02,development,1998-04-30,218,2,77.0,15,14.87245079365079,17,16.612977777777783,18,18.432569047619044
4,sj,2002,28,2002-07-09,development,1998-04-30,219,6,77.0,18,18.393987301587288,20,19.611351587301602,21,20.74341031746033
4,sj,2002,29,2002-07-16,development,1998-04-30,220,3,77.0,21,21.3700365079365,24,23.528992857142853,24,24.46359047619048
4,sj,2002,30,2002-07-23,development,1998-04-30,221,3,77.0,29,29.09368809523812,30,29.960888888888903,30,29.506144444444445
4,sj,2002,31,2002-07-30,development,1998-04-30,222,5,77.0,35,35.30747857142861,36,35.513335714285695,36,35.51665158730161
4,sj,2002,32,2002-08-06,development,1998-04-30,223,4,77.0,42,42.15240555555561,49,49.0575650793651,47,47.10521349206347
4,sj,2002,33,2002-08-13,development,1998-04-30,224,7,77.0,64,64.03007698412696,76,76.29139841269837,77,76.68816269841271
4,sj,2002,34,2002-08-20,development,1998-04-30,225,6,77.0,84,83.59978809523805,90,89.5637936507936,95,95.27960079365084
4,sj,2002,35,2002-08-27,development,1998-04-30,226,5,77.0,94,94.03843174603168,103,103.14671666666676,103,102.854930952381
4,sj,2002,36,2002-09-03,development,1998-04-30,227,7,77.0,128,128.31602619047624,137,137.24714047619068,132,131.56655396825394
4,sj,2002,37,2002-09-10,development,1998-04-30,228,6,77.0,141,141.01917936507934,153,152.6545595238096,149,148.64579365079356
4,sj,2002,38,2002-09-17,development,1998-04-30,229,4,77.0,139,139.36626587301575,151,150.8259555555555,143,142.69055396825385
4,sj,2002,39,2002-09-24,development,1998-04-30,230,4,77.0,176,176.04915634920636,185,184.90465317460323,180,180.3292484126983
4,sj,2002,40,2002-10-01,development,1998-04-30,231,7,77.0,177,177.27386190476187,190,190.3210166666666,179,178.67148730158715
4,sj,2002,41,2002-10-08,development,1998-04-30,232,9,77.0,177,176.79508174603168,191,190.96255,184,184.42103571428555
4,sj,2002,42,2002-10-15,development,1998-04-30,233,5,77.0,153,153.36437460317444,167,167.31256507936516,158,157.6828174603175
4,sj,2002,43,2002-10-22,development,1998-04-30,234,5,77.0,174,173.98302222222227,187,187.27644285714283,177,177.10215555555547
4,sj,2002,44,2002-10-29,development,1998-04-30,235,10,77.0,158,157.66564365079358,167,166.9563246031746,166,166.40014761904763
4,sj,2002,45,2002-11-05,development,1998-04-30,236,6,77.0,168,167.8505563492063,174,173.86153412698417,176,175.64189047619044
4,sj,2002,46,2002-11-12,development,1998-04-30,237,13,77.0,142,142.38451587301589,153,152.9584174603174,151,150.61752380952387
4,sj,2002,47,2002-11-19,development,1998-04-30,238,6,77.0,153,153.1490468253967,160,160.26518492063494,165,164.80062460317453
4,sj,2002,48,2002-11-26,development,1998-04-30,239,5,77.0,119,119.35102777777789,116,115.76410793650803,122,121.77810793650792
4,sj,2002,49,2002-12-03,development,1998-04-30,240,5,77.0,134,133.76375634920632,137,136.8430936507938,138,138.29224603174603
4,sj,2002,50,2002-12-10,development,1998-04-30,241,9,77.0,92,92.39713412698411,98,98.45157619047626,100,99.55854603174602
4,sj,2002,51,2002-12-17,development,1998-04-30,242,3,77.0,99,99.25026428571434,106,105.79735476190478,107,106.56447380952378
4,sj,2002,52,2002-12-24,development,1998-04-30,243,6,77.0,60,60.290466666666674,66,65.69274285714285,62,61.83803492063493
4,sj,2003,1,2003-01-01,development,1998-04-30,244,11,77.0,69,68.91790238095228,74,73.92439682539685,74,74.2323134920634
4,sj,2003,2,2003-01-08,development,1998-04-30,245,7,77.0,51,51.25991428571431,56,56.176087301587316,52,51.54275793650794
4,sj,2003,3,2003-01-15,development,1998-04-30,246,7,77.0,61,60.907276190476196,63,63.40619047619048,62,62.1671
4,sj,2003,4,2003-01-22,development,1998-04-30,247,15,77.0,46,46.0610222222222,48,48.37299841269845,45,45.385795238095234
4,sj,2003,5,2003-01-29,development,1998-04-30,248,9,77.0,39,39.27151904761906,42,42.10560476190475,42,42.321240476190475
4,sj,2003,6,2003-02-05,development,1998-04-30,249,6,77.0,33,32.983511904761926,31,30.74673650793652,30,29.790271428571423
4,sj,2003,7,2003-02-12,development,1998-04-30,250,6,77.0,31,31.461361111111117,32,31.877923015873,33,32.753063492063475
4,sj,2003,8,2003-02-19,development,1998-04-30,251,6,77.0,29,29.458380158730165,29,28.90126984126985,27,27.325057936507925
4,sj,2003,9,2003-02-26,development,1998-04-30,252,7,77.0,29,28.89358809523812,27,26.96147777777777,27,26.611692857142838
4,sj,2003,10,2003-03-05,development,1998-04-30,253,10,77.0,23,23.495796825396823,24,24.11912301587299,23,22.86545634920633
4,sj,2003,11,2003-03-12,development,1998-04-30,254,8,77.0,20,20.244440476190483,22,21.53626587301586,20,20.228562698412674
4,sj,2003,12,2003-03-19,development,1998-04-30,255,7,77.0,18,17.75814126984126,20,19.51473333333334,19,18.83459126984127
4,sj,2003,13,2003-03-26,development,1998-04-30,256,12,77.0,16,16.486679365079365,18,17.6071119047619,18,17.76024444444444
4,sj,2003,14,2003-04-02,development,1998-04-30,257,3,77.0,15,15.49557380952381,17,17.391794444444447,18,17.663192063492062
4,sj,2003,15,2003-04-09,development,1998-04-30,258,2,77.0,15,15.127754761904761,17,16.559653174603195,16,16.181484126984124
4,sj,2003,16,2003-04-16,development,1998-04-30,259,7,77.0,14,13.982840476190479,16,15.537319841269845,15,14.88088015873016
4,sj,2003,17,2003-04-23,development,1998-04-30,260,5,77.0,12,12.499274603174607,14,14.065634126984131,13,13.174827777777782
5,sj,2003,18,2003-04-30,latest_evaluation,2003-04-30,1,5,73.0,11,11.29625555555555,10,10.01314761904761,11,10.942369047619053
5,sj,2003,19,2003-05-07,latest_evaluation,2003-04-30,2,7,73.0,13,12.741010317460319,12,12.157280952380944,13,12.904116666666654
5,sj,2003,20,2003-05-14,latest_evaluation,2003-04-30,3,7,73.0,13,12.724321428571416,11,11.352865079365076,13,13.019512698412695
5,sj,2003,21,2003-05-21,latest_evaluation,2003-04-30,4,7,73.0,13,12.93331746031745,11,11.332137301587299,13,12.683388095238097
5,sj,2003,22,2003-05-28,latest_evaluation,2003-04-30,5,7,73.0,13,12.873716666666668,11,11.33890873015873,13,12.623329365079366
5,sj,2003,23,2003-06-04,latest_evaluation,2003-04-30,6,10,73.0,14,13.877507142857143,13,13.223767460317454,14,14.013378571428559
5,sj,2003,24,2003-06-11,latest_evaluation,2003-04-30,7,13,73.0,13,12.514692063492056,12,12.376769841269835,13,13.263915079365074
5,sj,2003,25,2003-06-18,latest_evaluation,2003-04-30,8,10,73.0,14,13.579926190476177,13,13.14189285714286,14,14.102406349206346
5,sj,2003,26,2003-06-25,latest_evaluation,2003-04-30,9,14,73.0,14,13.890353174603172,13,13.380276190476195,14,14.438915079365067
5,sj,2003,27,2003-07-02,latest_evaluation,2003-04-30,10,11,73.0,13,13.36342777777778,14,13.744057936507943,15,14.6854507936508
5,sj,2003,28,2003-07-09,latest_evaluation,2003-04-30,11,20,73.0,12,12.158869841269832,13,12.909011111111111,13,13.403105555555545
5,sj,2003,29,2003-07-16,latest_evaluation,2003-04-30,12,25,73.0,14,13.627725396825408,13,13.22134682539683,13,12.894152380952374
5,sj,2003,30,2003-07-23,latest_evaluation,2003-04-30,13,17,73.0,13,12.873107142857137,13,12.730217460317458,12,12.092508730158718
5,sj,2003,31,2003-07-30,latest_evaluation,2003-04-30,14,18,73.0,14,13.646881746031745,14,13.994979365079361,12,12.148122222222206
5,sj,2003,32,2003-08-06,latest_evaluation,2003-04-30,15,25,73.0,14,14.211517460317465,15,14.98378174603175,13,13.202553968253957
5,sj,2003,33,2003-08-13,latest_evaluation,2003-04-30,16,21,73.0,22,21.649323015873026,20,19.85748730158729,19,19.195814285714267
5,sj,2003,34,2003-08-20,latest_evaluation,2003-04-30,17,31,73.0,16,15.923601587301578,18,18.319735714285727,20,19.917858730158734
5,sj,2003,35,2003-08-27,latest_evaluation,2003-04-30,18,32,73.0,23,22.739270634920636,23,23.101464285714293,22,22.062589682539663
5,sj,2003,36,2003-09-03,latest_evaluation,2003-04-30,19,26,73.0,37,36.92547936507936,37,37.2047007936508,36,36.04166904761903
5,sj,2003,37,2003-09-10,latest_evaluation,2003-04-30,20,35,73.0,57,56.65408809523808,61,61.467674603174615,62,62.12464523809526
5,sj,2003,38,2003-09-17,latest_evaluation,2003-04-30,21,28,73.0,57,56.992465079365076,59,59.46726666666665,60,60.15088412698412
5,sj,2003,39,2003-09-24,latest_evaluation,2003-04-30,22,37,73.0,56,56.49019444444448,59,58.59475396825397,56,55.85166984126988
5,sj,2003,40,2003-10-01,latest_evaluation,2003-04-30,23,41,73.0,60,59.51056825396824,59,59.14664206349214,62,61.7946761904762
5,sj,2003,41,2003-10-08,latest_evaluation,2003-04-30,24,34,73.0,66,66.39640396825396,64,64.42545793650791,65,65.03947698412695
5,sj,2003,42,2003-10-15,latest_evaluation,2003-04-30,25,30,73.0,62,62.08742619047614,65,64.60209047619045,63,63.49095952380953
5,sj,2003,43,2003-10-22,latest_evaluation,2003-04-30,26,39,73.0,70,69.60224126984131,70,70.26040793650795,71,70.80855793650795
5,sj,2003,44,2003-10-29,latest_evaluation,2003-04-30,27,39,73.0,69,69.11702063492059,66,66.28485,68,68.16861746031749
5,sj,2003,45,2003-11-05,latest_evaluation,2003-04-30,28,39,73.0,69,68.65623253968255,65,64.51908333333341,63,63.16001825396828
5,sj,2003,46,2003-11-12,latest_evaluation,2003-04-30,29,34,73.0,59,58.74375634920636,59,59.43158095238102,60,59.64354365079368
5,sj,2003,47,2003-11-19,latest_evaluation,2003-04-30,30,30,73.0,64,64.22052539682532,64,64.22652380952385,64,63.64606428571427
5,sj,2003,48,2003-11-26,latest_evaluation,2003-04-30,31,37,73.0,67,67.11738253968251,66,66.35354285714291,65,65.11136349206342
5,sj,2003,49,2003-12-03,latest_evaluation,2003-04-30,32,29,73.0,60,59.72321269841266,64,63.880526984127,61,61.32578253968258
5,sj,2003,50,2003-12-10,latest_evaluation,2003-04-30,33,26,73.0,54,53.940164285714296,54,54.223216666666666,56,55.72282063492061
5,sj,2003,51,2003-12-17,latest_evaluation,2003-04-30,34,15,73.0,52,52.42813412698412,54,53.53108888888886,55,55.061324603174576
5,sj,2003,52,2003-12-24,latest_evaluation,2003-04-30,35,22,73.0,49,48.936703174603174,50,49.50581349206347,49,49.492189682539696
5,sj,2004,1,2004-01-01,latest_evaluation,2003-04-30,36,15,73.0,42,42.3641833333333,43,43.48609206349208,43,42.663905555555594
5,sj,2004,2,2004-01-08,latest_evaluation,2003-04-30,37,20,73.0,58,58.43849603174602,59,58.57498015873017,58,58.43994047619055
5,sj,2004,3,2004-01-15,latest_evaluation,2003-04-30,38,14,73.0,57,56.88517777777778,57,56.82088015873019,58,58.00391031746034
5,sj,2004,4,2004-01-22,latest_evaluation,2003-04-30,39,10,73.0,53,53.057976984126945,53,53.425552380952354,53,53.35544523809527
5,sj,2004,5,2004-01-29,latest_evaluation,2003-04-30,40,21,73.0,52,51.80470873015872,51,50.82896904761904,51,50.77934523809527
5,sj,2004,6,2004-02-05,latest_evaluation,2003-04-30,41,14,73.0,37,36.80736031746029,37,37.21056428571428,36,36.325123809523795
5,sj,2004,7,2004-02-12,latest_evaluation,2003-04-30,42,14,73.0,39,38.819190476190485,40,39.65020079365082,39,39.27884682539685
5,sj,2004,8,2004-02-19,latest_evaluation,2003-04-30,43,9,73.0,36,36.42737301587302,37,37.18508095238098,37,36.54278333333333
5,sj,2004,9,2004-02-26,latest_evaluation,2003-04-30,44,11,73.0,35,34.99912063492066,35,34.90790714285714,34,34.37434841269839
5,sj,2004,10,2004-03-04,latest_evaluation,2003-04-30,45,5,73.0,28,28.45733730158732,29,29.093826984127006,28,28.231722222222217
5,sj,2004,11,2004-03-11,latest_evaluation,2003-04-30,46,6,73.0,27,27.186675396825407,29,29.497553174603198,29,28.941763492063487
5,sj,2004,12,2004-03-18,latest_evaluation,2003-04-30,47,7,73.0,25,24.884013492063488,28,27.508559523809538,27,27.231840476190474
5,sj,2004,13,2004-03-25,latest_evaluation,2003-04-30,48,11,73.0,25,25.41833174603177,28,27.92227936507937,28,27.693572222222222
5,sj,2004,14,2004-04-01,latest_evaluation,2003-04-30,49,4,73.0,18,18.330778571428564,19,19.122503968253973,19,19.247246825396807
5,sj,2004,15,2004-04-08,latest_evaluation,2003-04-30,50,3,73.0,19,18.699448412698427,19,19.0196388888889,20,19.76361984126984
5,sj,2004,16,2004-04-15,latest_evaluation,2003-04-30,51,2,73.0,19,19.178462698412687,20,19.781084920634935,20,20.048401587301576
5,sj,2004,17,2004-04-22,latest_evaluation,2003-04-30,52,6,73.0,20,19.543888888888915,20,20.212907142857137,20,19.925376984126974
5,sj,2004,18,2004-04-29,latest_evaluation,2003-04-30,53,10,73.0,11,11.097953174603166,11,10.609492063492059,11,10.624675396825397
5,sj,2004,19,2004-05-06,latest_evaluation,2003-04-30,54,7,73.0,10,9.738050793650785,9,9.31289920634921,10,9.583475396825385
5,sj,2004,20,2004-05-13,latest_evaluation,2003-04-30,55,5,73.0,9,8.754764285714282,9,8.975209523809523,9,8.898880952380951
5,sj,2004,21,2004-05-20,latest_evaluation,2003-04-30,56,3,73.0,9,9.02220317460318,10,9.648932539682537,10,9.844327777777785
5,sj,2004,22,2004-05-27,latest_evaluation,2003-04-30,57,12,73.0,10,9.670582539682533,9,9.436565079365085,10,9.622469047619045
5,sj,2004,23,2004-06-03,latest_evaluation,2003-04-30,58,13,73.0,11,11.345969841269842,12,11.812103968253968,11,11.14240634920635
5,sj,2004,24,2004-06-10,latest_evaluation,2003-04-30,59,10,73.0,13,12.774616666666656,12,12.17960317460318,12,11.61079682539682
5,sj,2004,25,2004-06-17,latest_evaluation,2003-04-30,60,13,73.0,13,12.884313492063484,12,12.36383333333333,13,13.068734920634915
5,sj,2004,26,2004-06-24,latest_evaluation,2003-04-30,61,13,73.0,15,15.272033333333333,13,13.033369841269831,15,14.545373809523802
5,sj,2004,27,2004-07-01,latest_evaluation,2003-04-30,62,8,73.0,18,18.223846031746053,15,14.82402619047618,17,16.73764603174603
5,sj,2004,28,2004-07-08,latest_evaluation,2003-04-30,63,21,73.0,21,21.157953968253967,19,19.094076190476198,19,19.377288095238097
5,sj,2004,29,2004-07-15,latest_evaluation,2003-04-30,64,18,73.0,23,23.45625793650794,22,22.078334126984128,23,23.319614285714266
5,sj,2004,30,2004-07-22,latest_evaluation,2003-04-30,65,8,73.0,29,28.965623809523823,33,33.35961190476191,32,31.947443650793648
5,sj,2004,31,2004-07-29,latest_evaluation,2003-04-30,66,7,73.0,24,24.458184126984122,33,32.69807777777779,32,31.807010317460325
5,sj,2004,32,2004-08-05,latest_evaluation,2003-04-30,67,20,73.0,30,30.41063809523809,44,43.91532936507936,42,41.67096428571429
5,sj,2004,33,2004-08-12,latest_evaluation,2003-04-30,68,14,73.0,40,40.22717301587299,51,50.670723015872994,52,51.98042063492066
5,sj,2004,34,2004-08-19,latest_evaluation,2003-04-30,69,14,73.0,41,40.52579999999999,47,46.639251587301565,43,43.45795158730159
5,sj,2004,35,2004-08-26,latest_evaluation,2003-04-30,70,7,73.0,46,45.62131428571428,52,51.740424603174574,51,51.313218253968266
5,sj,2004,36,2004-09-02,latest_evaluation,2003-04-30,71,14,73.0,46,46.246875396825395,53,52.80306507936509,48,48.39833412698418
5,sj,2004,37,2004-09-09,latest_evaluation,2003-04-30,72,10,73.0,43,43.361023809523786,47,47.437775396825394,45,44.949093650793664
5,sj,2004,38,2004-09-16,latest_evaluation,2003-04-30,73,13,73.0,55,55.187431746031706,62,62.38128095238093,60,59.79067698412697
5,sj,2004,39,2004-09-23,latest_evaluation,2003-04-30,74,27,73.0,58,58.17046428571423,60,60.4525571428571,63,62.52120952380954
5,sj,2004,40,2004-09-30,latest_evaluation,2003-04-30,75,13,73.0,76,76.43334999999995,77,77.10819603174602,75,75.28575079365076
5,sj,2004,41,2004-10-07,latest_evaluation,2003-04-30,76,18,73.0,76,75.81536349206354,80,80.1506325396825,78,77.8717126984127
5,sj,2004,42,2004-10-14,latest_evaluation,2003-04-30,77,16,73.0,74,74.2669317460317,77,76.86900158730161,75,74.7577833333333
5,sj,2004,43,2004-10-21,latest_evaluation,2003-04-30,78,16,73.0,76,76.11029126984127,76,76.1739380952381,75,75.15557063492062
5,sj,2004,44,2004-10-28,latest_evaluation,2003-04-30,79,20,73.0,68,67.97469206349197,69,69.32378333333331,71,71.47643412698409
5,sj,2004,45,2004-11-04,latest_evaluation,2003-04-30,80,17,73.0,69,68.93869999999995,72,71.94425793650797,69,69.499192063492
5,sj,2004,46,2004-11-11,latest_evaluation,2003-04-30,81,4,73.0,72,71.59209682539684,73,72.72014047619047,78,78.22447777777778
5,sj,2004,47,2004-11-18,latest_evaluation,2003-04-30,82,15,73.0,74,73.64628412698407,70,70.33026349206347,75,74.54048412698411
5,sj,2004,48,2004-11-25,latest_evaluation,2003-04-30,83,8,73.0,68,67.64865714285713,69,68.79158968253965,72,72.23693730158723
5,sj,2004,49,2004-12-02,latest_evaluation,2003-04-30,84,6,73.0,81,81.33684761904766,85,85.02618730158726,87,86.67705476190474
5,sj,2004,50,2004-12-09,latest_evaluation,2003-04-30,85,12,73.0,58,58.229341269841285,62,61.70523650793652,65,64.70652142857143
5,sj,2004,51,2004-12-16,latest_evaluation,2003-04-30,86,15,73.0,49,49.00258492063496,45,45.34571904761906,49,49.0308126984127
5,sj,2004,52,2004-12-23,latest_evaluation,2003-04-30,87,11,73.0,39,38.85020793650792,38,38.272689682539685,39,39.3066738095238
5,sj,2005,53,2005-01-01,latest_evaluation,2003-04-30,88,10,73.0,41,41.063318253968234,38,38.03514285714287,40,40.32736428571428
5,sj,2005,1,2005-01-08,latest_evaluation,2003-04-30,89,15,73.0,59,58.991162698412694,57,57.089916666666674,56,55.7871753968254
5,sj,2005,2,2005-01-15,latest_evaluation,2003-04-30,90,17,73.0,51,50.845486507936535,51,51.48868968253966,52,51.50799523809524
5,sj,2005,3,2005-01-22,latest_evaluation,2003-04-30,91,7,73.0,51,51.35586666666666,52,51.64099999999996,51,51.34666269841273
5,sj,2005,4,2005-01-29,latest_evaluation,2003-04-30,92,7,73.0,50,49.84798968253965,51,50.79248730158728,50,49.90887777777781
5,sj,2005,5,2005-02-05,latest_evaluation,2003-04-30,93,8,73.0,40,39.99970317460316,39,39.46601349206352,40,40.10228650793652
5,sj,2005,6,2005-02-12,latest_evaluation,2003-04-30,94,9,73.0,38,38.38482539682539,37,37.39504682539685,38,38.401617460317475
5,sj,2005,7,2005-02-19,latest_evaluation,2003-04-30,95,12,73.0,39,38.96642539682542,39,38.53522460317458,39,39.46584603174604
5,sj,2005,8,2005-02-26,latest_evaluation,2003-04-30,96,12,73.0,34,33.98123968253969,34,34.141236507936505,33,33.34111507936509
5,sj,2005,9,2005-03-05,latest_evaluation,2003-04-30,97,5,73.0,25,24.716415873015894,23,23.155501587301593,23,23.134116666666674
5,sj,2005,10,2005-03-12,latest_evaluation,2003-04-30,98,4,73.0,23,23.02577063492064,22,22.20086904761905,22,22.45284047619047
5,sj,2005,11,2005-03-19,latest_evaluation,2003-04-30,99,11,73.0,22,21.85758253968254,21,21.050334126984126,21,21.44088888888889
5,sj,2005,12,2005-03-26,latest_evaluation,2003-04-30,100,4,73.0,20,20.41671428571428,19,19.143729365079356,19,19.445189682539684
5,sj,2005,13,2005-04-02,latest_evaluation,2003-04-30,101,5,73.0,13,13.287450793650809,12,12.473239682539678,13,12.928186507936502
5,sj,2005,14,2005-04-09,latest_evaluation,2003-04-30,102,7,73.0,12,12.103738095238098,12,12.399432539682536,12,12.461153968253953
5,sj,2005,15,2005-04-16,latest_evaluation,2003-04-30,103,1,73.0,14,13.618676984126987,15,14.566099206349206,15,14.53532380952379
5,sj,2005,16,2005-04-23,latest_evaluation,2003-04-30,104,1,73.0,15,15.291373809523815,16,16.25937380952381,16,16.325786507936503
5,sj,2005,17,2005-04-30,latest_evaluation,2003-04-30,105,4,73.0,10,10.231742063492053,10,10.205874603174609,10,10.293343650793647
5,sj,2005,18,2005-05-07,latest_evaluation,2003-04-30,106,2,73.0,9,8.873210317460316,9,9.08405238095238,9,9.170241269841275
5,sj,2005,19,2005-05-14,latest_evaluation,2003-04-30,107,6,73.0,9,9.02553174603175,9,9.208133333333333,9,9.181913492063497
5,sj,2005,20,2005-05-21,latest_evaluation,2003-04-30,108,3,73.0,9,9.315553174603178,10,10.039876984126986,9,9.378788888888892
5,sj,2005,21,2005-05-28,latest_evaluation,2003-04-30,109,4,73.0,13,13.06244126984126,14,13.949103174603165,15,14.84508015873016
5,sj,2005,22,2005-06-04,latest_evaluation,2003-04-30,110,10,73.0,19,18.545452380952387,21,21.046888095238096,20,20.269287301587315
5,sj,2005,23,2005-06-11,latest_evaluation,2003-04-30,111,12,73.0,29,29.123438888888867,31,31.09853174603174,32,31.600913492063516
5,sj,2005,24,2005-06-18,latest_evaluation,2003-04-30,112,21,73.0,37,37.42746746031742,43,43.05493730158731,43,42.9826007936508
5,sj,2005,25,2005-06-25,latest_evaluation,2003-04-30,113,26,73.0,45,45.35485317460318,52,52.21816587301589,55,54.753576984126994
5,sj,2005,26,2005-07-02,latest_evaluation,2003-04-30,114,21,73.0,52,51.686915079365065,56,56.016580952380956,61,61.475149206349236
5,sj,2005,27,2005-07-09,latest_evaluation,2003-04-30,115,30,73.0,62,62.13694285714287,73,72.58973412698418,80,80.06655634920625
5,sj,2005,28,2005-07-16,latest_evaluation,2003-04-30,116,45,73.0,58,57.72529047619049,69,68.54237460317458,74,73.64273492063491
5,sj,2005,29,2005-07-23,latest_evaluation,2003-04-30,117,56,73.0,61,60.58231666666669,70,70.14569841269842,74,73.96565158730161
5,sj,2005,30,2005-07-30,latest_evaluation,2003-04-30,118,75,73.0,75,74.9199738095238,74,73.51282142857143,78,78.13594841269845
5,sj,2005,31,2005-08-06,latest_evaluation,2003-04-30,119,83,73.0,89,89.26324047619043,86,85.75211031746034,90,89.62639841269845
5,sj,2005,32,2005-08-13,latest_evaluation,2003-04-30,120,82,73.0,94,93.63861587301594,85,85.00262619047624,89,89.3813896825396
5,sj,2005,33,2005-08-20,latest_evaluation,2003-04-30,121,126,73.0,87,87.46832301587304,84,83.89775555555558,88,87.53176428571422
5,sj,2005,34,2005-08-27,latest_evaluation,2003-04-30,122,119,73.0,82,82.4874928571428,80,80.02065396825397,85,84.94726507936514
5,sj,2005,35,2005-09-03,latest_evaluation,2003-04-30,123,137,73.0,89,88.9505103174603,92,91.82571746031743,92,92.16823888888891
5,sj,2005,36,2005-09-10,latest_evaluation,2003-04-30,124,131,73.0,81,80.96495317460314,84,83.73821031746026,90,90.04281111111113
5,sj,2005,37,2005-09-17,latest_evaluation,2003-04-30,125,112,73.0,90,90.47419285714284,91,91.01467380952381,91,91.0887928571429
5,sj,2005,38,2005-09-24,latest_evaluation,2003-04-30,126,82,73.0,93,92.83393253968251,89,89.04080476190471,92,91.8772761904762
5,sj,2005,39,2005-10-01,latest_evaluation,2003-04-30,127,73,73.0,98,98.36948015873003,92,91.68066190476192,98,97.66418333333333
5,sj,2005,40,2005-10-08,latest_evaluation,2003-04-30,128,43,73.0,92,92.1907642857143,91,91.13492539682535,92,92.18250317460324
5,sj,2005,41,2005-10-15,latest_evaluation,2003-04-30,129,55,73.0,88,87.53635555555557,88,87.78061111111106,93,93.34745000000001
5,sj,2005,42,2005-10-22,latest_evaluation,2003-04-30,130,55,73.0,87,86.96893571428569,87,86.54036269841271,91,90.72079999999995
5,sj,2005,43,2005-10-29,latest_evaluation,2003-04-30,131,53,73.0,89,88.70156746031743,92,91.87551904761904,91,91.06365952380948
5,sj,2005,44,2005-11-05,latest_evaluation,2003-04-30,132,46,73.0,90,90.20762063492066,88,88.03909603174598,85,84.54154761904766
5,sj,2005,45,2005-11-12,latest_evaluation,2003-04-30,133,43,73.0,79,79.16552857142855,82,82.30641349206346,80,79.56421746031744
5,sj,2005,46,2005-11-19,latest_evaluation,2003-04-30,134,29,73.0,76,75.52056190476193,73,72.95896825396824,74,74.30783492063489
5,sj,2005,47,2005-11-26,latest_evaluation,2003-04-30,135,22,73.0,73,73.43746507936505,74,74.25964444444443,75,74.61354523809523
5,sj,2005,48,2005-12-03,latest_evaluation,2003-04-30,136,26,73.0,66,65.72623333333335,68,67.82732857142862,68,67.62143492063491
5,sj,2005,49,2005-12-10,latest_evaluation,2003-04-30,137,13,73.0,59,58.56918968253968,63,63.11559682539684,58,58.29405873015872
5,sj,2005,50,2005-12-17,latest_evaluation,2003-04-30,138,17,73.0,44,44.315223015873,42,41.70727698412694,44,44.02070793650796
5,sj,2005,51,2005-12-24,latest_evaluation,2003-04-30,139,8,73.0,35,35.4297722222222,36,35.65102460317458,37,37.10792222222218
5,sj,2006,52,2006-01-01,latest_evaluation,2003-04-30,140,13,73.0,32,32.457992063492064,33,32.526729365079355,33,33.09838333333333
5,sj,2006,1,2006-01-08,latest_evaluation,2003-04-30,141,10,73.0,29,28.9867238095238,29,28.59833888888888,28,28.398876984126993
5,sj,2006,2,2006-01-15,latest_evaluation,2003-04-30,142,17,73.0,26,25.829714285714275,27,26.848437301587303,26,25.699018253968255
5,sj,2006,3,2006-01-22,latest_evaluation,2003-04-30,143,19,73.0,24,23.531713492063496,25,24.528107142857138,24,23.79114523809525
5,sj,2006,4,2006-01-29,latest_evaluation,2003-04-30,144,9,73.0,22,22.360146031746037,23,22.52315158730159,22,21.80153571428572
5,sj,2006,5,2006-02-05,latest_evaluation,2003-04-30,145,9,73.0,20,19.63745476190477,20,20.30101825396825,20,19.672542063492077
5,sj,2006,6,2006-02-12,latest_evaluation,2003-04-30,146,9,73.0,16,16.204782539682533,16,16.378288095238098,17,16.763487301587297
5,sj,2006,7,2006-02-19,latest_evaluation,2003-04-30,147,3,73.0,15,14.656400793650784,16,15.89515396825397,15,15.190090476190466
5,sj,2006,8,2006-02-26,latest_evaluation,2003-04-30,148,7,73.0,13,12.588940476190459,13,13.421687301587301,13,12.945612698412694
5,sj,2006,9,2006-03-05,latest_evaluation,2003-04-30,149,7,73.0,12,12.053784920634913,13,12.630273015873014,12,12.060042063492059
5,sj,2006,10,2006-03-12,latest_evaluation,2003-04-30,150,0,73.0,11,11.467355555555553,12,11.643482539682543,11,11.132460317460309
5,sj,2006,11,2006-03-19,latest_evaluation,2003-04-30,151,2,73.0,10,10.152961111111107,11,11.151806349206351,10,10.387893650793654
5,sj,2006,12,2006-03-26,latest_evaluation,2003-04-30,152,3,73.0,9,9.211480158730161,10,9.705463492063494,9,9.163209523809522
5,sj,2006,13,2006-04-02,latest_evaluation,2003-04-30,153,3,73.0,9,9.390373015873022,9,9.433171428571432,9,9.383110317460305
5,sj,2006,14,2006-04-09,latest_evaluation,2003-04-30,154,1,73.0,9,8.984329365079363,9,9.143117460317459,9,9.257322222222228
5,sj,2006,15,2006-04-16,latest_evaluation,2003-04-30,155,3,73.0,8,7.984779365079362,8,7.873269841269838,8,7.5903500000000035
5,sj,2006,16,2006-04-23,latest_evaluation,2003-04-30,156,3,73.0,7,6.635173809523809,7,7.1336992063492,6,6.498899206349204
5,sj,2006,17,2006-04-30,latest_evaluation,2003-04-30,157,3,73.0,6,6.418839682539679,6,6.488616666666666,6,6.3507500000000014
5,sj,2006,18,2006-05-07,latest_evaluation,2003-04-30,158,7,73.0,7,6.589052380952385,7,6.938853174603169,7,6.55180476190476
5,sj,2006,19,2006-05-14,latest_evaluation,2003-04-30,159,3,73.0,6,6.237052380952371,6,6.436986507936502,6,6.37727619047619
5,sj,2006,20,2006-05-21,latest_evaluation,2003-04-30,160,5,73.0,9,8.521303968253973,8,8.071877777777777,8,7.783862698412696
5,sj,2006,21,2006-05-28,latest_evaluation,2003-04-30,161,11,73.0,10,9.967910317460317,10,9.669257142857134,10,10.337672222222224
5,sj,2006,22,2006-06-04,latest_evaluation,2003-04-30,162,5,73.0,11,10.51425476190476,10,10.355053174603158,12,11.738246825396832
5,sj,2006,23,2006-06-11,latest_evaluation,2003-04-30,163,5,73.0,12,11.857357936507931,11,11.186863492063495,12,12.090533333333337
5,sj,2006,24,2006-06-18,latest_evaluation,2003-04-30,164,6,73.0,13,13.36060793650793,13,12.618070634920636,13,12.53819920634919
5,sj,2006,25,2006-06-25,latest_evaluation,2003-04-30,165,6,73.0,13,12.748077777777775,13,12.7914634920635,13,13.49185079365079
5,sj,2006,26,2006-07-02,latest_evaluation,2003-04-30,166,4,73.0,18,17.60004761904763,17,17.470537301587306,18,18.32543809523809
5,sj,2006,27,2006-07-09,latest_evaluation,2003-04-30,167,4,73.0,25,25.169734920634948,25,24.766653174603164,26,25.52480476190474
5,sj,2006,28,2006-07-16,latest_evaluation,2003-04-30,168,8,73.0,35,35.25602698412699,39,38.634736507936495,37,36.83757777777778
5,sj,2006,29,2006-07-23,latest_evaluation,2003-04-30,169,14,73.0,43,42.74854047619048,46,46.1629325396825,49,48.522415079365054
5,sj,2006,30,2006-07-30,latest_evaluation,2003-04-30,170,12,73.0,51,50.855164285714224,57,57.239526984127,61,60.5567095238095
5,sj,2006,31,2006-08-06,latest_evaluation,2003-04-30,171,16,73.0,46,45.68742857142856,53,52.84226984126983,55,54.863050793650785
5,sj,2006,32,2006-08-13,latest_evaluation,2003-04-30,172,10,73.0,58,57.82043492063492,66,66.00218174603174,70,69.85288015873016
5,sj,2006,33,2006-08-20,latest_evaluation,2003-04-30,173,16,73.0,63,63.08021666666667,70,70.0750365079365,70,69.85004920634925
5,sj,2006,34,2006-08-27,latest_evaluation,2003-04-30,174,18,73.0,61,61.40856349206353,66,66.08993730158733,68,68.31676746031745
5,sj,2006,35,2006-09-03,latest_evaluation,2003-04-30,175,15,73.0,58,58.056451587301595,67,67.26545873015876,65,65.18266031746032
5,sj,2006,36,2006-09-10,latest_evaluation,2003-04-30,176,23,73.0,59,59.36918095238092,64,63.606468253968266,68,68.00357698412698
5,sj,2006,37,2006-09-17,latest_evaluation,2003-04-30,177,17,73.0,55,55.225119841269816,60,59.51965238095237,55,55.214007936507954
5,sj,2006,38,2006-09-24,latest_evaluation,2003-04-30,178,33,73.0,53,53.14673968253973,57,57.00314206349206,56,56.31374523809521
5,sj,2006,39,2006-10-01,latest_evaluation,2003-04-30,179,15,73.0,49,48.92785555555557,52,52.195119047619016,53,52.75211507936509
5,sj,2006,40,2006-10-08,latest_evaluation,2003-04-30,180,13,73.0,50,49.96612301587295,53,52.554072222222246,54,53.59930714285713
5,sj,2006,41,2006-10-15,latest_evaluation,2003-04-30,181,11,73.0,49,48.51756666666664,48,48.26520476190473,50,49.57270158730161
5,sj,2006,42,2006-10-22,latest_evaluation,2003-04-30,182,14,73.0,50,50.49514365079366,51,51.07746428571426,50,50.13146746031746
5,sj,2006,43,2006-10-29,latest_evaluation,2003-04-30,183,17,73.0,50,49.67426190476187,49,49.06258095238091,49,48.61567301587304
5,sj,2006,44,2006-11-05,latest_evaluation,2003-04-30,184,19,73.0,66,66.35606825396827,60,59.55063650793648,59,59.48732936507931
5,sj,2006,45,2006-11-12,latest_evaluation,2003-04-30,185,20,73.0,62,62.168001587301596,59,58.82212142857141,60,60.48991825396824
5,sj,2006,46,2006-11-19,latest_evaluation,2003-04-30,186,12,73.0,54,54.13626666666669,54,53.76725317460316,53,52.57649603174599
5,sj,2006,47,2006-11-26,latest_evaluation,2003-04-30,187,21,73.0,43,43.18152777777781,45,44.83409761904766,42,42.12009444444447
5,sj,2006,48,2006-12-03,latest_evaluation,2003-04-30,188,7,73.0,46,45.65377539682541,47,47.35120396825397,43,43.23741587301592
5,sj,2006,49,2006-12-10,latest_evaluation,2003-04-30,189,19,73.0,29,29.47560952380955,27,27.359593650793652,31,30.654199206349194
5,sj,2006,50,2006-12-17,latest_evaluation,2003-04-30,190,10,73.0,33,33.19599206349208,35,34.86033571428573,34,33.680661904761884
5,sj,2006,51,2006-12-24,latest_evaluation,2003-04-30,191,13,73.0,35,35.373218253968254,30,29.77628412698415,36,35.62121984126981
5,sj,2007,1,2007-01-01,latest_evaluation,2003-04-30,192,10,73.0,35,35.08764206349205,28,28.438767460317464,34,34.18484206349206
5,sj,2007,2,2007-01-08,latest_evaluation,2003-04-30,193,8,73.0,24,23.893816666666666,20,20.443124603174603,24,23.92224603174602
5,sj,2007,3,2007-01-15,latest_evaluation,2003-04-30,194,21,73.0,19,18.823357936507936,18,18.178928571428564,19,19.06317142857143
5,sj,2007,4,2007-01-22,latest_evaluation,2003-04-30,195,11,73.0,21,21.0695626984127,20,19.94873174603175,20,20.362926190476188
5,sj,2007,5,2007-01-29,latest_evaluation,2003-04-30,196,9,73.0,21,20.87994841269841,18,18.459910317460317,20,20.18838809523811
5,sj,2007,6,2007-02-05,latest_evaluation,2003-04-30,197,14,73.0,17,16.864566666666654,16,16.191223015873007,17,17.08889285714286
5,sj,2007,7,2007-02-12,latest_evaluation,2003-04-30,198,14,73.0,15,15.296324603174606,15,15.419276190476198,16,15.620416666666664
5,sj,2007,8,2007-02-19,latest_evaluation,2003-04-30,199,15,73.0,14,13.672101587301592,14,13.98371904761905,14,14.171371428571424
5,sj,2007,9,2007-02-26,latest_evaluation,2003-04-30,200,18,73.0,13,12.543950793650788,13,12.879558730158726,13,12.757507936507931
5,sj,2007,10,2007-03-05,latest_evaluation,2003-04-30,201,16,73.0,11,10.761331746031736,10,10.453386507936496,11,10.835861111111114
5,sj,2007,11,2007-03-12,latest_evaluation,2003-04-30,202,12,73.0,10,10.004359523809521,10,10.134417460317456,10,9.924073015873017
5,sj,2007,12,2007-03-19,latest_evaluation,2003-04-30,203,20,73.0,9,8.65325873015873,9,8.889598412698414,9,9.30369682539682
5,sj,2007,13,2007-03-26,latest_evaluation,2003-04-30,204,8,73.0,9,9.162770634920639,9,8.940784126984125,9,9.274398412698408
5,sj,2007,14,2007-04-02,latest_evaluation,2003-04-30,205,3,73.0,8,8.349983333333341,9,8.697962698412697,9,9.162213492063485
5,sj,2007,15,2007-04-09,latest_evaluation,2003-04-30,206,13,73.0,11,10.999002380952374,11,11.468687301587298,12,11.680026190476205
5,sj,2007,16,2007-04-16,latest_evaluation,2003-04-30,207,4,73.0,12,11.64906746031745,11,11.12247698412699,12,11.55043571428572
5,sj,2007,17,2007-04-23,latest_evaluation,2003-04-30,208,1,73.0,12,12.247880158730148,13,12.76675158730158,13,12.529515873015875
5,sj,2007,18,2007-04-30,latest_evaluation,2003-04-30,209,10,73.0,11,10.597057142857137,10,10.104419047619054,10,10.340252380952384
5,sj,2007,19,2007-05-07,latest_evaluation,2003-04-30,210,8,73.0,11,11.046556349206343,12,12.148945238095253,12,11.655941269841275
5,sj,2007,20,2007-05-14,latest_evaluation,2003-04-30,211,13,73.0,14,13.771797619047625,14,14.316656349206346,15,15.073740476190471
5,sj,2007,21,2007-05-21,latest_evaluation,2003-04-30,212,10,73.0,16,16.251790476190475,16,15.759910317460314,17,17.261063492063485
5,sj,2007,22,2007-05-28,latest_evaluation,2003-04-30,213,21,73.0,17,16.750393650793633,15,14.552365079365085,16,16.42033492063491
5,sj,2007,23,2007-06-04,latest_evaluation,2003-04-30,214,18,73.0,17,16.75124999999999,16,15.962652380952372,18,17.896742063492056
5,sj,2007,24,2007-06-11,latest_evaluation,2003-04-30,215,21,73.0,16,15.75980079365079,17,16.536235714285702,18,18.086338095238094
5,sj,2007,25,2007-06-18,latest_evaluation,2003-04-30,216,34,73.0,18,18.491969841269835,20,20.417253174603182,20,20.117669841269848
5,sj,2007,26,2007-06-25,latest_evaluation,2003-04-30,217,25,73.0,21,20.89788095238096,21,21.042060317460326,21,20.793164285714294
5,sj,2007,27,2007-07-02,latest_evaluation,2003-04-30,218,34,73.0,32,32.25918412698413,37,36.55942539682535,35,35.43056111111108
5,sj,2007,28,2007-07-09,latest_evaluation,2003-04-30,219,33,73.0,53,52.96895793650798,59,59.39340793650794,52,52.472807142857164
5,sj,2007,29,2007-07-16,latest_evaluation,2003-04-30,220,40,73.0,64,63.59266190476194,68,67.62544761904768,61,60.6581119047619
5,sj,2007,30,2007-07-23,latest_evaluation,2003-04-30,221,42,73.0,64,63.67811190476187,60,60.33009523809523,64,63.83672380952376
5,sj,2007,31,2007-07-30,latest_evaluation,2003-04-30,222,36,73.0,90,89.59049761904762,83,82.73303095238091,91,91.32912777777767
5,sj,2007,32,2007-08-06,latest_evaluation,2003-04-30,223,72,73.0,105,104.58035079365081,96,96.04700793650785,98,97.97646746031741
5,sj,2007,33,2007-08-13,latest_evaluation,2003-04-30,224,75,73.0,86,85.7807055555555,82,81.64581507936497,87,87.25606666666665
5,sj,2007,34,2007-08-20,latest_evaluation,2003-04-30,225,76,73.0,62,61.631752380952484,63,62.75387777777777,67,67.271453968254
5,sj,2007,35,2007-08-27,latest_evaluation,2003-04-30,226,92,73.0,88,87.54813095238096,87,86.68616031746028,93,92.66073253968253
5,sj,2007,36,2007-09-03,latest_evaluation,2003-04-30,227,71,73.0,95,95.32540000000003,95,94.63312936507934,98,97.87942063492069
5,sj,2007,37,2007-09-10,latest_evaluation,2003-04-30,228,112,73.0,93,92.58726984126989,91,91.28328333333332,96,96.47992539682535
5,sj,2007,38,2007-09-17,latest_evaluation,2003-04-30,229,106,73.0,103,103.01669603174611,98,97.65119285714283,102,101.7875039682539
5,sj,2007,39,2007-09-24,latest_evaluation,2003-04-30,230,101,73.0,101,100.78620396825396,93,93.41176825396819,101,100.6032753968254
5,sj,2007,40,2007-10-01,latest_evaluation,2003-04-30,231,170,73.0,95,94.88889523809524,95,94.50603888888888,99,99.46010555555559
5,sj,2007,41,2007-10-08,latest_evaluation,2003-04-30,232,135,73.0,85,85.18351031746035,78,77.91052698412695,85,84.53725476190475
5,sj,2007,42,2007-10-15,latest_evaluation,2003-04-30,233,106,73.0,89,89.17422539682548,84,84.21943809523802,91,90.7108682539683
5,sj,2007,43,2007-10-22,latest_evaluation,2003-04-30,234,68,73.0,90,90.33293333333339,86,86.29213095238089,88,88.32786507936504
5,sj,2007,44,2007-10-29,latest_evaluation,2003-04-30,235,48,73.0,86,85.86351904761906,79,78.89229444444443,83,83.17327936507921
5,sj,2007,45,2007-11-05,latest_evaluation,2003-04-30,236,48,73.0,67,66.64134365079362,60,60.269466666666666,62,62.362673015873
5,sj,2007,46,2007-11-12,latest_evaluation,2003-04-30,237,26,73.0,63,62.55884523809527,59,59.051814285714286,60,59.66869365079367
5,sj,2007,47,2007-11-19,latest_evaluation,2003-04-30,238,33,73.0,51,51.18519920634918,52,51.95586904761908,52,52.24520396825398
5,sj,2007,48,2007-11-26,latest_evaluation,2003-04-30,239,29,73.0,47,47.04477619047617,48,47.63771428571428,46,46.12099920634924
5,sj,2007,49,2007-12-03,latest_evaluation,2003-04-30,240,17,73.0,42,41.794474603174606,42,42.09779365079363,39,39.442814285714284
5,sj,2007,50,2007-12-10,latest_evaluation,2003-04-30,241,12,73.0,41,40.84876904761903,38,38.32522619047621,40,39.54663968253969
5,sj,2007,51,2007-12-17,latest_evaluation,2003-04-30,242,13,73.0,36,35.731939682539675,34,33.70214682539683,36,35.76197460317459
5,sj,2007,52,2007-12-24,latest_evaluation,2003-04-30,243,17,73.0,28,27.823401587301582,27,26.954269841269834,28,28.38525555555553
5,sj,2008,1,2008-01-01,latest_evaluation,2003-04-30,244,15,73.0,24,23.60346984126984,24,24.031657142857135,23,23.291586507936504
5,sj,2008,2,2008-01-08,latest_evaluation,2003-04-30,245,14,73.0,23,23.181445238095247,22,22.454553968253972,21,20.96144920634921
5,sj,2008,3,2008-01-15,latest_evaluation,2003-04-30,246,15,73.0,22,21.819436507936516,21,21.108930158730157,21,20.855362698412712
5,sj,2008,4,2008-01-22,latest_evaluation,2003-04-30,247,10,73.0,18,17.653075396825397,18,18.46690238095238,18,18.27704126984127
5,sj,2008,5,2008-01-29,latest_evaluation,2003-04-30,248,9,73.0,18,18.180809523809526,19,18.547536507936513,19,18.82829603174605
5,sj,2008,6,2008-02-05,latest_evaluation,2003-04-30,249,2,73.0,16,15.935230952380955,17,16.741417460317457,17,16.536438888888885
5,sj,2008,7,2008-02-12,latest_evaluation,2003-04-30,250,6,73.0,14,14.2426857142857,15,15.107264285714281,15,15.128771428571431
5,sj,2008,8,2008-02-19,latest_evaluation,2003-04-30,251,8,73.0,13,13.071014285714273,13,13.002969047619045,13,13.329396825396831
5,sj,2008,9,2008-02-26,latest_evaluation,2003-04-30,252,5,73.0,12,12.470214285714274,13,13.05393095238096,13,13.238841269841265
5,sj,2008,10,2008-03-04,latest_evaluation,2003-04-30,253,1,73.0,11,11.134655555555549,11,11.227458730158743,12,11.728642063492062
5,sj,2008,11,2008-03-11,latest_evaluation,2003-04-30,254,2,73.0,10,10.18861904761905,10,10.337377777777784,10,10.147113492063488
5,sj,2008,12,2008-03-18,latest_evaluation,2003-04-30,255,3,73.0,10,9.634652380952392,10,9.613146031746028,9,9.460338888888888
5,sj,2008,13,2008-03-25,latest_evaluation,2003-04-30,256,4,73.0,9,8.795970634920643,9,9.104912698412699,9,9.071791269841274
5,sj,2008,14,2008-04-01,latest_evaluation,2003-04-30,257,3,73.0,8,8.11595555555556,8,8.145619047619041,8,8.05499523809524
5,sj,2008,15,2008-04-08,latest_evaluation,2003-04-30,258,1,73.0,8,7.895207142857147,8,7.8845404761904705,8,8.130788095238092
5,sj,2008,16,2008-04-15,latest_evaluation,2003-04-30,259,3,73.0,8,7.862592857142857,8,7.6168928571428545,8,7.794107936507938
5,sj,2008,17,2008-04-22,latest_evaluation,2003-04-30,260,5,73.0,6,6.419686507936509,6,6.141231746031738,7,6.66859841269841
